seed,method,completed_task_num,total_path_length,total_inspection_time,high_priority_avg_response_time,priority_weighted_completion_time,high_priority_top5_rate,abnormal_task_ids,abnormal_priority_rate,abnormal_avg_response_time,replanning_count,algorithm_runtime_ms,task_sequence
0,AStarOnly,20,196.0,426.66666666666663,278.88888888888886,208.53083125537935,0.0,"P9,P14,P15,P8",50.0,107.50000000000001,0,38.12177001964301,P3->P12->P18->P11->P8->P14->P7->P17->P9->P20->P2->P13->P10->P4->P15->P1->P19->P16->P5->P6
0,Proposed-Balanced,20,248.0,513.3333333333334,92.77777777777779,226.57915918668098,60.0,"P11,P15,P16,P10",25.0,202.5,1,35.138537001330405,P3->P6->P9->P17->P4->P15->P19->P16->P20->P13->P2->P7->P14->P11->P8->P5->P18->P12->P10->P1
0,RH-v2-Full,20,241.0,501.6666666666667,137.7777777777778,221.6671372432411,40.0,"P9,P13,P14,P8",50.0,70.0,1,718.2012620032765,P15->P4->P17->P9->P20->P13->P7->P14->P8->P11->P6->P3->P12->P1->P19->P16->P2->P10->P5->P18
0,RH-v2-Light,20,272.0,553.3333333333334,136.11111111111111,271.22630447174976,40.0,"P10,P14,P15,P8",50.0,85.83333333333331,1,364.2343510291539,P4->P9->P17->P10->P15->P1->P7->P14->P8->P11->P6->P20->P13->P2->P5->P18->P12->P3->P19->P16
0,DRF-RH-Full,20,208.0,446.6666666666667,139.44444444444446,211.78372062326974,40.0,"P9,P13,P14,P8",50.0,73.75,1,97.80946100363508,P15->P4->P17->P9->P20->P2->P13->P7->P14->P8->P11->P6->P5->P18->P12->P3->P1->P10->P19->P16
0,DRF-RH-Light,20,240.0,500.00000000000006,157.22222222222226,237.75554782938278,40.0,"P10,P14,P15,P8",50.0,117.50000000000003,1,70.90005400823429,P4->P9->P17->P10->P15->P1->P19->P20->P2->P13->P7->P14->P8->P11->P6->P18->P5->P12->P3->P16
0,Priority-Greedy,20,334.0,656.6666666666665,113.33333333333333,273.117125779692,40.0,"P11,P15,P16,P10",50.0,208.33333333333326,1,34.25823600264266,P4->P9->P7->P17->P15->P6->P11->P5->P20->P13->P1->P19->P16->P10->P12->P3->P8->P14->P18->P2
0,Deadline-Greedy,20,302.0,603.3333333333334,152.7777777777778,259.8522460962712,40.0,"P10,P14,P15,P8",25.0,192.0833333333334,1,34.927045984659344,P4->P9->P17->P7->P15->P1->P20->P13->P14->P8->P6->P5->P10->P12->P3->P11->P18->P19->P16->P2
1,AStarOnly,20,152.0,353.33333333333337,130.0,171.28220643360677,40.0,"P11,P17,P13,P14",25.0,157.08333333333331,0,35.8413839712739,P15->P16->P2->P13->P1->P6->P20->P3->P17->P10->P4->P12->P7->P11->P5->P8->P14->P9->P19->P18
1,Proposed-Balanced,20,308.0,613.3333333333333,178.33333333333331,263.2348717987113,40.0,"P12,P16,P14,P15",50.0,184.58333333333331,1,36.04829200776294,P1->P6->P20->P17->P12->P14->P9->P4->P7->P11->P16->P13->P15->P2->P5->P19->P18->P8->P10->P3
1,RH-v2-Full,20,243.0,505.0,150.83333333333334,206.8027584576442,60.0,"P12,P17,P14,P15",50.0,130.83333333333331,1,721.443158981856,P16->P1->P6->P17->P4->P12->P7->P11->P5->P9->P14->P18->P19->P15->P2->P13->P3->P20->P10->P8
1,RH-v2-Light,20,241.0,501.66666666666663,150.0,204.38687074669667,60.0,"P12,P17,P14,P15",50.0,132.91666666666663,1,333.5560970008373,P16->P1->P6->P17->P4->P12->P7->P11->P5->P19->P18->P14->P9->P15->P2->P13->P3->P20->P10->P8
1,DRF-RH-Full,20,247.0,511.6666666666667,145.83333333333334,187.77666814495097,40.0,"P12,P17,P14,P15",50.0,144.16666666666663,1,96.5910330414772,P16->P1->P6->P20->P17->P4->P12->P7->P11->P19->P18->P14->P9->P5->P2->P13->P15->P3->P10->P8
1,DRF-RH-Light,20,253.0,521.6666666666666,148.33333333333334,191.2324408798288,40.0,"P12,P17,P14,P15",50.0,143.75,1,66.84617704013363,P16->P1->P6->P20->P17->P4->P12->P7->P11->P19->P14->P9->P18->P5->P2->P13->P15->P3->P10->P8
1,Priority-Greedy,20,313.0,621.6666666666667,155.41666666666666,279.61447894935407,60.0,"P12,P16,P14,P15",100.0,80.00000000000003,1,36.23889101436362,P1->P17->P4->P12->P14->P16->P15->P7->P11->P19->P18->P13->P6->P20->P3->P2->P5->P9->P8->P10
1,Deadline-Greedy,20,313.0,621.6666666666667,155.41666666666666,279.61447894935407,60.0,"P12,P16,P14,P15",100.0,80.00000000000003,1,37.023712997324765,P1->P17->P4->P12->P14->P16->P15->P7->P11->P19->P18->P13->P6->P20->P3->P2->P5->P9->P8->P10
2,AStarOnly,20,148.0,346.6666666666667,142.83333333333331,149.18086604443027,80.0,"P9,P2,P1,P14",25.0,126.25,0,31.589147984050214,P16->P20->P13->P5->P7->P3->P1->P2->P12->P10->P15->P8->P14->P18->P17->P4->P9->P6->P19->P11
2,Proposed-Balanced,20,228.0,480.0,186.33333333333331,190.51087701119204,60.0,"P12,P2,P1,P16",75.0,113.33333333333333,1,31.784687947947532,P5->P7->P3->P1->P2->P10->P12->P15->P14->P18->P4->P17->P6->P20->P11->P13->P16->P9->P19->P8
2,RH-v2-Full,20,182.0,403.33333333333326,133.83333333333331,155.53903729650767,80.0,"P10,P2,P1,P15",75.0,76.25,1,617.0217850012705,P20->P13->P5->P7->P1->P2->P10->P15->P8->P14->P18->P17->P4->P6->P19->P9->P12->P11->P3->P16
2,RH-v2-Light,20,210.0,449.99999999999994,132.16666666666666,154.01862992543946,80.0,"P10,P2,P1,P15",75.0,76.25,1,297.86872502882034,P20->P13->P5->P7->P1->P2->P10->P15->P8->P14->P17->P4->P18->P6->P9->P3->P11->P12->P19->P16
2,DRF-RH-Full,20,191.0,418.33333333333326,131.33333333333331,154.49349699773487,80.0,"P10,P2,P1,P15",75.0,76.25,1,84.55717301694676,P20->P13->P5->P7->P1->P2->P10->P15->P8->P14->P18->P17->P4->P6->P9->P12->P11->P3->P16->P19
2,DRF-RH-Light,20,172.0,386.6666666666667,135.16666666666669,162.49775952168108,100.0,"P10,P2,P1,P15",25.0,114.16666666666666,1,54.9339450080879,P20->P13->P5->P7->P14->P8->P15->P10->P2->P12->P1->P11->P3->P17->P4->P18->P6->P9->P19->P16
2,Priority-Greedy,20,304.0,606.6666666666667,168.33333333333334,228.49482627130104,100.0,"P11,P2,P1,P15",100.0,93.33333333333334,1,31.76576498663053,P5->P20->P7->P11->P15->P1->P2->P14->P4->P18->P6->P13->P3->P10->P8->P17->P9->P19->P16->P12
2,Deadline-Greedy,20,274.0,556.6666666666667,157.66666666666669,209.13974927724814,100.0,"P11,P2,P1,P15",100.0,93.33333333333336,1,32.40460000233725,P20->P5->P7->P11->P15->P1->P2->P14->P4->P17->P18->P6->P13->P3->P10->P8->P12->P9->P19->P16
3,AStarOnly,19,130.0,311.6666666666667,179.44444444444446,167.67391146664556,20.0,"P8,P16,P5,P12",50.0,97.91666666666666,0,44.667196983937174,P10->P6->P7->P1->P14->P16->P8->P9->P3->P12->P19->P18->P17->P13->P4->P15->P2->P20->P5
3,Proposed-Balanced,19,189.0,410.0,125.0,159.36214425006716,40.0,"P6,P15,P5,P11",25.0,193.75,1,45.925473037641495,P10->P9->P16->P14->P8->P1->P15->P2->P5->P20->P12->P19->P18->P17->P13->P3->P7->P6->P4
3,RH-v2-Full,19,184.0,401.6666666666667,135.27777777777777,171.6631837685943,80.0,"P7,P15,P6,P11",75.0,117.08333333333333,1,910.4064360144548,P9->P16->P1->P15->P7->P6->P14->P8->P3->P12->P19->P17->P13->P18->P2->P20->P5->P4->P10
3,RH-v2-Light,19,184.0,401.6666666666667,136.38888888888889,175.3827101099751,80.0,"P7,P15,P6,P11",75.0,119.58333333333333,1,426.1716459877789,P9->P16->P1->P15->P14->P7->P6->P8->P3->P12->P18->P17->P13->P5->P2->P20->P19->P4->P10
3,DRF-RH-Full,19,186.0,404.99999999999994,136.66666666666666,171.87943002408676,80.0,"P7,P15,P6,P11",25.0,142.49999999999997,1,97.42129198275506,P9->P16->P1->P14->P15->P8->P12->P3->P7->P6->P2->P20->P5->P17->P13->P18->P19->P4->P10
3,DRF-RH-Light,19,202.0,431.6666666666667,115.83333333333333,165.7605012012772,80.0,"P7,P15,P6,P11",25.0,220.83333333333331,1,72.513552964665,P9->P16->P1->P14->P15->P8->P12->P3->P18->P17->P13->P2->P20->P5->P7->P6->P19->P4->P10
3,Priority-Greedy,19,270.0,545.0,121.66666666666664,204.53041953276102,80.0,"P7,P15,P6,P11",50.0,205.83333333333334,1,45.59228400466964,P9->P1->P16->P15->P7->P12->P2->P13->P17->P5->P8->P14->P6->P3->P19->P18->P20->P4->P10
3,Deadline-Greedy,19,236.0,488.3333333333333,132.2222222222222,188.8933246363356,80.0,"P7,P15,P6,P11",75.0,136.25,1,46.0535769816488,P9->P1->P16->P15->P7->P6->P12->P3->P8->P2->P13->P17->P18->P19->P14->P5->P20->P4->P10
4,AStarOnly,20,180.0,400.00000000000006,216.6666666666667,199.48933476951882,0.0,"P13,P11,P6,P12",25.0,172.08333333333337,0,33.41212501982227,P20->P10->P9->P2->P13->P15->P18->P19->P16->P6->P5->P3->P8->P12->P7->P1->P4->P11->P17->P14
4,Proposed-Balanced,20,299.0,598.3333333333334,196.66666666666669,295.4467512980284,0.0,"P13,P10,P6,P12",50.0,205.83333333333334,1,36.23419802170247,P20->P11->P9->P12->P6->P3->P5->P16->P8->P14->P19->P17->P10->P1->P7->P13->P15->P18->P2->P4
4,RH-v2-Full,20,227.0,478.33333333333337,123.33333333333331,209.8600155741505,0.0,"P13,P11,P6,P12",50.0,133.33333333333331,1,732.2545070201159,P20->P10->P9->P11->P17->P3->P6->P5->P16->P8->P12->P7->P1->P13->P15->P2->P18->P19->P14->P4
4,RH-v2-Light,20,266.0,543.3333333333334,85.0,222.5016199650202,20.0,"P13,P11,P7,P12",25.0,156.25,1,354.73521501990035,P20->P9->P3->P6->P16->P19->P11->P17->P1->P7->P12->P8->P5->P13->P15->P2->P10->P4->P14->P18
4,DRF-RH-Full,20,247.0,511.66666666666674,110.0,219.62747386403967,20.0,"P13,P10,P6,P12",25.0,147.5,1,92.18168503139168,P20->P9->P11->P3->P5->P6->P16->P8->P12->P7->P1->P10->P13->P15->P18->P17->P19->P14->P4->P2
4,DRF-RH-Light,20,250.0,516.6666666666667,85.0,228.32559296168043,20.0,"P13,P11,P7,P12",25.0,148.75000000000003,1,66.42923300387338,P20->P9->P3->P5->P6->P16->P11->P17->P1->P7->P12->P8->P15->P13->P2->P10->P4->P14->P19->P18
4,Priority-Greedy,20,312.0,619.9999999999999,193.33333333333334,251.94962744741528,0.0,"P12,P9,P6,P10",75.0,130.41666666666666,1,35.24426597869024,P20->P11->P17->P9->P12->P3->P6->P5->P16->P19->P15->P10->P1->P7->P8->P4->P13->P18->P2->P14
4,Deadline-Greedy,20,300.0,600.0,198.33333333333334,241.42413475959506,0.0,"P12,P9,P6,P10",75.0,79.16666666666667,1,33.91804499551654,P20->P11->P17->P9->P10->P12->P3->P6->P5->P16->P19->P15->P13->P18->P1->P7->P8->P4->P2->P14
5,AStarOnly,20,207.0,445.0000000000001,194.72222222222226,210.95418778831691,40.0,"P7,P20,P1,P4",75.0,119.58333333333336,0,33.73616200406104,P16->P13->P8->P1->P4->P7->P11->P17->P5->P9->P6->P10->P18->P3->P12->P15->P14->P2->P19->P20
5,Proposed-Balanced,20,289.0,581.6666666666667,135.00000000000003,232.0898492011354,80.0,"P8,P20,P1,P4",75.0,162.08333333333334,1,35.09443497750908,P14->P6->P10->P1->P8->P4->P7->P19->P9->P5->P18->P2->P15->P12->P16->P13->P17->P11->P20->P3
5,RH-v2-Full,20,255.0,525.0,111.11111111111113,197.62382083438467,80.0,"P8,P20,P1,P4",50.0,152.08333333333334,1,764.1867080237716,P14->P9->P6->P19->P1->P4->P7->P8->P5->P10->P18->P12->P15->P2->P16->P13->P17->P11->P20->P3
5,RH-v2-Light,20,263.0,538.3333333333333,105.27777777777777,205.6798279919902,80.0,"P8,P20,P1,P4",75.0,146.66666666666669,1,352.23682201467454,P14->P9->P6->P1->P4->P7->P8->P19->P5->P10->P18->P12->P15->P2->P16->P13->P17->P11->P20->P3
5,DRF-RH-Full,20,255.0,525.0,111.11111111111113,197.62382083438467,80.0,"P8,P20,P1,P4",50.0,152.08333333333334,1,93.87106401845813,P14->P9->P6->P19->P1->P4->P7->P8->P5->P10->P18->P12->P15->P2->P16->P13->P17->P11->P20->P3
5,DRF-RH-Light,20,263.0,538.3333333333333,105.27777777777777,205.6798279919902,80.0,"P8,P20,P1,P4",75.0,146.66666666666669,1,71.39525498496369,P14->P9->P6->P1->P4->P7->P8->P19->P5->P10->P18->P12->P15->P2->P16->P13->P17->P11->P20->P3
5,Priority-Greedy,20,359.0,698.3333333333335,143.61111111111111,261.8423697074215,80.0,"P9,P20,P1,P4",75.0,151.66666666666669,1,34.84265401493758,P14->P6->P7->P4->P9->P1->P19->P8->P17->P16->P18->P10->P5->P12->P15->P11->P20->P13->P2->P3
5,Deadline-Greedy,20,315.0,625.0,111.66666666666667,223.9153494667263,80.0,"P8,P20,P1,P4",75.0,154.16666666666666,1,35.34076100913808,P14->P6->P9->P4->P7->P1->P8->P19->P10->P18->P12->P16->P17->P11->P5->P20->P13->P15->P2->P3
6,AStarOnly,20,162.0,369.99999999999994,193.66666666666666,214.07655380590572,40.0,"P6,P5,P2,P13",75.0,118.33333333333333,0,37.269108986947685,P17->P19->P10->P15->P5->P2->P6->P3->P8->P1->P11->P7->P18->P13->P20->P4->P12->P16->P14->P9
6,Proposed-Balanced,20,233.0,488.33333333333337,177.66666666666669,184.34657472723458,40.0,"P7,P6,P2,P14",25.0,153.75,1,35.40474298642948,P10->P17->P5->P2->P20->P13->P18->P7->P12->P16->P14->P4->P9->P15->P6->P3->P8->P11->P1->P19
6,RH-v2-Full,20,209.0,448.33333333333337,107.0,156.23926959438472,40.0,"P7,P6,P2,P14",50.0,127.91666666666669,1,662.2115439968184,P10->P17->P5->P2->P6->P3->P18->P12->P16->P14->P9->P4->P20->P13->P15->P11->P8->P1->P7->P19
6,RH-v2-Light,20,217.0,461.66666666666674,107.0,161.31605044547834,40.0,"P7,P6,P2,P14",50.0,126.6666666666667,1,319.7674539987929,P10->P17->P5->P2->P6->P3->P18->P12->P16->P14->P9->P20->P13->P15->P11->P8->P1->P7->P4->P19
6,DRF-RH-Full,20,209.0,448.33333333333337,107.0,156.23926959438472,40.0,"P7,P6,P2,P14",50.0,127.91666666666669,1,96.31659596925601,P10->P17->P5->P2->P6->P3->P18->P12->P16->P14->P9->P4->P20->P13->P15->P11->P8->P1->P7->P19
6,DRF-RH-Light,20,217.0,461.66666666666674,107.0,161.31605044547834,40.0,"P7,P6,P2,P14",50.0,126.6666666666667,1,68.69473896222189,P10->P17->P5->P2->P6->P3->P18->P12->P16->P14->P9->P20->P13->P15->P11->P8->P1->P7->P4->P19
6,Priority-Greedy,20,342.0,670.0000000000001,150.66666666666669,226.4222473269449,80.0,"P7,P6,P2,P14",25.0,297.50000000000006,1,37.83166501671076,P5->P10->P18->P12->P16->P20->P2->P3->P13->P17->P15->P6->P8->P11->P7->P9->P14->P4->P19->P1
6,Deadline-Greedy,20,302.0,603.3333333333335,154.00000000000003,213.7566863861759,60.0,"P7,P6,P2,P14",25.0,301.25000000000006,1,36.76578699378297,P5->P10->P20->P18->P12->P16->P2->P3->P6->P8->P11->P13->P17->P15->P19->P4->P14->P9->P7->P1
7,AStarOnly,20,188.0,413.33333333333337,187.91666666666666,178.74193177674218,20.0,"P6,P15,P13,P16",50.0,105.41666666666666,0,30.765580013394356,P12->P5->P10->P4->P15->P13->P7->P2->P16->P14->P11->P19->P20->P6->P18->P17->P8->P1->P3->P9
7,Proposed-Balanced,20,301.0,601.6666666666667,151.24999999999997,231.52393640102957,60.0,"P5,P14,P11,P15",75.0,102.91666666666669,1,30.734807951375842,P12->P20->P6->P11->P14->P16->P15->P13->P7->P5->P1->P10->P4->P2->P3->P8->P18->P19->P9->P17
7,RH-v2-Full,20,212.0,453.33333333333326,90.41666666666666,175.36651473458733,40.0,"P6,P14,P11,P16",75.0,90.83333333333334,1,653.6990040331148,P12->P3->P15->P13->P16->P14->P11->P20->P6->P4->P10->P5->P1->P18->P17->P8->P2->P7->P19->P9
7,RH-v2-Light,20,206.0,443.3333333333333,90.41666666666666,173.49128262954653,40.0,"P6,P14,P11,P16",75.0,90.83333333333334,1,296.8212250270881,P12->P3->P15->P13->P16->P14->P11->P20->P6->P5->P10->P1->P18->P17->P8->P4->P7->P2->P19->P9
7,DRF-RH-Full,20,233.0,488.33333333333337,100.83333333333334,183.20824809712713,40.0,"P6,P14,P11,P16",50.0,91.25,1,88.00843503559008,P12->P3->P15->P13->P2->P16->P14->P11->P6->P20->P18->P1->P5->P10->P4->P8->P17->P19->P9->P7
7,DRF-RH-Light,20,210.0,450.00000000000006,94.58333333333334,177.41212399392668,40.0,"P6,P14,P11,P16",50.0,99.16666666666669,1,61.9670560117811,P12->P3->P15->P13->P2->P16->P14->P11->P20->P6->P5->P10->P4->P8->P18->P17->P1->P7->P19->P9
7,Priority-Greedy,20,323.0,638.3333333333334,84.16666666666669,221.46962679709316,80.0,"P5,P14,P10,P15",75.0,102.08333333333334,1,31.835391011554748,P12->P20->P11->P15->P3->P5->P10->P13->P14->P16->P6->P4->P1->P18->P9->P2->P7->P19->P8->P17
7,Deadline-Greedy,20,262.0,536.6666666666666,98.75000000000001,217.50005088603942,60.0,"P5,P14,P10,P15",75.0,124.58333333333333,1,31.808272004127502,P12->P20->P11->P15->P13->P5->P10->P3->P6->P4->P14->P16->P2->P7->P1->P18->P8->P17->P19->P9
8,AStarOnly,20,174.0,390.00000000000006,49.16666666666667,201.82130492764543,40.0,"P1,P8,P14,P7",0.0,299.58333333333337,0,32.98861801158637,P6->P4->P15->P5->P19->P3->P13->P20->P9->P16->P2->P11->P8->P18->P17->P1->P10->P12->P7->P14
8,Proposed-Balanced,20,256.0,526.6666666666666,288.3333333333333,233.8565926427822,0.0,"P1,P6,P13,P5",50.0,112.5,1,35.13688000384718,P18->P17->P8->P6->P5->P19->P11->P13->P20->P9->P16->P10->P12->P1->P7->P14->P3->P4->P15->P2
8,RH-v2-Full,20,222.0,470.0,129.16666666666669,195.57448435726855,20.0,"P1,P9,P15,P7",25.0,198.75,1,718.6110760085285,P6->P4->P8->P18->P10->P7->P12->P9->P20->P13->P19->P5->P15->P11->P16->P2->P3->P17->P1->P14
8,RH-v2-Light,20,242.0,503.3333333333333,39.16666666666667,193.00602024732183,40.0,"P1,P8,P14,P7",25.0,172.91666666666666,1,328.9880150114186,P6->P4->P19->P8->P18->P10->P12->P7->P14->P9->P16->P20->P13->P3->P11->P15->P5->P17->P1->P2
8,DRF-RH-Full,20,198.0,430.0,39.16666666666667,177.78330603631872,40.0,"P1,P8,P14,P7",50.0,106.25000000000001,1,93.56837096856907,P6->P4->P19->P8->P18->P17->P1->P10->P12->P7->P14->P9->P16->P20->P13->P3->P2->P11->P5->P15
8,DRF-RH-Light,20,244.0,506.66666666666663,39.16666666666667,194.41762280414162,40.0,"P1,P8,P14,P7",25.0,168.33333333333334,1,66.04608299676329,P6->P4->P19->P8->P18->P10->P12->P7->P14->P9->P16->P20->P13->P11->P15->P5->P17->P1->P3->P2
8,Priority-Greedy,20,280.0,566.6666666666667,78.33333333333334,223.63990003940037,40.0,"P1,P7,P14,P6",50.0,125.83333333333334,1,35.30091303400695,P19->P11->P4->P6->P18->P10->P7->P12->P8->P17->P1->P14->P9->P16->P13->P20->P3->P5->P15->P2
8,Deadline-Greedy,20,276.0,560.0,78.33333333333334,224.12857536844513,40.0,"P1,P7,P14,P6",25.0,130.41666666666669,1,35.53420299431309,P19->P11->P4->P6->P18->P8->P10->P7->P12->P17->P1->P14->P9->P16->P13->P20->P3->P5->P15->P2
9,AStarOnly,20,153.0,355.00000000000006,185.55555555555554,165.88956889160423,20.0,"P13,P9,P14,P11",25.0,117.91666666666669,0,30.975089001003653,P4->P15->P10->P9->P5->P6->P8->P20->P3->P11->P14->P19->P1->P12->P2->P13->P7->P18->P16->P17
9,Proposed-Balanced,20,251.0,518.3333333333335,361.66666666666674,256.8061139907601,0.0,"P13,P10,P14,P11",50.0,92.91666666666669,1,32.23890601657331,P15->P9->P5->P10->P13->P2->P1->P14->P12->P11->P17->P20->P3->P8->P16->P18->P7->P19->P4->P6
9,RH-v2-Full,20,198.0,430.00000000000006,187.7777777777778,172.08136398410085,40.0,"P13,P10,P14,P11",50.0,104.16666666666666,1,609.6087740152143,P4->P15->P1->P14->P12->P2->P13->P10->P9->P6->P5->P20->P17->P3->P11->P19->P7->P18->P16->P8
9,RH-v2-Light,20,205.0,441.6666666666667,186.94444444444446,186.94064203718122,40.0,"P13,P10,P14,P11",50.0,104.58333333333333,1,300.2695390023291,P4->P15->P1->P14->P12->P13->P2->P10->P9->P6->P20->P3->P17->P16->P11->P19->P7->P18->P8->P5
9,DRF-RH-Full,20,185.0,408.3333333333333,190.0,177.73627422725139,20.0,"P13,P10,P14,P11",25.0,95.41666666666667,1,85.27344994945452,P4->P15->P1->P14->P19->P12->P2->P13->P10->P9->P6->P20->P3->P11->P7->P18->P17->P16->P8->P5
9,DRF-RH-Light,20,187.0,411.66666666666674,183.61111111111111,176.1097580722574,20.0,"P13,P10,P14,P11",25.0,119.58333333333334,1,57.71336395991966,P4->P15->P1->P14->P19->P12->P2->P13->P10->P9->P6->P20->P3->P17->P16->P18->P7->P11->P8->P5
9,Priority-Greedy,20,330.0,649.9999999999999,260.8333333333333,305.02452834736357,60.0,"P12,P9,P13,P10",75.0,141.66666666666666,1,31.807101040612906,P15->P4->P17->P12->P13->P9->P1->P7->P14->P6->P5->P10->P2->P20->P3->P18->P16->P8->P11->P19
9,Deadline-Greedy,20,272.0,553.3333333333334,227.5,229.1973965843807,20.0,"P13,P9,P14,P10",75.0,65.0,1,32.253489014692605,P15->P1->P12->P13->P9->P10->P4->P14->P17->P20->P6->P5->P7->P19->P2->P11->P3->P16->P18->P8
10,AStarOnly,19,121.0,296.66666666666674,220.00000000000006,178.4921620447438,0.0,"P12,P1,P8,P4",0.0,159.16666666666669,0,51.890861010178924,P10->P9->P17->P5->P13->P3->P18->P12->P8->P7->P11->P4->P14->P16->P19->P15->P20->P1->P2
10,Proposed-Balanced,19,204.0,434.99999999999994,122.6666666666667,167.86468513935768,60.0,"P13,P1,P9,P4",25.0,146.24999999999997,1,51.64495704229921,P10->P8->P11->P7->P4->P16->P19->P20->P14->P2->P1->P15->P13->P9->P17->P5->P3->P18->P12
10,RH-v2-Full,19,213.0,450.0,100.99999999999999,164.8225003815374,80.0,"P13,P1,P10,P4",50.0,89.16666666666667,1,998.7741840304807,P8->P7->P11->P4->P2->P1->P20->P19->P16->P13->P5->P10->P9->P17->P14->P12->P3->P18->P15
10,RH-v2-Light,19,204.0,435.0,103.0,170.48105312823068,80.0,"P13,P1,P10,P4",50.0,104.16666666666667,1,457.3703979840502,P8->P11->P7->P4->P2->P1->P20->P19->P16->P14->P3->P13->P5->P10->P9->P17->P15->P18->P12
10,DRF-RH-Full,19,203.0,433.33333333333337,100.99999999999999,167.88629876993033,80.0,"P13,P1,P10,P4",50.0,100.00000000000001,1,106.09403601847589,P8->P7->P11->P4->P2->P1->P20->P19->P16->P14->P13->P5->P10->P9->P17->P18->P3->P12->P15
10,DRF-RH-Light,19,197.0,423.3333333333333,109.33333333333333,168.8276087128784,60.0,"P13,P1,P10,P4",50.0,97.91666666666664,1,77.62065599672496,P8->P7->P11->P4->P14->P2->P1->P20->P16->P19->P13->P5->P10->P9->P17->P18->P3->P12->P15
10,Priority-Greedy,19,263.0,533.3333333333335,135.33333333333334,194.61128644713796,80.0,"P13,P1,P10,P4",25.0,128.75000000000003,1,51.47186602698639,P7->P8->P11->P4->P2->P20->P16->P13->P10->P5->P19->P1->P14->P3->P18->P12->P9->P17->P15
10,Deadline-Greedy,19,242.0,498.33333333333337,115.66666666666667,179.3053614155455,60.0,"P13,P1,P10,P4",25.0,154.16666666666669,1,52.62198898708448,P7->P8->P11->P4->P16->P20->P2->P19->P13->P10->P5->P9->P17->P14->P1->P15->P3->P18->P12
11,AStarOnly,20,142.0,336.66666666666663,98.0,157.68439698677588,60.0,"P8,P7,P10,P2",25.0,69.58333333333331,0,30.357131035998464,P14->P3->P20->P13->P5->P2->P18->P8->P10->P7->P15->P4->P1->P9->P6->P16->P19->P11->P17->P12
11,Proposed-Balanced,20,245.0,508.3333333333333,77.0,201.29450162518216,80.0,"P9,P8,P11,P4",75.0,123.33333333333334,1,30.91074898838997,P3->P13->P2->P20->P8->P4->P9->P6->P7->P10->P15->P19->P11->P18->P5->P17->P12->P16->P1->P14
11,RH-v2-Full,20,207.0,444.99999999999994,70.33333333333334,163.02771616562055,80.0,"P8,P7,P10,P2",100.0,44.166666666666664,1,602.2241599857807,P3->P20->P13->P2->P8->P10->P7->P4->P15->P9->P6->P19->P11->P18->P17->P12->P5->P14->P1->P16
11,RH-v2-Light,20,213.0,454.99999999999994,70.33333333333334,165.71815191276858,80.0,"P8,P7,P10,P2",100.0,44.166666666666664,1,278.79532100632787,P3->P20->P13->P2->P8->P10->P7->P4->P15->P9->P6->P19->P18->P17->P12->P5->P11->P16->P1->P14
11,DRF-RH-Full,20,199.0,431.66666666666663,68.66666666666666,166.54825708192953,80.0,"P8,P7,P10,P2",75.0,57.49999999999999,1,87.59302401449531,P3->P20->P13->P2->P10->P7->P4->P15->P8->P18->P6->P9->P16->P19->P11->P17->P12->P5->P1->P14
11,DRF-RH-Light,20,203.0,438.3333333333333,76.66666666666666,163.72684655551478,80.0,"P9,P8,P11,P4",25.0,113.74999999999997,1,59.30565396556631,P3->P20->P2->P13->P18->P8->P10->P7->P4->P15->P9->P6->P19->P11->P17->P12->P5->P16->P1->P14
11,Priority-Greedy,20,259.0,531.6666666666666,86.0,196.17796690237853,80.0,"P8,P7,P10,P2",75.0,77.08333333333333,1,31.05719602899626,P3->P13->P20->P2->P10->P7->P6->P9->P4->P8->P18->P19->P17->P12->P5->P11->P15->P1->P14->P16
11,Deadline-Greedy,20,249.0,515.0,86.0,191.3676327272609,80.0,"P8,P7,P10,P2",75.0,77.08333333333333,1,30.802654975559562,P3->P13->P20->P2->P10->P7->P6->P9->P4->P8->P18->P17->P19->P16->P15->P1->P14->P5->P12->P11
12,AStarOnly,20,164.0,373.33333333333337,122.40740740740742,155.8081251560957,80.0,"P4,P20,P8,P11",25.0,158.75,0,27.54808298777789,P7->P19->P3->P16->P14->P8->P18->P17->P12->P15->P6->P10->P20->P4->P11->P13->P9->P5->P2->P1
12,Proposed-Balanced,20,220.0,466.66666666666674,180.55555555555557,197.54142926923697,60.0,"P4,P20,P8,P11",50.0,172.08333333333337,1,28.79147499334067,P19->P7->P3->P16->P20->P4->P18->P12->P17->P8->P1->P6->P10->P15->P14->P9->P2->P5->P11->P13
12,RH-v2-Full,20,204.0,440.00000000000006,125.92592592592592,160.76273760325054,80.0,"P3,P20,P6,P10",50.0,88.33333333333334,1,547.9664889862761,P7->P19->P16->P3->P18->P12->P6->P10->P20->P4->P13->P9->P5->P2->P14->P8->P1->P15->P17->P11
12,RH-v2-Light,20,206.0,443.33333333333326,109.25925925925925,152.19561455552602,100.0,"P3,P20,P6,P10",50.0,126.66666666666667,1,274.8244779650122,P7->P19->P16->P18->P12->P6->P10->P20->P4->P13->P9->P5->P2->P14->P3->P1->P8->P17->P15->P11
12,DRF-RH-Full,20,198.0,430.0,88.33333333333333,139.85090864867536,100.0,"P3,P20,P6,P10",25.0,128.75,1,86.83406899217516,P7->P19->P16->P14->P18->P12->P6->P10->P20->P4->P13->P9->P5->P2->P3->P1->P15->P17->P8->P11
12,DRF-RH-Light,20,206.0,443.33333333333326,109.25925925925925,152.19561455552602,100.0,"P3,P20,P6,P10",50.0,126.66666666666667,1,56.81676400126889,P7->P19->P16->P18->P12->P6->P10->P20->P4->P13->P9->P5->P2->P14->P3->P1->P8->P17->P15->P11
12,Priority-Greedy,20,320.0,633.3333333333331,202.22222222222223,248.85529637143196,80.0,"P3,P20,P7,P10",50.0,130.83333333333331,1,29.650776996277273,P16->P18->P6->P20->P4->P7->P19->P3->P12->P10->P13->P5->P2->P14->P9->P17->P1->P15->P8->P11
12,Deadline-Greedy,20,293.0,588.3333333333334,199.25925925925924,238.84332079299355,60.0,"P3,P20,P7,P10",75.0,85.41666666666666,1,29.880594986025244,P16->P18->P6->P10->P20->P4->P7->P19->P3->P14->P5->P13->P12->P15->P17->P1->P2->P9->P11->P8
13,AStarOnly,20,191.0,418.33333333333337,223.0,179.83596181026167,20.0,"P11,P18,P12,P7",50.0,165.83333333333334,0,37.954503030050546,P8->P13->P10->P16->P11->P9->P18->P1->P6->P14->P3->P19->P4->P17->P12->P5->P2->P15->P7->P20
13,Proposed-Balanced,20,253.0,521.6666666666667,205.66666666666669,227.0277312273644,20.0,"P11,P18,P12,P7",75.0,112.91666666666667,1,37.18127898173407,P8->P13->P10->P11->P12->P4->P7->P6->P18->P14->P3->P9->P2->P5->P17->P19->P1->P15->P16->P20
13,RH-v2-Full,20,207.0,445.0,168.66666666666666,171.89220947756013,20.0,"P11,P18,P12,P7",75.0,100.83333333333333,1,747.6850019884296,P8->P13->P10->P11->P9->P18->P7->P6->P14->P3->P4->P17->P12->P2->P5->P16->P20->P15->P1->P19
13,RH-v2-Light,20,216.0,460.0,164.33333333333331,174.48202839120077,20.0,"P11,P18,P12,P7",75.0,99.58333333333334,1,358.6448269779794,P13->P8->P10->P11->P9->P18->P7->P6->P14->P3->P4->P12->P2->P5->P16->P20->P15->P1->P19->P17
13,DRF-RH-Full,20,215.0,458.3333333333333,148.66666666666669,194.01851994766727,40.0,"P12,P18,P13,P7",50.0,128.33333333333334,1,102.06497099716216,P10->P11->P9->P18->P7->P6->P14->P3->P4->P17->P12->P2->P5->P16->P8->P13->P20->P15->P1->P19
13,DRF-RH-Light,20,242.0,503.33333333333337,166.33333333333331,177.9055284459808,20.0,"P11,P18,P12,P7",75.0,100.83333333333333,1,69.18556499294937,P13->P8->P10->P11->P9->P18->P7->P6->P14->P3->P19->P4->P12->P2->P5->P16->P15->P1->P20->P17
13,Priority-Greedy,20,288.0,580.0,187.0,282.79420219464726,60.0,"P12,P18,P13,P10",50.0,108.75,1,36.76612098934129,P4->P3->P7->P18->P9->P12->P2->P11->P10->P13->P8->P20->P16->P15->P14->P6->P1->P19->P17->P5
13,Deadline-Greedy,20,290.0,583.3333333333333,174.99999999999994,279.05475758547044,60.0,"P12,P18,P13,P10",50.0,122.0833333333333,1,37.009073013905436,P7->P4->P3->P18->P9->P12->P2->P11->P10->P13->P8->P20->P16->P15->P6->P14->P1->P19->P17->P5
14,AStarOnly,20,197.0,428.33333333333337,210.55555555555557,195.41763361254834,20.0,"P8,P10,P9,P15",50.0,192.5,0,32.6848870026879,P2->P11->P3->P7->P18->P9->P10->P14->P12->P19->P17->P6->P13->P1->P16->P15->P4->P5->P20->P8
14,Proposed-Balanced,20,245.0,508.3333333333333,150.27777777777777,203.71098113421678,80.0,"P6,P8,P7,P13",50.0,129.16666666666666,1,32.50143997138366,P11->P20->P15->P17->P19->P6->P13->P14->P10->P12->P9->P18->P8->P7->P3->P2->P4->P5->P1->P16
14,RH-v2-Full,20,270.0,550.0,170.2777777777778,219.70819482630588,60.0,"P6,P8,P7,P15",50.0,166.25,1,750.8789139683358,P11->P14->P12->P19->P6->P15->P4->P17->P10->P9->P18->P7->P3->P20->P5->P13->P1->P16->P8->P2
14,RH-v2-Light,20,243.0,504.99999999999994,178.88888888888889,212.18548836645246,60.0,"P6,P8,P7,P15",50.0,173.74999999999997,1,353.33003400592133,P11->P14->P12->P19->P6->P17->P15->P4->P10->P9->P18->P7->P3->P2->P20->P5->P13->P1->P16->P8
14,DRF-RH-Full,20,277.0,561.6666666666666,155.55555555555554,208.39925567622294,60.0,"P6,P8,P7,P15",50.0,190.0,1,93.60849903896451,P11->P12->P14->P19->P6->P17->P15->P4->P10->P16->P13->P9->P18->P7->P3->P2->P20->P5->P8->P1
14,DRF-RH-Light,20,259.0,531.6666666666667,144.44444444444446,194.77501775963378,60.0,"P6,P8,P7,P15",25.0,186.66666666666669,1,63.797712966334075,P11->P14->P12->P19->P17->P15->P4->P6->P13->P16->P10->P9->P18->P7->P3->P2->P20->P5->P8->P1
14,Priority-Greedy,20,297.0,595.0000000000001,153.33333333333337,248.75602934487054,60.0,"P6,P8,P7,P12",50.0,125.83333333333337,1,34.560028987471014,P15->P19->P14->P12->P17->P6->P16->P10->P7->P11->P20->P4->P9->P8->P18->P3->P2->P5->P13->P1
14,Deadline-Greedy,20,277.0,561.6666666666669,153.33333333333337,235.93948015493234,60.0,"P6,P8,P7,P12",50.0,137.50000000000003,1,33.63264596555382,P15->P19->P14->P12->P17->P6->P16->P10->P7->P11->P20->P4->P5->P2->P3->P8->P9->P18->P13->P1
15,AStarOnly,20,183.0,405.0,200.41666666666666,162.51697887093232,0.0,"P14,P19,P17,P1",0.0,212.91666666666669,0,30.49420000752434,P16->P7->P11->P2->P6->P20->P4->P12->P19->P17->P8->P3->P15->P5->P13->P10->P18->P9->P1->P14
15,Proposed-Balanced,20,264.0,540.0,130.83333333333334,231.32694230871417,60.0,"P14,P18,P16,P1",50.0,137.91666666666669,1,30.33800603589043,P20->P6->P4->P18->P13->P10->P16->P14->P1->P8->P19->P3->P17->P12->P7->P2->P11->P15->P5->P9
15,RH-v2-Full,20,258.0,530.0,89.16666666666667,203.74434749893123,60.0,"P14,P18,P16,P1",50.0,182.9166666666667,1,632.1336820255965,P6->P20->P4->P13->P19->P14->P16->P7->P1->P17->P8->P3->P12->P18->P10->P2->P11->P5->P15->P9
15,RH-v2-Light,20,252.0,520.0,108.33333333333333,199.68058185758588,60.0,"P14,P18,P16,P1",0.0,195.41666666666666,1,329.2628009803593,P6->P20->P4->P13->P19->P8->P17->P7->P16->P14->P1->P3->P12->P18->P10->P5->P15->P9->P11->P2
15,DRF-RH-Full,20,250.0,516.6666666666667,103.75000000000001,203.09897044015673,60.0,"P14,P18,P16,P1",0.0,187.08333333333331,1,84.34153697453439,P20->P4->P13->P19->P17->P8->P6->P7->P16->P14->P1->P3->P12->P18->P10->P2->P11->P15->P5->P9
15,DRF-RH-Light,20,250.0,516.6666666666667,103.75000000000001,205.94181772408294,60.0,"P14,P18,P16,P1",0.0,198.74999999999997,1,58.95484599750489,P20->P4->P13->P19->P8->P17->P6->P7->P16->P14->P1->P3->P15->P5->P10->P18->P2->P11->P12->P9
15,Priority-Greedy,20,264.0,539.9999999999999,92.08333333333334,223.2385226194192,60.0,"P14,P18,P16,P1",75.0,150.41666666666666,1,29.838839953299612,P20->P4->P13->P6->P16->P14->P1->P19->P8->P17->P7->P18->P10->P12->P11->P2->P3->P15->P5->P9
15,Deadline-Greedy,20,264.0,539.9999999999999,92.08333333333334,223.2385226194192,60.0,"P14,P18,P16,P1",75.0,150.41666666666666,1,30.16806102823466,P20->P4->P13->P6->P16->P14->P1->P19->P8->P17->P7->P18->P10->P12->P11->P2->P3->P15->P5->P9
16,AStarOnly,20,195.0,425.0,425.0,224.45524062374187,0.0,"P5,P11,P7,P15",25.0,115.83333333333333,0,29.845943965483457,P6->P13->P10->P11->P19->P14->P12->P5->P2->P1->P18->P7->P16->P15->P17->P8->P20->P3->P9->P4
16,Proposed-Balanced,20,265.0,541.6666666666666,113.33333333333334,262.51236998097653,20.0,"P5,P9,P6,P13",25.0,211.66666666666669,1,32.24641899578273,P16->P18->P12->P19->P4->P5->P14->P1->P11->P9->P20->P3->P2->P15->P6->P13->P10->P7->P8->P17
16,RH-v2-Full,20,217.0,461.6666666666667,143.33333333333334,218.05338382068464,0.0,"P5,P9,P6,P12",50.0,98.33333333333334,1,661.926886998117,P16->P15->P18->P12->P5->P19->P4->P11->P9->P20->P3->P14->P2->P1->P6->P13->P10->P7->P8->P17
16,RH-v2-Light,20,233.0,488.3333333333333,178.33333333333334,234.31332321802572,0.0,"P5,P9,P6,P12",75.0,90.41666666666666,1,297.09423205349594,P16->P15->P18->P12->P5->P9->P20->P4->P11->P19->P14->P3->P2->P1->P6->P17->P8->P7->P13->P10
16,DRF-RH-Full,20,205.0,441.66666666666674,125.00000000000001,221.70146914639994,0.0,"P5,P9,P6,P12",25.0,136.25,1,95.65495100105181,P16->P15->P18->P12->P19->P4->P14->P9->P20->P3->P5->P2->P1->P11->P10->P13->P6->P17->P8->P7
16,DRF-RH-Light,20,199.0,431.66666666666674,143.33333333333334,210.65458348027548,0.0,"P5,P9,P6,P12",50.0,126.6666666666667,1,63.42069304082543,P16->P15->P18->P12->P5->P19->P4->P11->P14->P3->P20->P9->P2->P1->P7->P8->P17->P6->P13->P10
16,Priority-Greedy,20,279.0,565.0,70.0,261.3669046260745,20.0,"P6,P10,P7,P14",50.0,190.41666666666669,1,30.785333015955985,P4->P19->P11->P10->P7->P18->P15->P16->P17->P8->P12->P14->P20->P9->P3->P5->P1->P6->P13->P2
16,Deadline-Greedy,20,250.0,516.6666666666666,70.0,245.63841816907615,20.0,"P6,P10,P7,P14",50.0,161.66666666666666,1,30.915283015929163,P4->P19->P11->P14->P20->P7->P18->P15->P16->P17->P8->P12->P10->P13->P6->P1->P2->P5->P3->P9
17,AStarOnly,20,161.0,368.3333333333333,368.3333333333333,212.6255228710557,0.0,"P15,P11,P2,P8",0.0,140.0,0,28.189281991217285,P9->P10->P6->P3->P14->P19->P1->P15->P17->P13->P7->P4->P8->P11->P5->P2->P16->P20->P12->P18
17,Proposed-Balanced,20,223.0,471.66666666666674,266.6666666666667,237.94969872722675,0.0,"P15,P11,P2,P8",50.0,174.16666666666669,1,28.52634299779311,P10->P9->P5->P11->P2->P20->P12->P16->P18->P1->P15->P14->P3->P6->P17->P7->P13->P4->P8->P19
17,RH-v2-Full,20,174.0,389.99999999999994,300.0,198.17627316507938,0.0,"P15,P9,P3,P8",25.0,136.25,1,498.0395070160739,P10->P12->P2->P16->P20->P9->P5->P11->P8->P4->P3->P14->P1->P15->P18->P17->P19->P6->P13->P7
17,RH-v2-Light,20,196.0,426.6666666666667,251.66666666666666,205.0482242690821,0.0,"P15,P10,P3,P9",50.0,103.33333333333331,1,247.08267103414983,P5->P12->P2->P20->P16->P9->P10->P3->P14->P1->P17->P18->P15->P4->P8->P11->P6->P19->P13->P7
17,DRF-RH-Full,20,191.0,418.3333333333334,315.00000000000006,210.86513154618106,0.0,"P15,P9,P3,P8",25.0,140.41666666666669,1,82.28023996343836,P10->P12->P2->P16->P20->P9->P5->P8->P4->P17->P1->P14->P3->P19->P15->P18->P13->P7->P6->P11
17,DRF-RH-Light,20,207.0,445.0000000000001,353.3333333333334,204.56650210702216,0.0,"P15,P9,P2,P8",25.0,155.00000000000003,1,58.938567992299795,P5->P10->P12->P2->P16->P20->P14->P1->P15->P17->P4->P8->P11->P6->P3->P19->P18->P13->P7->P9
17,Priority-Greedy,20,234.0,490.0,156.66666666666669,222.4144459865348,20.0,"P15,P9,P2,P8",25.0,182.5,1,29.405381996184587,P5->P11->P12->P2->P18->P17->P1->P10->P9->P20->P16->P8->P4->P3->P14->P15->P19->P6->P13->P7
17,Deadline-Greedy,20,232.0,486.66666666666663,293.3333333333333,223.43334156889063,0.0,"P15,P9,P2,P8",50.0,131.66666666666663,1,29.176159005146474,P5->P11->P12->P2->P20->P10->P9->P8->P4->P17->P18->P1->P14->P3->P16->P15->P19->P6->P13->P7
18,AStarOnly,20,184.0,406.66666666666663,267.77777777777777,182.4900441149442,0.0,"P4,P7,P5,P10",0.0,187.5,0,41.92679200787097,P9->P18->P12->P6->P8->P14->P11->P10->P16->P5->P19->P15->P3->P1->P13->P4->P17->P20->P7->P2
18,Proposed-Balanced,20,252.0,520.0000000000001,223.8888888888889,224.6880731079512,20.0,"P4,P8,P5,P11",25.0,186.66666666666669,1,44.638167950324714,P18->P9->P7->P5->P19->P15->P3->P1->P16->P10->P14->P11->P8->P12->P6->P20->P4->P17->P13->P2
18,RH-v2-Full,20,279.0,565.0,130.55555555555554,229.51515317903534,40.0,"P4,P8,P5,P10",75.0,73.75,1,801.3327100197785,P18->P7->P16->P5->P10->P14->P8->P1->P3->P4->P17->P6->P12->P20->P2->P19->P15->P11->P9->P13
18,RH-v2-Light,20,222.0,469.99999999999994,171.66666666666663,191.1375495484814,40.0,"P5,P9,P6,P11",25.0,130.41666666666663,1,369.3337590084411,P18->P7->P2->P16->P5->P19->P15->P3->P1->P11->P14->P6->P12->P9->P20->P8->P4->P17->P13->P10
18,DRF-RH-Full,20,277.0,561.6666666666666,142.77777777777777,221.21871526788235,40.0,"P4,P8,P5,P10",75.0,82.91666666666666,1,103.34901901660487,P18->P7->P16->P5->P10->P14->P8->P6->P12->P1->P3->P4->P17->P19->P15->P11->P2->P20->P9->P13
18,DRF-RH-Light,20,243.0,505.0,145.55555555555554,217.4365105274205,40.0,"P4,P8,P5,P10",50.0,93.33333333333331,1,76.30335300927982,P18->P7->P16->P5->P10->P14->P6->P12->P8->P11->P1->P3->P4->P17->P13->P19->P15->P2->P20->P9
18,Priority-Greedy,20,339.0,665.0000000000001,103.8888888888889,287.1965303655261,60.0,"P4,P9,P6,P11",50.0,211.66666666666669,1,40.938345016911626,P7->P16->P5->P4->P18->P6->P14->P3->P19->P15->P1->P11->P12->P9->P20->P2->P10->P17->P13->P8
18,Deadline-Greedy,20,297.0,595.0000000000001,103.8888888888889,276.0518701520308,60.0,"P4,P9,P6,P11",75.0,132.91666666666669,1,42.562899994663894,P7->P16->P5->P4->P6->P18->P9->P14->P11->P3->P1->P19->P15->P10->P2->P12->P20->P8->P13->P17
19,AStarOnly,20,155.0,358.33333333333337,286.6666666666667,206.36070486299735,0.0,"P7,P1,P8,P12",0.0,192.08333333333334,0,32.38822502316907,P15->P17->P14->P3->P5->P2->P6->P7->P19->P9->P8->P12->P20->P10->P16->P11->P13->P18->P4->P1
19,Proposed-Balanced,20,223.0,471.6666666666667,81.0,209.36845230630757,80.0,"P8,P1,P9,P13",50.0,141.25,1,34.22888298518956,P4->P16->P18->P10->P20->P8->P9->P12->P13->P11->P2->P3->P17->P15->P14->P5->P1->P6->P7->P19
19,RH-v2-Full,20,202.0,436.66666666666663,68.33333333333334,181.64519229260097,80.0,"P8,P1,P9,P13",50.0,159.16666666666663,1,722.3101480049081,P4->P18->P16->P11->P20->P8->P13->P2->P14->P15->P17->P3->P5->P1->P10->P12->P9->P19->P6->P7
19,RH-v2-Light,20,208.0,446.66666666666674,69.33333333333334,185.7405450576761,80.0,"P8,P1,P9,P13",25.0,170.00000000000003,1,326.18635398102924,P4->P18->P16->P10->P20->P12->P8->P13->P2->P3->P14->P17->P15->P5->P1->P11->P19->P9->P6->P7
19,DRF-RH-Full,20,204.0,440.0,69.33333333333334,182.44140617690124,80.0,"P8,P1,P9,P13",25.0,165.41666666666663,1,89.372836984694,P4->P18->P16->P11->P20->P12->P8->P13->P2->P14->P3->P15->P17->P5->P1->P10->P9->P19->P6->P7
19,DRF-RH-Light,20,206.0,443.3333333333333,69.33333333333334,185.1213507959886,80.0,"P8,P1,P9,P13",25.0,196.25,1,62.32655898202211,P4->P18->P16->P10->P20->P12->P8->P13->P11->P2->P3->P14->P17->P15->P5->P1->P6->P7->P19->P9
19,Priority-Greedy,20,260.0,533.3333333333333,88.0,216.49667995761843,80.0,"P8,P1,P9,P13",50.0,197.91666666666663,1,33.385988033842295,P4->P16->P20->P8->P11->P18->P1->P3->P2->P15->P6->P7->P13->P10->P5->P17->P14->P19->P9->P12
19,Deadline-Greedy,20,260.0,533.3333333333333,93.0,219.6820788669528,80.0,"P8,P1,P9,P13",50.0,103.33333333333333,1,33.864096039906144,P4->P16->P20->P8->P9->P11->P18->P1->P3->P2->P15->P6->P13->P10->P5->P17->P14->P7->P19->P12
20,AStarOnly,20,157.0,361.6666666666667,138.33333333333331,180.43325678734055,40.0,"P16,P10,P20,P18",50.0,134.58333333333334,0,29.556196997873485,P19->P17->P15->P4->P16->P10->P7->P9->P6->P14->P1->P20->P2->P11->P3->P5->P13->P8->P12->P18
20,Proposed-Balanced,20,230.0,483.3333333333333,179.0,210.21489662373892,60.0,"P16,P10,P20,P18",50.0,145.41666666666666,1,34.752810024656355,P19->P17->P15->P18->P20->P2->P1->P7->P9->P4->P10->P6->P16->P13->P8->P12->P3->P11->P5->P14
20,RH-v2-Full,20,189.0,414.99999999999994,118.66666666666667,171.16032745212814,60.0,"P16,P10,P20,P18",50.0,86.25,1,581.3542890246026,P17->P19->P15->P9->P7->P10->P18->P16->P1->P20->P2->P11->P3->P5->P13->P12->P4->P6->P14->P8
20,RH-v2-Light,20,198.0,429.99999999999994,106.33333333333334,177.25818001268817,60.0,"P16,P10,P20,P18",50.0,85.41666666666669,1,275.5033010034822,P17->P19->P15->P9->P7->P10->P16->P18->P11->P20->P2->P1->P14->P13->P8->P12->P4->P6->P3->P5
20,DRF-RH-Full,20,186.0,410.0,122.66666666666667,172.30185554222405,60.0,"P16,P10,P20,P18",25.0,192.08333333333337,1,85.07611800450832,P17->P19->P15->P9->P7->P20->P2->P1->P14->P16->P4->P18->P12->P13->P8->P11->P5->P3->P10->P6
20,DRF-RH-Light,20,190.0,416.6666666666667,119.66666666666667,170.94328225465037,60.0,"P16,P10,P20,P18",25.0,192.91666666666669,1,58.32396005280316,P17->P19->P15->P9->P7->P20->P2->P1->P14->P10->P4->P18->P12->P13->P11->P3->P5->P8->P16->P6
20,Priority-Greedy,20,243.0,505.0,134.0,200.5097039013389,60.0,"P16,P10,P20,P18",50.0,187.5,1,30.72462702402845,P17->P15->P19->P20->P2->P1->P18->P7->P9->P11->P5->P13->P10->P16->P4->P12->P8->P14->P6->P3
20,Deadline-Greedy,20,212.0,453.33333333333326,140.33333333333331,199.19920658710683,60.0,"P16,P10,P20,P18",50.0,135.00000000000003,1,32.111831998918205,P17->P15->P19->P20->P2->P1->P18->P7->P9->P10->P16->P13->P11->P5->P3->P8->P12->P4->P14->P6
21,AStarOnly,20,168.0,380.0,176.94444444444443,174.53489669854523,20.0,"P20,P11,P15,P17",25.0,152.08333333333334,0,28.513944009318948,P16->P12->P18->P15->P10->P8->P2->P1->P9->P19->P11->P7->P5->P3->P13->P17->P6->P20->P4->P14
21,Proposed-Balanced,20,252.0,520.0000000000001,157.22222222222226,200.18706650268172,40.0,"P20,P13,P17,P18",50.0,145.00000000000006,1,34.152673033531755,P8->P15->P10->P18->P12->P11->P20->P7->P5->P13->P3->P14->P17->P4->P2->P1->P9->P19->P16->P6
21,RH-v2-Full,20,220.0,466.6666666666668,146.11111111111111,176.80390414285716,40.0,"P20,P14,P17,P18",25.0,134.58333333333334,1,613.5158379911445,P12->P8->P10->P15->P7->P20->P4->P5->P14->P13->P17->P18->P11->P19->P9->P1->P2->P16->P3->P6
21,RH-v2-Light,20,232.0,486.6666666666668,145.83333333333334,176.27782464392442,40.0,"P20,P14,P17,P18",0.0,150.00000000000003,1,283.58395799295977,P12->P8->P10->P15->P2->P7->P5->P14->P13->P17->P20->P4->P11->P18->P1->P9->P19->P16->P3->P6
21,DRF-RH-Full,20,208.0,446.6666666666667,140.55555555555554,163.24941245457973,40.0,"P20,P14,P17,P18",25.0,187.91666666666666,1,86.00750501500443,P12->P8->P10->P15->P7->P20->P4->P5->P3->P13->P14->P18->P11->P19->P9->P1->P2->P16->P17->P6
21,DRF-RH-Light,20,217.0,461.66666666666663,140.0,165.928944393623,40.0,"P20,P14,P17,P18",25.0,192.49999999999997,1,56.244636012706906,P12->P8->P10->P15->P7->P20->P4->P5->P3->P13->P14->P2->P1->P9->P11->P18->P16->P17->P6->P19
21,Priority-Greedy,20,308.0,613.3333333333334,130.83333333333334,233.37218935615866,100.0,"P20,P14,P17,P18",25.0,189.58333333333331,1,28.90648494940251,P8->P12->P11->P20->P5->P13->P7->P15->P18->P10->P14->P17->P3->P4->P2->P1->P9->P19->P16->P6
21,Deadline-Greedy,20,277.0,561.6666666666667,133.61111111111111,223.69381204623116,80.0,"P20,P14,P17,P18",25.0,136.66666666666666,1,28.475947037804872,P8->P12->P11->P20->P7->P5->P13->P14->P17->P18->P15->P10->P2->P1->P9->P19->P4->P3->P6->P16
22,AStarOnly,20,220.0,466.6666666666667,276.6666666666667,231.75753780772646,20.0,"P7,P13,P1,P11",25.0,185.41666666666669,0,33.15024799667299,P14->P20->P12->P6->P2->P7->P3->P18->P11->P15->P19->P13->P16->P4->P8->P9->P17->P1->P5->P10
22,Proposed-Balanced,20,257.0,528.3333333333333,205.00000000000003,196.1221473584443,40.0,"P9,P15,P1,P13",50.0,137.08333333333331,1,34.5571719808504,P14->P2->P6->P7->P13->P16->P15->P1->P10->P5->P19->P17->P18->P3->P9->P11->P12->P20->P4->P8
22,RH-v2-Full,20,253.0,521.6666666666666,200.83333333333331,207.33182376605262,40.0,"P10,P15,P1,P14",75.0,95.41666666666667,1,716.8288530083373,P2->P6->P7->P13->P15->P1->P10->P5->P14->P12->P11->P18->P4->P19->P17->P16->P8->P3->P9->P20
22,RH-v2-Light,20,221.0,468.3333333333333,162.91666666666669,196.39600670310375,40.0,"P8,P15,P1,P13",75.0,93.75000000000001,1,318.21663200389594,P14->P12->P6->P13->P15->P1->P5->P10->P17->P16->P8->P3->P7->P9->P2->P11->P18->P4->P19->P20
22,DRF-RH-Full,20,222.0,470.0,125.0,178.84186061833054,40.0,"P10,P15,P1,P14",25.0,130.0,1,88.02901895251125,P6->P2->P9->P7->P16->P13->P15->P1->P5->P10->P14->P20->P12->P11->P18->P19->P17->P4->P8->P3
22,DRF-RH-Light,20,233.0,488.33333333333337,156.66666666666669,199.8807963752071,40.0,"P9,P14,P1,P13",50.0,154.16666666666669,1,66.18819496361539,P2->P6->P18->P13->P15->P1->P5->P10->P17->P16->P7->P9->P3->P11->P12->P14->P20->P19->P4->P8
22,Priority-Greedy,20,339.0,665.0,176.66666666666669,253.17623048680886,40.0,"P9,P15,P1,P14",75.0,112.08333333333334,1,32.21696201944724,P2->P6->P13->P15->P14->P9->P10->P1->P5->P17->P16->P7->P18->P11->P12->P3->P8->P19->P4->P20
22,Deadline-Greedy,20,321.0,635.0,177.91666666666669,239.745196083188,40.0,"P9,P15,P1,P14",75.0,113.33333333333334,1,32.49128902098164,P2->P6->P13->P15->P14->P9->P7->P10->P1->P5->P17->P16->P18->P11->P12->P3->P8->P19->P4->P20
23,AStarOnly,20,151.0,351.6666666666667,212.5,206.33745764216368,20.0,"P19,P14,P17,P11",50.0,151.25,0,31.245441001374274,P7->P15->P2->P3->P17->P11->P6->P18->P12->P13->P9->P5->P10->P4->P20->P16->P14->P1->P19->P8
23,Proposed-Balanced,20,311.0,618.3333333333333,245.41666666666669,263.4206899016985,80.0,"P19,P15,P17,P10",50.0,132.08333333333331,1,31.829882005695254,P13->P1->P12->P19->P15->P11->P6->P18->P14->P5->P10->P4->P9->P17->P8->P2->P7->P3->P20->P16
23,RH-v2-Full,20,190.0,416.6666666666667,150.41666666666669,176.20872973435263,80.0,"P18,P13,P16,P10",50.0,82.08333333333333,1,577.8352789930068,P15->P19->P1->P13->P12->P10->P5->P9->P4->P20->P16->P18->P6->P11->P14->P8->P17->P3->P2->P7
23,RH-v2-Light,20,229.0,481.66666666666674,143.54166666666669,178.11167382708842,80.0,"P18,P13,P16,P10",50.0,146.66666666666666,1,282.68683195346966,P15->P19->P1->P13->P12->P10->P5->P4->P20->P18->P6->P11->P14->P9->P8->P17->P3->P2->P7->P16
23,DRF-RH-Full,20,225.0,475.0000000000001,140.20833333333334,174.11386174221448,80.0,"P18,P13,P16,P10",50.0,147.50000000000003,1,89.73119303118438,P15->P19->P1->P12->P13->P5->P10->P4->P20->P18->P6->P11->P14->P9->P8->P17->P3->P2->P7->P16
23,DRF-RH-Light,20,225.0,475.00000000000006,145.83333333333334,174.9666710556932,80.0,"P18,P13,P16,P10",50.0,147.08333333333334,1,55.612344993278384,P15->P19->P1->P13->P12->P10->P5->P9->P4->P20->P18->P6->P11->P14->P8->P17->P3->P2->P7->P16
23,Priority-Greedy,20,273.0,555.0,143.33333333333334,210.26974309150035,80.0,"P19,P14,P17,P9",25.0,156.66666666666669,1,30.197680986020714,P15->P13->P12->P19->P1->P8->P4->P20->P5->P9->P14->P18->P6->P17->P11->P10->P16->P7->P2->P3
23,Deadline-Greedy,20,281.0,568.3333333333333,163.75,216.28999490168445,80.0,"P19,P14,P17,P9",50.0,117.49999999999999,1,31.10235696658492,P15->P13->P12->P19->P1->P8->P17->P14->P4->P20->P5->P9->P10->P18->P6->P11->P2->P7->P3->P16
24,AStarOnly,20,154.0,356.66666666666674,164.54545454545453,150.66922791004328,60.0,"P19,P16,P8,P2",25.0,135.83333333333337,0,30.662199016660452,P6->P12->P14->P16->P10->P9->P3->P11->P17->P15->P20->P2->P4->P7->P19->P5->P18->P8->P13->P1
24,Proposed-Balanced,20,190.0,416.66666666666674,185.3030303030303,180.2319204230519,60.0,"P19,P16,P8,P2",100.0,56.25,1,30.20406496943906,P6->P12->P14->P16->P2->P19->P8->P11->P17->P9->P10->P4->P15->P20->P3->P7->P18->P5->P13->P1
24,RH-v2-Full,20,219.0,465.00000000000006,150.90909090909093,172.1048742207616,100.0,"P19,P16,P8,P2",75.0,74.16666666666669,1,603.6300980485976,P6->P14->P10->P2->P8->P19->P11->P9->P17->P15->P12->P16->P4->P7->P18->P5->P1->P13->P3->P20
24,RH-v2-Light,20,197.0,428.33333333333337,157.42424242424244,160.6250640072135,60.0,"P19,P16,P8,P2",100.0,52.083333333333336,1,252.58564302930608,P12->P6->P14->P16->P2->P8->P19->P10->P9->P11->P17->P15->P4->P7->P18->P5->P1->P13->P3->P20
24,DRF-RH-Full,20,201.0,435.00000000000006,139.84848484848487,164.4766148111761,100.0,"P19,P16,P8,P2",75.0,78.33333333333334,1,85.40810999693349,P6->P14->P10->P2->P8->P19->P7->P4->P9->P11->P17->P15->P12->P16->P13->P1->P18->P5->P3->P20
24,DRF-RH-Light,20,195.0,425.0,152.12121212121212,154.85811344290443,60.0,"P19,P16,P8,P2",75.0,55.833333333333336,1,53.86163800721988,P12->P6->P14->P16->P10->P2->P8->P19->P7->P9->P11->P17->P15->P4->P18->P5->P1->P13->P3->P20
24,Priority-Greedy,20,297.0,595.0,227.87878787878788,263.06794718422685,100.0,"P18,P15,P9,P3",75.0,176.66666666666663,1,29.595050029456615,P19->P2->P8->P18->P15->P9->P11->P17->P10->P14->P6->P12->P1->P4->P16->P13->P5->P7->P3->P20
24,Deadline-Greedy,20,303.0,605.0,223.93939393939397,257.64246406907137,100.0,"P18,P15,P9,P3",75.0,144.58333333333337,1,29.83691298868507,P19->P2->P8->P18->P9->P15->P11->P17->P10->P14->P6->P12->P1->P4->P16->P3->P20->P7->P5->P13
25,AStarOnly,20,184.0,406.6666666666666,148.74999999999997,166.02857600162218,60.0,"P13,P4,P9,P5",50.0,115.41666666666664,0,32.527829986065626,P2->P18->P15->P11->P19->P5->P9->P14->P4->P6->P1->P16->P3->P20->P17->P12->P10->P13->P7->P8
25,Proposed-Balanced,20,222.0,470.0,165.62499999999997,191.45131976555103,60.0,"P13,P4,P9,P5",75.0,80.83333333333333,1,32.081294048111886,P2->P18->P16->P4->P9->P5->P15->P19->P11->P10->P12->P7->P8->P13->P6->P1->P3->P14->P20->P17
25,RH-v2-Full,20,206.0,443.3333333333333,133.54166666666666,184.81872510111492,100.0,"P13,P3,P8,P4",50.0,118.75,1,643.9823930268176,P18->P15->P11->P4->P16->P3->P1->P5->P12->P7->P8->P13->P10->P19->P9->P2->P14->P6->P20->P17
25,RH-v2-Light,20,226.0,476.66666666666663,140.625,194.88653071795227,100.0,"P13,P3,P8,P4",50.0,130.83333333333334,1,300.4307270166464,P18->P15->P11->P4->P16->P3->P1->P6->P5->P12->P19->P13->P10->P8->P7->P9->P2->P14->P20->P17
25,DRF-RH-Full,20,226.0,476.6666666666667,140.625,192.4007572297726,100.0,"P13,P3,P8,P4",50.0,152.50000000000003,1,87.84253901103511,P18->P15->P11->P4->P16->P3->P1->P6->P5->P12->P10->P13->P19->P2->P14->P9->P7->P8->P20->P17
25,DRF-RH-Light,20,206.0,443.33333333333326,141.66666666666666,182.89555468846015,100.0,"P13,P3,P8,P4",50.0,141.66666666666666,1,58.406652009580284,P18->P15->P11->P4->P16->P3->P1->P6->P9->P5->P19->P12->P7->P8->P10->P13->P2->P14->P20->P17
25,Priority-Greedy,20,311.0,618.3333333333335,204.58333333333337,262.2113100870993,80.0,"P13,P3,P8,P4",25.0,263.33333333333337,1,31.731935043353587,P12->P15->P16->P4->P1->P11->P19->P2->P18->P3->P17->P20->P5->P9->P6->P7->P8->P10->P13->P14
25,Deadline-Greedy,20,285.0,575.0,164.79166666666663,229.99426511300834,100.0,"P14,P3,P9,P5",50.0,113.74999999999994,1,31.882737996056676,P16->P4->P12->P15->P11->P5->P9->P1->P3->P2->P18->P19->P14->P17->P20->P6->P7->P8->P10->P13
26,AStarOnly,20,147.0,345.0,126.66666666666667,137.1042983330332,20.0,"P8,P13,P16,P9",25.0,114.58333333333334,0,29.948142997454852,P1->P15->P7->P19->P12->P4->P9->P8->P17->P5->P13->P2->P10->P16->P11->P20->P18->P6->P3->P14
26,Proposed-Balanced,20,205.0,441.6666666666667,102.77777777777779,154.84679714752167,20.0,"P7,P12,P14,P8",50.0,180.0,1,30.99617297993973,P1->P15->P19->P12->P4->P9->P8->P17->P2->P20->P16->P13->P5->P10->P11->P7->P14->P6->P18->P3
26,RH-v2-Full,20,169.0,381.6666666666667,108.88888888888887,146.89326499696173,20.0,"P8,P13,P16,P9",75.0,54.58333333333333,1,527.6626980048604,P1->P15->P4->P9->P13->P8->P17->P5->P2->P10->P16->P20->P11->P19->P12->P18->P6->P3->P14->P7
26,RH-v2-Light,20,169.0,381.6666666666667,108.88888888888887,146.89326499696173,20.0,"P8,P13,P16,P9",75.0,54.58333333333333,1,251.70687097124755,P1->P15->P4->P9->P13->P8->P17->P5->P2->P10->P16->P20->P11->P19->P12->P18->P6->P3->P14->P7
26,DRF-RH-Full,20,169.0,381.6666666666667,111.66666666666667,146.641060691868,20.0,"P8,P13,P16,P9",75.0,54.58333333333333,1,85.08073497796431,P1->P15->P4->P9->P13->P8->P17->P5->P2->P10->P16->P11->P20->P19->P12->P18->P6->P3->P14->P7
26,DRF-RH-Light,20,173.0,388.3333333333333,116.11111111111113,151.35947247306683,20.0,"P8,P13,P16,P9",75.0,56.25,1,54.2302230023779,P1->P15->P4->P9->P8->P13->P17->P5->P2->P10->P16->P11->P20->P19->P12->P18->P6->P3->P14->P7
26,Priority-Greedy,20,203.0,438.33333333333337,118.33333333333333,164.78600709378802,20.0,"P8,P13,P16,P9",75.0,78.75000000000001,1,30.30202997615561,P1->P15->P2->P9->P4->P13->P8->P17->P5->P20->P16->P19->P12->P10->P11->P7->P14->P6->P18->P3
26,Deadline-Greedy,20,243.0,505.00000000000006,113.8888888888889,170.81542576917178,20.0,"P8,P13,P16,P9",50.0,88.75,1,30.58548696571961,P1->P15->P4->P9->P13->P2->P20->P8->P17->P5->P16->P10->P19->P12->P6->P18->P14->P7->P11->P3
27,AStarOnly,20,163.0,371.6666666666667,241.66666666666669,220.54240105862525,0.0,"P5,P12,P20,P1",25.0,163.75000000000003,0,39.76541600422934,P7->P16->P13->P3->P1->P6->P2->P10->P18->P12->P11->P20->P17->P8->P19->P14->P15->P5->P9->P4
27,Proposed-Balanced,20,236.0,493.3333333333333,208.0,250.75447911726982,40.0,"P8,P14,P20,P4",50.0,103.74999999999999,1,41.12311400240287,P2->P3->P1->P14->P19->P8->P17->P20->P18->P5->P4->P9->P15->P12->P11->P10->P6->P7->P16->P13
27,RH-v2-Full,20,244.0,506.66666666666674,134.33333333333331,210.37266673030607,80.0,"P6,P13,P20,P1",0.0,202.5,1,823.8994969869964,P2->P10->P18->P19->P15->P14->P5->P9->P17->P20->P11->P12->P6->P3->P13->P1->P4->P8->P7->P16
27,RH-v2-Light,20,241.0,501.6666666666667,164.33333333333334,216.84838265262238,60.0,"P6,P13,P20,P1",0.0,205.83333333333331,1,385.8955770265311,P2->P10->P18->P14->P15->P5->P19->P9->P17->P20->P11->P12->P6->P3->P13->P1->P16->P7->P8->P4
27,DRF-RH-Full,20,244.0,506.6666666666667,134.66666666666666,211.87739154477438,60.0,"P6,P13,P20,P1",0.0,175.83333333333326,1,106.52614303398877,P2->P10->P18->P5->P14->P15->P19->P12->P11->P20->P6->P3->P13->P1->P4->P9->P17->P8->P7->P16
27,DRF-RH-Light,20,254.0,523.3333333333334,98.33333333333334,209.3902248454694,80.0,"P6,P13,P20,P1",0.0,228.75,1,78.07126396801323,P2->P10->P18->P5->P19->P14->P9->P4->P11->P20->P12->P6->P3->P13->P1->P15->P8->P17->P7->P16
27,Priority-Greedy,20,281.0,568.3333333333333,126.33333333333334,240.16923417305503,60.0,"P7,P13,P20,P1",0.0,265.4166666666667,1,40.82587995799258,P2->P18->P5->P19->P9->P4->P14->P10->P12->P20->P1->P3->P16->P7->P13->P6->P15->P8->P17->P11
27,Deadline-Greedy,20,268.0,546.6666666666666,141.66666666666669,244.36882135685957,60.0,"P7,P13,P20,P1",0.0,300.00000000000006,1,41.591903020162135,P2->P18->P5->P19->P9->P4->P14->P1->P3->P10->P12->P20->P11->P15->P8->P17->P6->P13->P7->P16
28,AStarOnly,20,189.0,415.0,139.25925925925924,154.20353997824085,40.0,"P3,P15,P4,P2",0.0,167.08333333333331,0,32.28933102218434,P13->P6->P11->P18->P14->P5->P8->P10->P3->P1->P2->P20->P9->P16->P15->P4->P7->P19->P12->P17
28,Proposed-Balanced,20,223.0,471.6666666666668,161.4814814814815,186.87093040589056,40.0,"P3,P14,P4,P2",75.0,91.25,1,32.68191695678979,P13->P18->P6->P11->P14->P3->P2->P9->P20->P16->P4->P15->P1->P8->P10->P5->P19->P12->P7->P17
28,RH-v2-Full,20,241.0,501.66666666666663,96.85185185185186,167.98571664464103,100.0,"P3,P14,P4,P2",50.0,110.41666666666664,1,614.6977079915814,P13->P18->P5->P3->P2->P20->P9->P16->P10->P8->P14->P7->P4->P15->P1->P19->P12->P6->P11->P17
28,RH-v2-Light,20,239.0,498.33333333333326,96.85185185185186,168.438099141023,100.0,"P3,P14,P4,P2",50.0,108.74999999999999,1,298.3994079986587,P13->P18->P5->P3->P2->P20->P9->P16->P10->P8->P14->P1->P4->P15->P7->P19->P12->P6->P11->P17
28,DRF-RH-Full,20,237.0,495.0,101.66666666666667,169.70669947841898,100.0,"P3,P14,P4,P2",50.0,90.41666666666666,1,86.66511694900692,P13->P18->P5->P3->P2->P20->P9->P16->P4->P1->P10->P8->P14->P6->P11->P19->P12->P7->P15->P17
28,DRF-RH-Light,20,235.0,491.6666666666666,96.85185185185186,167.29391981805512,100.0,"P3,P14,P4,P2",50.0,112.49999999999999,1,60.82270300248638,P13->P18->P5->P3->P2->P20->P9->P16->P10->P8->P14->P1->P15->P4->P7->P19->P12->P6->P11->P17
28,Priority-Greedy,20,296.0,593.3333333333334,185.74074074074073,225.77115711569556,80.0,"P5,P14,P6,P4",50.0,106.25000000000001,1,32.845944981090724,P18->P2->P3->P5->P14->P8->P10->P6->P13->P16->P20->P9->P4->P7->P12->P19->P1->P15->P17->P11
28,Deadline-Greedy,20,295.0,591.6666666666665,185.74074074074073,231.633421512291,80.0,"P5,P14,P6,P4",50.0,106.25000000000001,1,33.228439977392554,P18->P2->P3->P5->P14->P8->P10->P6->P13->P16->P20->P9->P4->P7->P1->P15->P17->P11->P19->P12
29,AStarOnly,20,158.0,363.3333333333333,205.55555555555554,186.117491782272,0.0,"P7,P19,P9,P6",0.0,134.16666666666663,0,29.10005598096177,P13->P5->P16->P14->P12->P17->P4->P3->P18->P19->P6->P7->P11->P2->P9->P20->P8->P1->P10->P15
29,Proposed-Balanced,20,208.0,446.66666666666663,192.7777777777778,218.7642703754282,20.0,"P6,P19,P8,P5",75.0,90.41666666666669,1,29.183374950662255,P13->P10->P12->P5->P8->P20->P19->P7->P6->P11->P2->P17->P4->P3->P18->P1->P9->P14->P16->P15
29,RH-v2-Full,20,233.0,488.3333333333333,151.66666666666666,206.89429253000182,20.0,"P6,P19,P8,P5",50.0,113.33333333333334,1,553.6975489812903,P13->P10->P12->P20->P8->P17->P5->P2->P19->P7->P6->P3->P18->P1->P9->P15->P14->P16->P4->P11
29,RH-v2-Light,20,215.0,458.3333333333334,145.55555555555557,190.06121878546202,20.0,"P7,P19,P9,P6",25.0,122.08333333333336,1,265.45420999173075,P13->P5->P10->P12->P20->P8->P9->P17->P19->P7->P6->P3->P18->P4->P15->P14->P16->P2->P11->P1
29,DRF-RH-Full,20,206.0,443.3333333333333,133.88888888888889,212.76480065850052,20.0,"P6,P19,P8,P5",50.0,112.91666666666666,1,85.28663299512118,P13->P10->P12->P20->P8->P17->P19->P7->P6->P11->P2->P5->P14->P16->P9->P1->P3->P18->P4->P15
29,DRF-RH-Light,20,193.0,421.6666666666667,125.0,176.11468814230523,40.0,"P7,P19,P9,P6",25.0,109.16666666666669,1,56.90143397077918,P13->P5->P10->P12->P17->P9->P20->P8->P19->P7->P6->P11->P2->P3->P18->P4->P15->P14->P16->P1
29,Priority-Greedy,20,327.0,644.9999999999999,190.55555555555557,270.8932178354346,40.0,"P6,P18,P8,P5",50.0,205.0,1,28.252074029296637,P10->P12->P20->P8->P7->P5->P13->P2->P18->P17->P15->P19->P3->P1->P9->P4->P6->P11->P16->P14
29,Deadline-Greedy,20,280.0,566.6666666666666,196.11111111111111,255.52798220205426,40.0,"P6,P18,P8,P5",50.0,204.16666666666669,1,28.920846001710743,P10->P12->P20->P8->P7->P5->P13->P2->P19->P18->P3->P17->P15->P9->P1->P4->P16->P14->P11->P6
