seed,method,completed_task_num,total_path_length,total_inspection_time,high_priority_avg_response_time,priority_weighted_completion_time,high_priority_top5_rate,algorithm_runtime_ms,path_redundancy_ratio,priority_response_efficiency,task_sequence
0,NNF,20,196.0,426.66666666666663,278.88888888888886,208.53083125537935,0.0,37.01134899165481,1.0,0.0,P3->P12->P18->P11->P8->P14->P7->P17->P9->P20->P2->P13->P10->P4->P15->P1->P19->P16->P5->P6
0,AStarOnly,20,196.0,426.66666666666663,278.88888888888886,208.53083125537935,0.0,37.27685799822211,1.0,0.0,P3->P12->P18->P11->P8->P14->P7->P17->P9->P20->P2->P13->P10->P4->P15->P1->P19->P16->P5->P6
0,Proposed-Balanced,20,266.0,543.3333333333333,92.77777777777779,238.78823309827155,60.0,35.72316002100706,1.3571428571428572,0.22556390977443608,P3->P6->P9->P17->P4->P7->P14->P5->P11->P8->P18->P15->P19->P16->P1->P10->P20->P13->P2->P12
0,RH-Proposed-v2,20,222.0,470.0,139.44444444444446,215.91721508557615,40.0,711.1262280377559,1.1326530612244898,0.18018018018018017,P15->P4->P17->P9->P20->P2->P13->P7->P14->P8->P11->P6->P3->P12->P10->P5->P18->P1->P19->P16
0,Priority-Greedy,20,323.0,638.3333333333333,122.77777777777779,255.36185478202,40.0,34.76107900496572,1.6479591836734695,0.1238390092879257,P4->P9->P7->P17->P20->P13->P6->P15->P1->P3->P12->P5->P14->P8->P11->P19->P16->P2->P10->P18
0,Deadline-Greedy,20,283.0,571.6666666666667,137.7777777777778,230.32970569267817,40.0,34.83533801045269,1.4438775510204083,0.1413427561837456,P4->P9->P17->P7->P13->P20->P15->P1->P3->P6->P5->P12->P18->P11->P14->P8->P2->P19->P16->P10
0,TSP-2opt,20,176.0,393.33333333333337,245.55555555555557,190.14662043063052,0.0,60.19959703553468,0.8979591836734694,0.0,P3->P12->P15->P1->P19->P16->P10->P4->P9->P20->P2->P13->P17->P7->P14->P8->P11->P5->P18->P6
0,DRF-RH-Full,20,229.0,481.6666666666667,136.66666666666666,212.32764798241203,40.0,92.01865299837664,1.1683673469387754,0.17467248908296942,P15->P4->P17->P9->P20->P2->P13->P7->P14->P8->P6->P11->P5->P12->P3->P1->P19->P16->P10->P18
0,DRF-RH-Light,20,243.0,505.0000000000001,146.6666666666667,233.9524668149384,40.0,67.69108702428639,1.239795918367347,0.1646090534979424,P4->P9->P17->P7->P13->P20->P2->P19->P16->P1->P15->P6->P11->P5->P14->P8->P18->P12->P3->P10
1,NNF,20,152.0,353.33333333333337,130.0,171.28220643360677,40.0,36.977468989789486,1.0,0.2631578947368421,P15->P16->P2->P13->P1->P6->P20->P3->P17->P10->P4->P12->P7->P11->P5->P8->P14->P9->P19->P18
1,AStarOnly,20,152.0,353.33333333333337,130.0,171.28220643360677,40.0,37.3542649904266,1.0,0.2631578947368421,P15->P16->P2->P13->P1->P6->P20->P3->P17->P10->P4->P12->P7->P11->P5->P8->P14->P9->P19->P18
1,Proposed-Balanced,20,250.0,516.6666666666667,172.5,240.42963959419117,60.0,36.632153030950576,1.644736842105263,0.24,P1->P6->P20->P17->P4->P7->P11->P14->P9->P8->P18->P19->P12->P10->P5->P2->P13->P16->P15->P3
1,RH-Proposed-v2,20,237.0,495.0,146.66666666666669,191.6880993048337,40.0,690.5808139708824,1.5592105263157894,0.16877637130801687,P16->P1->P6->P20->P17->P4->P12->P7->P11->P5->P9->P14->P18->P19->P2->P13->P3->P15->P8->P10
1,Priority-Greedy,20,297.0,595.0,126.66666666666667,256.6937868949896,60.0,37.48032602015883,1.9539473684210527,0.20202020202020202,P1->P17->P4->P7->P11->P14->P19->P12->P13->P16->P6->P20->P3->P2->P15->P5->P18->P9->P8->P10
1,Deadline-Greedy,20,309.0,615.0,126.66666666666667,259.1883973966109,60.0,37.648856989108026,2.0328947368421053,0.1941747572815534,P1->P17->P4->P7->P11->P14->P19->P12->P13->P16->P6->P20->P3->P2->P5->P18->P9->P8->P15->P10
1,TSP-2opt,20,148.0,346.6666666666667,128.33333333333334,169.7953908227992,40.0,40.79634899972007,0.9736842105263158,0.2702702702702703,P15->P16->P2->P13->P1->P6->P3->P20->P17->P10->P4->P12->P7->P11->P5->P8->P9->P14->P19->P18
1,DRF-RH-Full,20,209.0,448.33333333333326,155.83333333333331,190.46987041880286,40.0,91.09784697648138,1.375,0.19138755980861244,P16->P1->P6->P20->P17->P4->P12->P7->P11->P5->P19->P18->P14->P9->P8->P15->P2->P13->P3->P10
1,DRF-RH-Light,20,234.0,489.99999999999994,143.75,195.9025180462767,40.0,64.8126519517973,1.5394736842105263,0.17094017094017094,P16->P1->P6->P20->P17->P4->P7->P11->P5->P19->P18->P14->P9->P2->P13->P15->P8->P12->P10->P3
2,NNF,20,148.0,346.6666666666667,142.83333333333331,149.18086604443027,80.0,32.30318200075999,1.0,0.5405405405405406,P16->P20->P13->P5->P7->P3->P1->P2->P12->P10->P15->P8->P14->P18->P17->P4->P9->P6->P19->P11
2,AStarOnly,20,148.0,346.6666666666667,142.83333333333331,149.18086604443027,80.0,32.57216699421406,1.0,0.5405405405405406,P16->P20->P13->P5->P7->P3->P1->P2->P12->P10->P15->P8->P14->P18->P17->P4->P9->P6->P19->P11
2,Proposed-Balanced,20,250.0,516.6666666666667,194.83333333333337,209.88199062428066,60.0,32.55564899882302,1.6891891891891893,0.24,P5->P7->P3->P1->P15->P14->P10->P2->P11->P20->P4->P17->P6->P18->P9->P13->P16->P19->P8->P12
2,RH-Proposed-v2,20,176.0,393.3333333333333,120.83333333333333,150.10729390153588,100.0,570.4232190037146,1.1891891891891893,0.5681818181818182,P20->P13->P5->P7->P11->P1->P2->P10->P15->P8->P14->P18->P17->P4->P6->P19->P9->P16->P3->P12
2,Priority-Greedy,20,308.0,613.3333333333333,154.50000000000003,216.42850328545615,100.0,32.11632097372785,2.081081081081081,0.3246753246753247,P5->P20->P7->P11->P15->P14->P4->P18->P6->P13->P1->P2->P10->P8->P17->P3->P9->P19->P16->P12
2,Deadline-Greedy,20,258.0,530.0,144.83333333333331,190.62132671427275,100.0,33.87988300528377,1.7432432432432432,0.3875968992248062,P20->P5->P7->P11->P15->P14->P4->P17->P18->P6->P13->P3->P1->P2->P10->P8->P19->P9->P16->P12
2,TSP-2opt,20,144.0,340.00000000000006,194.50000000000003,187.17468738297558,20.0,50.48750399146229,0.972972972972973,0.1388888888888889,P16->P20->P19->P6->P9->P4->P17->P18->P14->P8->P15->P10->P12->P2->P1->P3->P7->P5->P13->P11
2,DRF-RH-Full,20,182.0,403.3333333333333,107.66666666666667,152.02649151140398,100.0,81.61753200693056,1.2297297297297298,0.5494505494505495,P20->P13->P5->P7->P4->P18->P14->P8->P15->P2->P10->P12->P1->P11->P3->P17->P6->P19->P9->P16
2,DRF-RH-Light,20,224.0,473.3333333333333,118.83333333333333,166.6478299803998,100.0,55.76244497206062,1.5135135135135136,0.44642857142857145,P20->P13->P5->P7->P4->P14->P15->P8->P2->P1->P11->P3->P17->P18->P6->P19->P9->P10->P12->P16
3,NNF,19,142.0,331.66666666666674,147.50000000000003,156.07796654292892,20.0,46.69843998271972,1.0923076923076922,0.14084507042253522,P10->P4->P12->P3->P9->P16->P14->P1->P8->P15->P19->P18->P17->P13->P5->P20->P2->P7->P6
3,AStarOnly,19,130.0,311.6666666666667,179.44444444444446,167.67391146664556,20.0,45.75618600938469,1.0,0.15384615384615385,P10->P6->P7->P1->P14->P16->P8->P9->P3->P12->P19->P18->P17->P13->P4->P15->P2->P20->P5
3,Proposed-Balanced,19,194.0,418.3333333333333,150.0,175.20246310764043,40.0,47.34598897630349,1.4923076923076923,0.20618556701030927,P10->P9->P16->P14->P8->P1->P15->P2->P12->P19->P18->P5->P20->P3->P7->P6->P4->P17->P13
3,RH-Proposed-v2,19,180.0,395.0,113.33333333333333,159.68876530980125,80.0,964.4528859644197,1.3846153846153846,0.4444444444444444,P9->P16->P1->P14->P15->P12->P3->P8->P2->P20->P5->P17->P13->P18->P19->P4->P10->P6->P7
3,Priority-Greedy,19,265.0,536.6666666666667,98.05555555555554,186.17475571000014,100.0,46.654106001369655,2.0384615384615383,0.37735849056603776,P9->P1->P16->P15->P2->P12->P13->P17->P5->P7->P14->P8->P3->P19->P18->P20->P6->P10->P4
3,Deadline-Greedy,19,217.0,456.6666666666667,104.44444444444444,176.8076014282117,80.0,46.54752096394077,1.6692307692307693,0.3686635944700461,P9->P1->P16->P15->P12->P2->P13->P17->P18->P19->P3->P8->P14->P7->P6->P10->P4->P5->P20
3,TSP-2opt,19,124.0,301.66666666666663,211.38888888888889,189.92426340093462,0.0,59.574622951913625,0.9538461538461539,0.0,P10->P4->P12->P19->P18->P17->P13->P5->P20->P2->P15->P8->P3->P9->P16->P14->P1->P7->P6
3,DRF-RH-Full,19,193.0,416.6666666666667,107.77777777777779,164.56675898479855,80.0,91.02336998330429,1.4846153846153847,0.41450777202072536,P9->P16->P1->P14->P15->P12->P17->P13->P18->P2->P20->P5->P19->P3->P8->P7->P6->P10->P4
3,DRF-RH-Light,19,193.0,416.6666666666667,110.83333333333333,159.12049135367081,80.0,72.22519599599764,1.4846153846153847,0.41450777202072536,P9->P16->P1->P14->P15->P8->P12->P18->P17->P13->P2->P20->P5->P19->P3->P7->P6->P10->P4
4,NNF,20,176.0,393.3333333333333,250.00000000000003,187.59529805887624,0.0,33.524720987770706,0.9777777777777777,0.0,P10->P20->P9->P2->P13->P15->P18->P11->P17->P19->P16->P6->P5->P3->P8->P4->P1->P7->P12->P14
4,AStarOnly,20,180.0,400.00000000000006,216.6666666666667,199.48933476951882,0.0,34.01986398966983,1.0,0.0,P20->P10->P9->P2->P13->P15->P18->P19->P16->P6->P5->P3->P8->P12->P7->P1->P4->P11->P17->P14
4,Proposed-Balanced,20,253.0,521.6666666666667,261.6666666666667,244.4333538962034,0.0,35.21916997851804,1.4055555555555554,0.0,P20->P11->P9->P17->P1->P12->P7->P5->P3->P6->P16->P8->P14->P19->P18->P15->P13->P2->P10->P4
4,RH-Proposed-v2,20,206.0,443.33333333333337,123.33333333333331,203.07928145320986,0.0,714.9478860083036,1.1444444444444444,0.0,P20->P10->P9->P11->P17->P3->P16->P6->P5->P8->P12->P7->P1->P4->P15->P13->P2->P18->P19->P14
4,Priority-Greedy,20,342.0,670.0,106.66666666666669,250.0684481998298,20.0,35.46439594356343,1.9,0.05847953216374269,P20->P11->P17->P3->P12->P9->P1->P7->P5->P16->P19->P6->P8->P15->P18->P13->P10->P4->P2->P14
4,Deadline-Greedy,20,326.0,643.3333333333333,141.66666666666669,227.64259299281224,20.0,35.039373964536935,1.8111111111111111,0.06134969325153374,P20->P11->P17->P9->P3->P12->P1->P7->P5->P6->P16->P19->P15->P13->P18->P10->P8->P4->P2->P14
4,TSP-2opt,20,174.0,390.0,246.6666666666667,183.89619833538688,0.0,35.73450504336506,0.9666666666666667,0.0,P20->P10->P9->P2->P13->P15->P18->P11->P17->P19->P16->P6->P5->P3->P8->P4->P1->P7->P12->P14
4,DRF-RH-Full,20,223.0,471.6666666666667,118.33333333333334,204.41485658647827,20.0,86.73014695523307,1.238888888888889,0.08968609865470852,P20->P9->P11->P17->P3->P16->P6->P5->P8->P12->P7->P1->P10->P15->P13->P2->P18->P19->P14->P4
4,DRF-RH-Light,20,254.0,523.3333333333334,85.0,217.27605374932597,20.0,64.47774003027007,1.4111111111111112,0.07874015748031496,P20->P9->P3->P5->P6->P16->P19->P11->P17->P1->P7->P12->P8->P15->P13->P2->P10->P4->P14->P18
5,NNF,20,188.0,413.3333333333334,219.72222222222226,222.81252117684366,40.0,34.35885498765856,0.9082125603864735,0.2127659574468085,P16->P13->P8->P1->P4->P7->P11->P17->P20->P19->P5->P9->P6->P10->P18->P3->P12->P15->P14->P2
5,AStarOnly,20,207.0,445.0000000000001,194.72222222222226,210.95418778831691,40.0,34.738140006083995,1.0,0.1932367149758454,P16->P13->P8->P1->P4->P7->P11->P17->P5->P9->P6->P10->P18->P3->P12->P15->P14->P2->P19->P20
5,Proposed-Balanced,20,295.0,591.6666666666666,150.55555555555557,233.55827993108772,60.0,35.69265396799892,1.4251207729468598,0.2033898305084746,P14->P6->P10->P9->P5->P19->P18->P1->P8->P7->P4->P17->P11->P16->P15->P2->P12->P3->P20->P13
5,RH-Proposed-v2,20,261.0,535.0,118.61111111111113,202.63012351350665,60.0,767.8345509921201,1.2608695652173914,0.22988505747126436,P14->P9->P6->P10->P19->P1->P4->P7->P8->P5->P18->P12->P15->P2->P16->P13->P17->P11->P20->P3
5,Priority-Greedy,20,353.0,688.3333333333334,149.16666666666666,252.92760936114203,60.0,34.95871101040393,1.7053140096618358,0.16997167138810199,P14->P6->P7->P4->P19->P9->P1->P8->P17->P16->P18->P10->P12->P15->P5->P11->P13->P2->P3->P20
5,Deadline-Greedy,20,315.0,625.0000000000001,123.05555555555556,231.1264133574202,80.0,35.26326298015192,1.5217391304347827,0.25396825396825395,P14->P6->P9->P7->P4->P19->P1->P8->P17->P16->P12->P18->P10->P5->P15->P2->P3->P13->P11->P20
5,TSP-2opt,20,174.0,390.0000000000001,241.3888888888889,224.84998945682776,20.0,38.616631005425006,0.8405797101449275,0.11494252873563218,P16->P13->P17->P11->P7->P8->P4->P1->P20->P19->P5->P9->P6->P10->P18->P3->P12->P15->P14->P2
5,DRF-RH-Full,20,255.0,525.0,111.11111111111113,197.62382083438467,80.0,91.07008995488286,1.2318840579710144,0.3137254901960784,P14->P9->P6->P19->P1->P4->P7->P8->P5->P10->P18->P12->P15->P2->P16->P13->P17->P11->P20->P3
5,DRF-RH-Light,20,255.0,525.0,111.11111111111113,197.62382083438467,80.0,66.60829798784107,1.2318840579710144,0.3137254901960784,P14->P9->P6->P19->P1->P4->P7->P8->P5->P10->P18->P12->P15->P2->P16->P13->P17->P11->P20->P3
6,NNF,20,165.0,374.99999999999994,179.66666666666666,196.86116533852208,40.0,37.46859199600294,1.0185185185185186,0.24242424242424243,P17->P19->P10->P15->P5->P2->P6->P3->P1->P8->P11->P18->P13->P20->P4->P12->P16->P14->P9->P7
6,AStarOnly,20,162.0,369.99999999999994,193.66666666666666,214.07655380590572,40.0,37.281002034433186,1.0,0.24691358024691357,P17->P19->P10->P15->P5->P2->P6->P3->P8->P1->P11->P7->P18->P13->P20->P4->P12->P16->P14->P9
6,Proposed-Balanced,20,224.0,473.3333333333334,159.66666666666669,165.8863466259528,40.0,35.50063696457073,1.382716049382716,0.17857142857142858,P10->P17->P5->P2->P20->P13->P18->P12->P4->P16->P14->P9->P7->P8->P3->P6->P11->P15->P19->P1
6,RH-Proposed-v2,20,219.0,465.0,157.33333333333334,167.78076812113304,40.0,737.4313269974664,1.3518518518518519,0.182648401826484,P10->P17->P5->P2->P15->P13->P20->P18->P12->P16->P14->P9->P8->P11->P3->P6->P1->P7->P4->P19
6,Priority-Greedy,20,294.0,590.0000000000001,165.33333333333334,211.86538681033258,60.0,36.937885044608265,1.8148148148148149,0.20408163265306123,P5->P10->P18->P20->P12->P16->P13->P17->P2->P3->P8->P11->P15->P19->P4->P9->P14->P7->P1->P6
6,Deadline-Greedy,20,286.0,576.6666666666669,157.33333333333337,201.25787388003886,60.0,37.66415698919445,1.7654320987654322,0.2097902097902098,P5->P10->P20->P18->P12->P16->P13->P17->P2->P3->P8->P11->P15->P19->P4->P9->P14->P7->P1->P6
6,TSP-2opt,20,147.0,345.0,156.33333333333334,173.46460796256747,40.0,42.76923002908006,0.9074074074074074,0.272108843537415,P10->P17->P19->P15->P5->P2->P6->P3->P11->P8->P1->P18->P13->P20->P4->P12->P16->P14->P9->P7
6,DRF-RH-Full,20,229.0,481.66666666666674,146.66666666666669,159.19364776908333,40.0,98.11470605200157,1.4135802469135803,0.17467248908296942,P10->P17->P5->P2->P18->P20->P13->P4->P12->P16->P9->P15->P3->P6->P11->P8->P1->P7->P14->P19
6,DRF-RH-Light,20,211.0,451.66666666666674,129.66666666666669,159.7956691607815,40.0,65.83773298189044,1.3024691358024691,0.1895734597156398,P10->P17->P5->P2->P15->P13->P20->P12->P16->P9->P18->P3->P6->P11->P8->P1->P7->P14->P4->P19
7,NNF,20,182.0,403.3333333333334,138.33333333333337,162.4629437547004,20.0,31.98416600935161,0.9680851063829787,0.10989010989010989,P12->P5->P10->P4->P15->P3->P8->P17->P18->P1->P6->P20->P19->P11->P14->P16->P2->P13->P7->P9
7,AStarOnly,20,188.0,413.33333333333337,187.91666666666666,178.74193177674218,20.0,31.821528973523527,1.0,0.10638297872340426,P12->P5->P10->P4->P15->P13->P7->P2->P16->P14->P11->P19->P20->P6->P18->P17->P8->P1->P3->P9
7,Proposed-Balanced,20,274.0,556.6666666666666,197.0833333333333,233.44577300440085,40.0,32.48931496636942,1.4574468085106382,0.145985401459854,P12->P20->P6->P18->P15->P13->P7->P4->P16->P11->P14->P2->P10->P1->P5->P8->P3->P17->P19->P9
7,RH-Proposed-v2,20,212.0,453.3333333333333,84.58333333333334,167.913434817087,40.0,683.8358649984002,1.127659574468085,0.18867924528301888,P12->P3->P15->P13->P16->P11->P20->P6->P4->P10->P5->P1->P18->P17->P8->P7->P2->P14->P9->P19
7,Priority-Greedy,20,286.0,576.6666666666666,87.08333333333334,218.96582668651658,60.0,31.1550329788588,1.5212765957446808,0.2097902097902098,P12->P20->P11->P13->P15->P3->P6->P4->P16->P14->P9->P5->P10->P1->P18->P17->P8->P2->P7->P19
7,Deadline-Greedy,20,242.0,503.3333333333333,87.08333333333334,210.52033510427023,60.0,31.54300100868568,1.2872340425531914,0.24793388429752067,P12->P20->P11->P13->P15->P3->P6->P4->P16->P14->P2->P7->P5->P10->P1->P18->P8->P17->P19->P9
7,TSP-2opt,20,168.0,380.0,193.33333333333331,182.4211447639572,20.0,46.01843800628558,0.8936170212765957,0.11904761904761904,P3->P15->P13->P7->P2->P16->P4->P10->P5->P12->P1->P18->P17->P8->P6->P20->P19->P11->P14->P9
7,DRF-RH-Full,20,220.0,466.66666666666663,84.58333333333334,169.57228607282872,40.0,82.02322397846729,1.1702127659574468,0.18181818181818182,P12->P3->P15->P13->P16->P11->P20->P6->P5->P10->P4->P18->P1->P17->P8->P7->P2->P14->P9->P19
7,DRF-RH-Light,20,235.0,491.6666666666667,97.08333333333334,178.33943585507487,40.0,61.72543199500069,1.25,0.1702127659574468,P12->P3->P15->P13->P4->P16->P11->P20->P6->P18->P1->P8->P5->P10->P7->P2->P14->P9->P19->P17
8,NNF,20,183.0,405.0,49.16666666666667,194.0367380351314,40.0,33.16431096754968,1.0517241379310345,0.2185792349726776,P6->P4->P15->P5->P19->P13->P20->P16->P2->P9->P14->P7->P10->P12->P1->P17->P18->P8->P3->P11
8,AStarOnly,20,174.0,390.00000000000006,49.16666666666667,201.82130492764543,40.0,33.01868197740987,1.0,0.22988505747126436,P6->P4->P15->P5->P19->P3->P13->P20->P9->P16->P2->P11->P8->P18->P17->P1->P10->P12->P7->P14
8,Proposed-Balanced,20,260.0,533.3333333333334,200.83333333333337,240.14178650549567,20.0,33.923232986126095,1.4942528735632183,0.07692307692307693,P18->P17->P8->P19->P11->P16->P9->P20->P13->P3->P4->P6->P15->P5->P10->P12->P7->P14->P1->P2
8,RH-Proposed-v2,20,254.0,523.3333333333334,67.5,203.3385134334324,40.0,715.9055029624142,1.4597701149425288,0.15748031496062992,P6->P4->P8->P18->P19->P11->P16->P20->P12->P10->P7->P17->P3->P13->P2->P9->P14->P1->P5->P15
8,Priority-Greedy,20,302.0,603.3333333333333,78.33333333333334,224.04205355476557,40.0,35.394027014262974,1.735632183908046,0.13245033112582782,P19->P11->P4->P18->P10->P12->P7->P17->P8->P6->P13->P16->P9->P20->P3->P5->P15->P2->P14->P1
8,Deadline-Greedy,20,302.0,603.3333333333333,78.33333333333334,231.52064550171193,40.0,35.270409018266946,1.735632183908046,0.13245033112582782,P19->P11->P4->P18->P8->P6->P10->P12->P7->P17->P13->P16->P9->P20->P3->P5->P15->P2->P14->P1
8,TSP-2opt,20,163.0,371.66666666666663,184.16666666666666,189.0286820610904,20.0,50.08353298762813,0.9367816091954023,0.12269938650306748,P6->P4->P15->P5->P8->P18->P17->P1->P12->P10->P7->P14->P9->P16->P2->P20->P13->P3->P19->P11
8,DRF-RH-Full,20,266.0,543.3333333333334,39.16666666666667,195.11026235602398,40.0,88.06332800304517,1.528735632183908,0.15037593984962405,P6->P4->P19->P11->P16->P20->P12->P10->P7->P17->P18->P8->P3->P13->P9->P14->P1->P2->P5->P15
8,DRF-RH-Light,20,258.0,530.0,39.16666666666667,197.02015098974954,40.0,61.74940802156925,1.4827586206896552,0.15503875968992248,P6->P4->P19->P11->P16->P20->P13->P3->P18->P17->P10->P12->P7->P8->P5->P15->P9->P2->P14->P1
9,NNF,20,166.0,376.66666666666663,205.27777777777774,166.57672904402793,20.0,32.497674983460456,1.0849673202614378,0.12048192771084337,P4->P10->P9->P15->P1->P12->P2->P13->P19->P14->P11->P3->P20->P8->P6->P5->P16->P17->P18->P7
9,AStarOnly,20,153.0,355.00000000000006,185.55555555555554,165.88956889160423,20.0,31.31081903120503,1.0,0.13071895424836602,P4->P15->P10->P9->P5->P6->P8->P20->P3->P11->P14->P19->P1->P12->P2->P13->P7->P18->P16->P17
9,Proposed-Balanced,20,219.0,465.0000000000001,268.0555555555556,215.57455164244496,20.0,32.35371399205178,1.4313725490196079,0.091324200913242,P15->P9->P5->P10->P4->P13->P2->P12->P1->P14->P17->P20->P3->P11->P7->P19->P16->P18->P8->P6
9,RH-Proposed-v2,20,209.0,448.33333333333337,179.7222222222222,180.15564138689285,40.0,671.3534360169433,1.3660130718954249,0.19138755980861244,P4->P15->P1->P12->P13->P2->P19->P14->P20->P3->P17->P6->P8->P5->P9->P10->P11->P7->P18->P16
9,Priority-Greedy,20,276.0,559.9999999999999,174.72222222222226,249.26333802206508,60.0,31.491087982431054,1.803921568627451,0.21739130434782608,P15->P4->P17->P20->P1->P12->P7->P13->P6->P5->P9->P10->P14->P19->P2->P11->P3->P18->P16->P8
9,Deadline-Greedy,20,284.0,573.3333333333334,193.61111111111117,226.6560614299294,40.0,31.82065300643444,1.8562091503267975,0.14084507042253522,P15->P1->P12->P13->P4->P9->P17->P20->P6->P5->P7->P14->P19->P2->P10->P11->P3->P16->P18->P8
9,TSP-2opt,20,156.0,360.00000000000006,195.83333333333337,159.30246229916136,20.0,36.86968900728971,1.0196078431372548,0.1282051282051282,P4->P10->P9->P15->P13->P2->P12->P1->P19->P14->P11->P3->P20->P8->P6->P5->P17->P16->P18->P7
9,DRF-RH-Full,20,206.0,443.3333333333333,154.16666666666666,173.1979614085903,40.0,82.98219804419205,1.34640522875817,0.1941747572815534,P4->P15->P1->P12->P2->P13->P14->P19->P7->P17->P20->P6->P5->P9->P10->P11->P3->P18->P16->P8
9,DRF-RH-Light,20,190.0,416.6666666666667,161.11111111111111,170.33885052502026,40.0,57.2373439790681,1.2418300653594772,0.21052631578947367,P4->P15->P1->P12->P13->P2->P14->P19->P7->P18->P17->P16->P20->P6->P5->P9->P10->P11->P3->P8
10,NNF,19,118.0,291.66666666666674,209.33333333333334,177.0679915055636,0.0,52.23836796358228,0.9752066115702479,0.0,P10->P9->P17->P13->P5->P18->P3->P12->P8->P7->P11->P14->P4->P2->P1->P20->P15->P19->P16
10,AStarOnly,19,121.0,296.66666666666674,220.00000000000006,178.4921620447438,0.0,52.460764010902494,1.0,0.0,P10->P9->P17->P5->P13->P3->P18->P12->P8->P7->P11->P4->P14->P16->P19->P15->P20->P1->P2
10,Proposed-Balanced,19,202.0,431.66666666666663,108.00000000000003,171.9305791915998,80.0,52.246576990000904,1.6694214876033058,0.39603960396039606,P10->P8->P11->P7->P2->P4->P16->P19->P20->P15->P14->P1->P12->P3->P18->P13->P9->P17->P5
10,RH-Proposed-v2,19,202.0,431.66666666666663,105.0,169.25875829769225,80.0,1024.745829985477,1.6694214876033058,0.39603960396039606,P8->P7->P11->P16->P19->P20->P1->P2->P4->P14->P3->P13->P5->P10->P9->P17->P15->P18->P12
10,Priority-Greedy,19,244.0,501.66666666666674,107.33333333333334,177.16445519238567,80.0,52.16022301465273,2.0165289256198347,0.32786885245901637,P7->P8->P11->P16->P19->P20->P2->P4->P13->P5->P10->P17->P9->P3->P14->P1->P15->P18->P12
10,Deadline-Greedy,19,219.0,460.0,112.33333333333334,182.42383468832827,60.0,64.81464800890535,1.8099173553719008,0.273972602739726,P7->P8->P11->P16->P20->P2->P19->P4->P14->P13->P5->P10->P9->P17->P3->P18->P12->P1->P15
10,TSP-2opt,19,118.0,291.66666666666674,209.33333333333334,177.0679915055636,0.0,54.03828201815486,0.9752066115702479,0.0,P10->P9->P17->P13->P5->P18->P3->P12->P8->P7->P11->P14->P4->P2->P1->P20->P15->P19->P16
10,DRF-RH-Full,19,202.0,431.66666666666663,105.0,169.25875829769225,80.0,101.67087300214916,1.6694214876033058,0.39603960396039606,P8->P7->P11->P16->P19->P20->P1->P2->P4->P14->P3->P13->P5->P10->P9->P17->P15->P18->P12
10,DRF-RH-Light,19,205.0,436.6666666666667,104.0,176.41075655585942,80.0,77.29766902048141,1.6942148760330578,0.3902439024390244,P8->P7->P11->P16->P19->P20->P2->P4->P14->P12->P3->P13->P5->P10->P9->P17->P18->P1->P15
11,NNF,20,144.0,339.99999999999994,98.0,158.18475898572288,60.0,30.178543995134532,1.0140845070422535,0.4166666666666667,P14->P3->P20->P13->P5->P2->P18->P8->P10->P7->P15->P4->P1->P6->P9->P16->P19->P11->P17->P12
11,AStarOnly,20,142.0,336.66666666666663,98.0,157.68439698677588,60.0,30.612023954745382,1.0,0.4225352112676056,P14->P3->P20->P13->P5->P2->P18->P8->P10->P7->P15->P4->P1->P9->P6->P16->P19->P11->P17->P12
11,Proposed-Balanced,20,229.0,481.6666666666666,92.33333333333333,196.9836154332584,80.0,31.286760000512004,1.6126760563380282,0.34934497816593885,P3->P13->P2->P20->P17->P19->P9->P6->P7->P4->P10->P15->P8->P18->P5->P12->P11->P16->P1->P14
11,RH-Proposed-v2,20,217.0,461.6666666666667,68.66666666666666,175.6090999609304,80.0,617.5483189872466,1.528169014084507,0.3686635944700461,P3->P20->P13->P2->P10->P7->P4->P9->P6->P19->P8->P18->P11->P17->P12->P5->P14->P1->P15->P16
11,Priority-Greedy,20,255.0,525.0,82.66666666666667,203.196535840995,80.0,30.88405297603458,1.795774647887324,0.3137254901960784,P3->P13->P20->P2->P6->P9->P4->P10->P7->P19->P17->P18->P8->P15->P1->P14->P5->P12->P11->P16
11,Deadline-Greedy,20,255.0,525.0,92.33333333333334,209.66848075136116,80.0,31.067576026543975,1.795774647887324,0.3137254901960784,P3->P13->P20->P2->P17->P6->P9->P10->P7->P4->P19->P18->P8->P15->P1->P14->P5->P12->P11->P16
11,TSP-2opt,20,140.0,333.33333333333326,99.33333333333334,157.80720253632947,60.0,34.47151998989284,0.9859154929577465,0.42857142857142855,P14->P3->P20->P13->P5->P2->P18->P8->P10->P7->P1->P4->P15->P9->P6->P16->P19->P11->P17->P12
11,DRF-RH-Full,20,217.0,461.6666666666667,68.66666666666666,175.6090999609304,80.0,81.60296699497849,1.528169014084507,0.3686635944700461,P3->P20->P13->P2->P10->P7->P4->P9->P6->P19->P8->P18->P11->P17->P12->P5->P14->P1->P15->P16
11,DRF-RH-Light,20,221.0,468.3333333333333,73.33333333333334,176.24405537101637,80.0,56.73012899933383,1.556338028169014,0.36199095022624433,P3->P20->P2->P13->P10->P7->P4->P15->P9->P6->P8->P18->P19->P11->P17->P12->P5->P14->P1->P16
12,NNF,20,159.0,365.0,167.59259259259258,172.40938025889596,60.0,40.46431899769232,0.9695121951219512,0.37735849056603776,P7->P19->P3->P1->P18->P17->P12->P15->P6->P10->P20->P4->P11->P13->P9->P5->P2->P14->P16->P8
12,AStarOnly,20,164.0,373.33333333333337,122.40740740740742,155.8081251560957,80.0,30.260155035648495,1.0,0.4878048780487805,P7->P19->P3->P16->P14->P8->P18->P17->P12->P15->P6->P10->P20->P4->P11->P13->P9->P5->P2->P1
12,Proposed-Balanced,20,230.0,483.33333333333337,175.00000000000003,190.2279343346183,80.0,32.73867699317634,1.4024390243902438,0.34782608695652173,P19->P7->P3->P16->P18->P12->P17->P20->P5->P4->P9->P2->P14->P6->P10->P15->P8->P1->P11->P13
12,RH-Proposed-v2,20,218.0,463.3333333333333,110.0,154.2146183160675,80.0,617.2828900162131,1.329268292682927,0.3669724770642202,P7->P19->P16->P18->P17->P12->P6->P20->P4->P13->P5->P9->P2->P14->P3->P1->P8->P15->P10->P11
12,Priority-Greedy,20,299.0,598.3333333333334,179.62962962962962,227.86082902070814,100.0,29.21799896284938,1.8231707317073171,0.33444816053511706,P16->P18->P6->P19->P7->P3->P12->P20->P4->P13->P5->P2->P14->P17->P10->P15->P1->P9->P11->P8
12,Deadline-Greedy,20,272.0,553.3333333333333,149.62962962962962,204.63607365576837,100.0,30.002674960996956,1.6585365853658536,0.36764705882352944,P16->P18->P6->P12->P19->P7->P3->P14->P20->P4->P13->P5->P2->P9->P10->P17->P1->P15->P8->P11
12,TSP-2opt,20,155.0,358.3333333333333,154.44444444444446,166.43355432985962,80.0,48.02916198968887,0.9451219512195121,0.5161290322580645,P7->P19->P3->P16->P14->P2->P5->P9->P13->P11->P4->P20->P10->P6->P15->P12->P17->P18->P1->P8
12,DRF-RH-Full,20,210.0,449.99999999999994,86.48148148148148,142.58188425813003,100.0,80.76917997095734,1.2804878048780488,0.47619047619047616,P7->P19->P16->P14->P18->P12->P6->P20->P4->P13->P9->P5->P2->P3->P1->P8->P17->P15->P10->P11
12,DRF-RH-Light,20,206.0,443.33333333333326,109.25925925925925,152.19561455552602,100.0,56.343329953961074,1.2560975609756098,0.4854368932038835,P7->P19->P16->P18->P12->P6->P10->P20->P4->P13->P9->P5->P2->P14->P3->P1->P8->P17->P15->P11
13,NNF,20,191.0,418.33333333333337,220.66666666666666,179.22182577023804,20.0,38.29961596056819,1.0,0.10471204188481675,P8->P13->P10->P16->P11->P9->P18->P1->P6->P14->P3->P19->P4->P17->P12->P2->P5->P15->P7->P20
13,AStarOnly,20,191.0,418.33333333333337,223.0,179.83596181026167,20.0,38.4521369705908,1.0,0.10471204188481675,P8->P13->P10->P16->P11->P9->P18->P1->P6->P14->P3->P19->P4->P17->P12->P5->P2->P15->P7->P20
13,Proposed-Balanced,20,213.0,455.0,170.66666666666669,193.43717074690133,20.0,37.87901101168245,1.1151832460732984,0.09389671361502347,P8->P13->P10->P11->P9->P18->P6->P7->P3->P4->P12->P5->P2->P17->P19->P14->P1->P15->P16->P20
13,RH-Proposed-v2,20,225.0,475.00000000000006,177.33333333333334,183.8118105222405,20.0,762.551445979625,1.1780104712041886,0.08888888888888889,P8->P13->P10->P11->P9->P3->P14->P6->P7->P18->P4->P17->P12->P2->P5->P16->P20->P15->P1->P19
13,Priority-Greedy,20,306.0,610.0000000000001,176.66666666666669,291.1325520824067,80.0,36.89067799132317,1.6020942408376964,0.26143790849673204,P4->P3->P7->P9->P11->P12->P2->P5->P10->P8->P13->P20->P18->P14->P6->P15->P16->P1->P19->P17
13,Deadline-Greedy,20,296.0,593.3333333333334,153.0,272.82011091542347,80.0,37.19884599559009,1.549738219895288,0.2702702702702703,P7->P4->P3->P9->P11->P2->P12->P5->P10->P8->P13->P20->P18->P14->P6->P15->P16->P1->P19->P17
13,TSP-2opt,20,153.0,355.0,180.66666666666666,166.78884361578244,20.0,61.05916702654213,0.8010471204188482,0.13071895424836602,P13->P8->P10->P16->P11->P9->P2->P5->P12->P17->P4->P19->P3->P14->P6->P7->P1->P18->P15->P20
13,DRF-RH-Full,20,221.0,468.33333333333326,155.33333333333331,220.1049274152056,40.0,99.27161398809403,1.1570680628272252,0.18099547511312217,P10->P11->P9->P3->P14->P6->P7->P18->P2->P5->P12->P4->P17->P19->P1->P15->P16->P8->P13->P20
13,DRF-RH-Light,20,246.0,510.0,163.33333333333331,188.16913029185017,20.0,66.81170995580032,1.287958115183246,0.08130081300813008,P13->P8->P10->P11->P9->P18->P7->P14->P3->P19->P4->P12->P2->P5->P15->P6->P1->P20->P16->P17
14,NNF,20,197.0,428.33333333333337,210.55555555555557,195.41763361254834,20.0,33.9127280167304,1.0,0.10152284263959391,P2->P11->P3->P7->P18->P9->P10->P14->P12->P19->P17->P6->P13->P1->P16->P15->P4->P5->P20->P8
14,AStarOnly,20,197.0,428.33333333333337,210.55555555555557,195.41763361254834,20.0,33.66350498981774,1.0,0.10152284263959391,P2->P11->P3->P7->P18->P9->P10->P14->P12->P19->P17->P6->P13->P1->P16->P15->P4->P5->P20->P8
14,Proposed-Balanced,20,229.0,481.6666666666666,139.7222222222222,204.75391668502434,80.0,31.995144032407552,1.1624365482233503,0.34934497816593885,P11->P20->P15->P17->P19->P14->P10->P12->P9->P18->P8->P7->P3->P2->P4->P5->P6->P13->P1->P16
14,RH-Proposed-v2,20,247.0,511.6666666666667,144.44444444444446,196.91395601414234,60.0,728.0121769872494,1.2538071065989849,0.242914979757085,P11->P14->P12->P19->P17->P15->P4->P6->P13->P16->P10->P9->P18->P7->P3->P2->P20->P5->P1->P8
14,Priority-Greedy,20,317.0,628.3333333333333,140.2777777777778,250.7816409032274,60.0,33.79302698886022,1.6091370558375635,0.1892744479495268,P15->P19->P14->P12->P17->P16->P10->P11->P20->P4->P5->P9->P7->P3->P2->P18->P8->P13->P6->P1
14,Deadline-Greedy,20,291.0,585.0,147.22222222222226,238.4376452855716,60.0,33.99180498672649,1.4771573604060915,0.20618556701030927,P15->P19->P14->P12->P17->P10->P16->P9->P11->P20->P4->P5->P2->P7->P3->P18->P8->P13->P6->P1
14,TSP-2opt,20,177.0,395.00000000000006,185.0,194.59849167185644,40.0,56.281038967426866,0.8984771573604061,0.22598870056497175,P2->P20->P5->P4->P15->P17->P6->P13->P1->P16->P19->P12->P14->P10->P9->P18->P11->P3->P7->P8
14,DRF-RH-Full,20,283.0,571.6666666666667,132.5,203.6631592028864,60.0,88.51219300413504,1.4365482233502538,0.21201413427561838,P11->P12->P14->P19->P17->P15->P10->P16->P13->P6->P4->P5->P20->P3->P7->P8->P18->P9->P2->P1
14,DRF-RH-Light,20,275.0,558.3333333333334,138.88888888888889,215.23683488217242,60.0,60.24324003374204,1.3959390862944163,0.21818181818181817,P11->P14->P12->P19->P17->P15->P10->P16->P13->P6->P9->P18->P7->P3->P20->P2->P5->P4->P1->P8
15,NNF,20,183.0,405.0,200.41666666666666,162.51697887093232,0.0,30.33450897783041,1.0,0.0,P16->P7->P11->P2->P6->P20->P4->P12->P19->P17->P8->P3->P15->P5->P13->P10->P18->P9->P1->P14
15,AStarOnly,20,183.0,405.0,200.41666666666666,162.51697887093232,0.0,30.846851994283497,1.0,0.0,P16->P7->P11->P2->P6->P20->P4->P12->P19->P17->P8->P3->P15->P5->P13->P10->P18->P9->P1->P14
15,Proposed-Balanced,20,244.0,506.6666666666667,155.41666666666666,209.3688646398424,60.0,31.632672005798668,1.3333333333333333,0.2459016393442623,P20->P6->P4->P13->P10->P7->P2->P11->P19->P8->P3->P17->P12->P18->P16->P14->P1->P15->P5->P9
15,RH-Proposed-v2,20,242.0,503.33333333333337,119.58333333333334,194.6446108572672,60.0,723.5159389674664,1.3224043715846994,0.24793388429752067,P6->P20->P4->P13->P19->P17->P8->P3->P7->P11->P2->P16->P14->P1->P15->P5->P10->P18->P12->P9
15,Priority-Greedy,20,322.0,636.6666666666666,90.41666666666667,229.86791380479778,60.0,31.561867974232882,1.7595628415300546,0.18633540372670807,P20->P4->P13->P6->P19->P14->P16->P7->P10->P8->P17->P3->P15->P1->P11->P18->P12->P2->P5->P9
15,Deadline-Greedy,20,268.0,546.6666666666666,97.08333333333333,204.2405780383929,60.0,30.412061023525894,1.46448087431694,0.22388059701492538,P20->P4->P13->P19->P6->P7->P16->P14->P1->P8->P17->P3->P15->P10->P18->P12->P11->P2->P5->P9
15,TSP-2opt,20,161.0,368.33333333333337,190.41666666666666,155.35051822314503,0.0,39.62189599405974,0.8797814207650273,0.0,P16->P7->P11->P2->P6->P12->P4->P20->P18->P10->P13->P19->P17->P8->P3->P15->P5->P9->P1->P14
15,DRF-RH-Full,20,250.0,516.6666666666667,103.75000000000001,205.94181772408294,60.0,84.46353895124048,1.366120218579235,0.24,P20->P4->P13->P19->P8->P17->P6->P7->P16->P14->P1->P3->P15->P5->P10->P18->P2->P11->P12->P9
15,DRF-RH-Light,20,252.0,520.0,105.83333333333334,202.5937083520582,60.0,58.578661002684385,1.3770491803278688,0.23809523809523808,P20->P4->P13->P19->P8->P17->P6->P2->P7->P16->P14->P1->P3->P15->P5->P10->P18->P12->P11->P9
16,NNF,20,179.0,398.33333333333337,110.00000000000001,194.84411971745936,20.0,31.255222973413765,0.9179487179487179,0.11173184357541899,P6->P13->P10->P11->P4->P19->P14->P12->P5->P2->P1->P18->P7->P16->P15->P17->P8->P9->P20->P3
16,AStarOnly,20,195.0,425.0,425.0,224.45524062374187,0.0,30.631086963694543,1.0,0.0,P6->P13->P10->P11->P19->P14->P12->P5->P2->P1->P18->P7->P16->P15->P17->P8->P20->P3->P9->P4
16,Proposed-Balanced,20,234.0,490.0,113.33333333333334,258.77069227807675,20.0,32.22958400147036,1.2,0.08547008547008547,P16->P18->P12->P19->P4->P1->P14->P2->P11->P10->P13->P6->P15->P17->P8->P7->P9->P20->P3->P5
16,RH-Proposed-v2,20,201.0,435.00000000000006,125.00000000000001,208.43509484384603,0.0,665.1708410354331,1.0307692307692307,0.0,P16->P15->P18->P12->P19->P4->P11->P9->P20->P3->P14->P5->P2->P1->P7->P8->P17->P6->P13->P10
16,Priority-Greedy,20,279.0,565.0,70.0,245.92064152498182,20.0,32.120282005053014,1.4307692307692308,0.07168458781362007,P4->P19->P11->P20->P9->P12->P18->P15->P16->P17->P7->P8->P1->P3->P5->P14->P10->P13->P6->P2
16,Deadline-Greedy,20,231.0,484.99999999999994,70.0,230.23170877595035,20.0,31.87190496828407,1.1846153846153846,0.08658008658008658,P4->P19->P11->P20->P9->P12->P18->P15->P16->P17->P8->P7->P5->P3->P14->P1->P2->P10->P13->P6
16,TSP-2opt,20,169.0,381.66666666666674,110.00000000000001,192.8791616931483,20.0,36.12096403958276,0.8666666666666667,0.11834319526627218,P6->P13->P10->P11->P4->P19->P14->P12->P5->P2->P1->P18->P15->P16->P17->P8->P7->P9->P20->P3
16,DRF-RH-Full,20,201.0,435.00000000000006,125.00000000000001,207.65951046379567,0.0,86.56002895440906,1.0307692307692307,0.0,P16->P15->P18->P12->P19->P4->P11->P3->P20->P9->P14->P5->P2->P1->P7->P8->P17->P6->P13->P10
16,DRF-RH-Light,20,201.0,435.00000000000006,125.00000000000001,207.65951046379567,0.0,60.93658902682364,1.0307692307692307,0.0,P16->P15->P18->P12->P19->P4->P11->P3->P20->P9->P14->P5->P2->P1->P7->P8->P17->P6->P13->P10
17,NNF,20,147.0,345.0,275.0,196.6181971246221,0.0,29.326481046155095,0.9130434782608695,0.0,P9->P10->P5->P8->P4->P11->P6->P3->P14->P19->P1->P15->P17->P13->P7->P18->P12->P2->P16->P20
17,AStarOnly,20,161.0,368.3333333333333,368.3333333333333,212.6255228710557,0.0,28.86669698636979,1.0,0.0,P9->P10->P6->P3->P14->P19->P1->P15->P17->P13->P7->P4->P8->P11->P5->P2->P16->P20->P12->P18
17,Proposed-Balanced,20,203.0,438.3333333333334,236.66666666666669,214.08922582807395,0.0,29.12302000913769,1.2608695652173914,0.0,P10->P9->P5->P11->P12->P2->P20->P16->P18->P1->P14->P3->P6->P17->P7->P13->P4->P8->P19->P15
17,RH-Proposed-v2,20,206.0,443.3333333333334,266.6666666666667,197.93389957668813,0.0,517.7532579982653,1.279503105590062,0.0,P10->P12->P2->P16->P20->P5->P11->P8->P4->P17->P18->P1->P14->P3->P9->P6->P19->P15->P13->P7
17,Priority-Greedy,20,273.0,555.0,156.66666666666669,225.1109298290923,20.0,28.649663960095495,1.6956521739130435,0.07326007326007326,P5->P11->P12->P2->P18->P17->P10->P20->P16->P1->P4->P8->P3->P14->P6->P13->P7->P9->P19->P15
17,Deadline-Greedy,20,204.0,440.00000000000006,320.0,212.73414908057748,0.0,29.135565971955657,1.2670807453416149,0.0,P5->P11->P12->P2->P20->P16->P10->P9->P4->P8->P17->P1->P18->P14->P3->P6->P19->P15->P13->P7
17,TSP-2opt,20,137.0,328.33333333333337,258.33333333333337,184.8980096519891,0.0,31.336287036538124,0.8509316770186336,0.0,P9->P10->P5->P11->P8->P4->P6->P3->P14->P19->P1->P15->P17->P13->P7->P18->P12->P2->P16->P20
17,DRF-RH-Full,20,187.0,411.66666666666674,278.33333333333337,198.80570493981924,0.0,74.77700803428888,1.1614906832298137,0.0,P10->P12->P2->P16->P20->P9->P5->P11->P8->P4->P17->P18->P1->P14->P3->P6->P13->P7->P19->P15
17,DRF-RH-Light,20,232.0,486.66666666666674,325.0,204.3835222535913,0.0,55.01168098999187,1.4409937888198758,0.0,P5->P10->P12->P2->P16->P20->P14->P1->P17->P4->P8->P11->P13->P18->P3->P6->P9->P19->P15->P7
18,NNF,20,184.0,406.6666666666667,272.77777777777777,182.45565255860382,0.0,41.71630699420348,1.0,0.0,P18->P9->P12->P6->P8->P14->P11->P10->P16->P5->P19->P15->P3->P1->P13->P17->P4->P20->P7->P2
18,AStarOnly,20,184.0,406.66666666666663,267.77777777777777,182.4900441149442,0.0,41.678529989439994,1.0,0.0,P9->P18->P12->P6->P8->P14->P11->P10->P16->P5->P19->P15->P3->P1->P13->P4->P17->P20->P7->P2
18,Proposed-Balanced,20,230.0,483.3333333333334,254.44444444444449,228.5966375267724,20.0,43.772679986432195,1.25,0.08695652173913043,P18->P9->P7->P5->P19->P15->P3->P1->P16->P10->P14->P11->P6->P12->P8->P20->P2->P13->P17->P4
18,RH-Proposed-v2,20,221.0,468.3333333333333,188.33333333333334,209.52865733801352,40.0,811.675104952883,1.201086956521739,0.18099547511312217,P18->P7->P16->P5->P19->P15->P3->P1->P14->P6->P12->P9->P20->P2->P10->P11->P8->P4->P17->P13
18,Priority-Greedy,20,345.0,675.0000000000001,110.0,285.0858393683849,60.0,38.806814001873136,1.875,0.17391304347826086,P7->P16->P5->P19->P4->P18->P14->P3->P1->P6->P12->P20->P2->P10->P15->P17->P13->P8->P11->P9
18,Deadline-Greedy,20,319.0,631.6666666666666,111.66666666666667,261.9130215539868,40.0,40.21040297811851,1.733695652173913,0.12539184952978055,P7->P16->P5->P19->P3->P4->P18->P14->P6->P12->P20->P2->P10->P1->P15->P11->P8->P9->P13->P17
18,TSP-2opt,20,178.0,396.6666666666667,257.22222222222223,208.373132335533,20.0,53.01493196748197,0.967391304347826,0.11235955056179775,P18->P9->P12->P6->P4->P17->P13->P1->P3->P15->P19->P5->P16->P10->P11->P14->P8->P20->P7->P2
18,DRF-RH-Full,20,261.0,535.0,168.33333333333334,216.56595359258154,40.0,97.51923696603626,1.4184782608695652,0.1532567049808429,P18->P7->P16->P5->P19->P3->P1->P14->P6->P12->P20->P2->P10->P4->P17->P13->P15->P11->P8->P9
18,DRF-RH-Light,20,243.0,505.0,180.0,212.12199534071203,40.0,70.16200199723244,1.3206521739130435,0.1646090534979424,P18->P7->P16->P5->P19->P15->P3->P1->P14->P6->P12->P20->P2->P10->P11->P8->P4->P17->P13->P9
19,NNF,20,164.0,373.33333333333337,190.66666666666669,180.2412280364729,0.0,30.88417899562046,1.0580645161290323,0.0,P15->P17->P14->P2->P3->P5->P16->P11->P13->P18->P4->P1->P10->P20->P12->P8->P9->P19->P6->P7
19,AStarOnly,20,155.0,358.33333333333337,286.6666666666667,206.36070486299735,0.0,31.87509800773114,1.0,0.0,P15->P17->P14->P3->P5->P2->P6->P7->P19->P9->P8->P12->P20->P10->P16->P11->P13->P18->P4->P1
19,Proposed-Balanced,20,231.0,485.0,81.0,198.94980146419985,80.0,32.49709599185735,1.4903225806451612,0.3463203463203463,P4->P16->P18->P10->P20->P8->P12->P11->P2->P3->P17->P15->P14->P5->P6->P7->P19->P9->P13->P1
19,RH-Proposed-v2,20,229.0,481.6666666666667,114.0,191.38668072664277,60.0,689.0710280276835,1.4774193548387098,0.26200873362445415,P4->P18->P16->P11->P10->P20->P2->P14->P15->P3->P5->P17->P6->P13->P12->P8->P9->P19->P7->P1
19,Priority-Greedy,20,286.0,576.6666666666666,88.0,226.58813768495173,80.0,32.51711302436888,1.8451612903225807,0.27972027972027974,P4->P16->P20->P8->P11->P18->P3->P2->P15->P6->P7->P5->P10->P12->P13->P14->P17->P1->P19->P9
19,Deadline-Greedy,20,253.0,521.6666666666666,92.33333333333334,218.5368975017583,80.0,32.212171994615346,1.632258064516129,0.31620553359683795,P4->P16->P20->P8->P11->P10->P18->P3->P2->P15->P6->P7->P17->P5->P14->P1->P13->P12->P9->P19
19,TSP-2opt,20,154.0,356.6666666666667,181.66666666666666,172.81933861111935,0.0,35.66368803149089,0.9935483870967742,0.0,P15->P17->P14->P2->P3->P5->P1->P4->P18->P13->P11->P16->P10->P20->P12->P8->P9->P19->P6->P7
19,DRF-RH-Full,20,215.0,458.33333333333337,104.0,191.00455101193293,80.0,82.77401298983023,1.3870967741935485,0.37209302325581395,P4->P18->P16->P11->P20->P10->P3->P2->P14->P17->P15->P6->P13->P12->P8->P9->P19->P7->P5->P1
19,DRF-RH-Light,20,231.0,485.0,68.33333333333334,184.30583803090798,80.0,58.64712595939636,1.4903225806451612,0.3463203463203463,P4->P18->P16->P10->P20->P8->P12->P11->P3->P2->P14->P17->P15->P5->P13->P6->P7->P19->P9->P1
20,NNF,20,149.0,348.3333333333333,125.33333333333334,169.7087337517026,40.0,29.896602034568787,0.9490445859872612,0.2684563758389262,P17->P19->P15->P4->P16->P10->P7->P9->P14->P6->P1->P20->P2->P11->P3->P5->P13->P8->P12->P18
20,AStarOnly,20,157.0,361.6666666666667,138.33333333333331,180.43325678734055,40.0,29.6057160012424,1.0,0.25477707006369427,P19->P17->P15->P4->P16->P10->P7->P9->P6->P14->P1->P20->P2->P11->P3->P5->P13->P8->P12->P18
20,Proposed-Balanced,20,215.0,458.3333333333333,152.66666666666669,196.34976697823083,60.0,30.269281996879727,1.3694267515923566,0.27906976744186046,P19->P17->P15->P7->P9->P4->P20->P2->P1->P14->P6->P10->P18->P13->P8->P12->P11->P5->P3->P16
20,RH-Proposed-v2,20,181.0,401.6666666666667,99.33333333333334,158.90516921699233,60.0,519.012454955373,1.1528662420382165,0.3314917127071823,P17->P19->P15->P9->P7->P1->P20->P2->P11->P5->P3->P13->P18->P4->P16->P14->P6->P10->P12->P8
20,Priority-Greedy,20,273.0,555.0,112.66666666666667,198.20380822385562,60.0,29.977810045238584,1.7388535031847134,0.21978021978021978,P17->P15->P19->P20->P1->P7->P9->P11->P5->P13->P18->P4->P2->P14->P6->P10->P12->P8->P3->P16
20,Deadline-Greedy,20,198.0,429.99999999999994,125.33333333333334,184.1634705479028,60.0,30.006040004082024,1.2611464968152866,0.30303030303030304,P17->P15->P19->P20->P2->P1->P7->P9->P18->P13->P11->P5->P3->P8->P12->P4->P10->P16->P14->P6
20,TSP-2opt,20,149.0,348.3333333333333,125.33333333333334,169.7087337517026,40.0,31.026295968331397,0.9490445859872612,0.2684563758389262,P17->P19->P15->P4->P16->P10->P7->P9->P14->P6->P1->P20->P2->P11->P3->P5->P13->P8->P12->P18
20,DRF-RH-Full,20,181.0,401.66666666666663,99.33333333333334,159.22992852238457,60.0,76.37172198155895,1.1528662420382165,0.3314917127071823,P17->P19->P15->P9->P7->P1->P20->P2->P11->P5->P3->P13->P18->P4->P12->P16->P10->P6->P14->P8
20,DRF-RH-Light,20,188.0,413.33333333333326,99.33333333333334,159.9062729961274,60.0,50.83356302930042,1.197452229299363,0.3191489361702128,P17->P19->P15->P9->P7->P1->P20->P2->P11->P5->P13->P18->P4->P10->P16->P12->P8->P3->P14->P6
21,NNF,20,142.0,336.66666666666674,181.94444444444446,174.30578279807685,40.0,28.56805600458756,0.8452380952380952,0.28169014084507044,P16->P12->P18->P10->P8->P15->P2->P1->P9->P19->P11->P7->P20->P4->P6->P17->P13->P3->P5->P14
21,AStarOnly,20,168.0,380.0,176.94444444444443,174.53489669854523,20.0,28.648264007642865,1.0,0.11904761904761904,P16->P12->P18->P15->P10->P8->P2->P1->P9->P19->P11->P7->P5->P3->P13->P17->P6->P20->P4->P14
21,Proposed-Balanced,20,267.0,545.0,185.2777777777778,219.01264845858162,20.0,29.246838996186852,1.5892857142857142,0.0749063670411985,P8->P15->P10->P2->P1->P12->P11->P7->P5->P13->P3->P14->P17->P20->P19->P4->P6->P16->P18->P9
21,RH-Proposed-v2,20,222.0,470.00000000000006,151.38888888888889,176.65413710909587,40.0,627.5148820132017,1.3214285714285714,0.18018018018018017,P12->P8->P10->P15->P2->P7->P20->P4->P11->P1->P5->P3->P13->P14->P16->P18->P9->P19->P6->P17
21,Priority-Greedy,20,294.0,590.0,137.22222222222226,229.76593431041428,100.0,29.379121027886868,1.75,0.3401360544217687,P8->P12->P11->P5->P13->P7->P20->P15->P10->P2->P18->P16->P14->P3->P4->P19->P9->P1->P17->P6
21,Deadline-Greedy,20,240.0,500.0,139.44444444444446,217.5990263834437,80.0,28.903568047098815,1.4285714285714286,0.3333333333333333,P8->P12->P11->P7->P5->P13->P20->P4->P15->P10->P2->P1->P9->P19->P18->P16->P14->P3->P17->P6
21,TSP-2opt,20,136.0,326.6666666666667,177.5,175.5523143166066,40.0,31.37752303155139,0.8095238095238095,0.29411764705882354,P16->P12->P18->P11->P19->P9->P1->P2->P15->P8->P10->P7->P20->P4->P6->P17->P13->P3->P5->P14
21,DRF-RH-Full,20,243.0,505.00000000000006,133.33333333333334,194.92020451387674,60.0,78.21708102710545,1.4464285714285714,0.24691358024691357,P12->P8->P10->P15->P11->P7->P5->P13->P20->P4->P2->P1->P9->P18->P16->P14->P3->P17->P6->P19
21,DRF-RH-Light,20,218.0,463.3333333333333,139.7222222222222,173.6891647431006,40.0,54.76893199374899,1.2976190476190477,0.1834862385321101,P12->P8->P10->P15->P7->P5->P3->P13->P2->P11->P19->P20->P4->P9->P1->P18->P16->P14->P17->P6
22,NNF,20,172.0,386.6666666666667,263.3333333333333,219.9771123245881,0.0,32.89922600379214,0.7818181818181819,0.0,P14->P20->P12->P11->P18->P4->P13->P16->P19->P15->P1->P5->P10->P17->P8->P3->P7->P6->P2->P9
22,AStarOnly,20,220.0,466.6666666666667,276.6666666666667,231.75753780772646,20.0,33.19909604033455,1.0,0.09090909090909091,P14->P20->P12->P6->P2->P7->P3->P18->P11->P15->P19->P13->P16->P4->P8->P9->P17->P1->P5->P10
22,Proposed-Balanced,20,263.0,538.3333333333334,223.33333333333334,210.26483493021394,40.0,34.31300102965906,1.1954545454545455,0.1520912547528517,P14->P2->P6->P7->P13->P16->P18->P15->P1->P10->P5->P19->P17->P8->P3->P9->P11->P12->P20->P4
22,RH-Proposed-v2,20,251.0,518.3333333333334,175.0,196.84543803671184,40.0,699.3606640025973,1.1409090909090909,0.1593625498007968,P2->P6->P7->P16->P13->P15->P10->P5->P1->P14->P12->P11->P18->P9->P3->P8->P4->P17->P19->P20
22,Priority-Greedy,20,311.0,618.3333333333333,145.00000000000003,247.85583103120737,60.0,33.43314497033134,1.4136363636363636,0.19292604501607716,P2->P6->P13->P10->P15->P14->P9->P7->P16->P18->P3->P8->P17->P5->P1->P19->P4->P11->P12->P20
22,Deadline-Greedy,20,293.0,588.3333333333334,145.00000000000003,237.8945419918056,60.0,33.069623983465135,1.3318181818181818,0.20477815699658702,P2->P6->P13->P10->P15->P14->P9->P7->P18->P16->P17->P5->P1->P19->P4->P8->P3->P11->P12->P20
22,TSP-2opt,20,166.0,376.6666666666667,279.16666666666663,224.3071423698652,0.0,40.4050630168058,0.7545454545454545,0.0,P14->P20->P12->P11->P18->P4->P19->P15->P1->P5->P10->P17->P13->P16->P8->P3->P7->P6->P2->P9
22,DRF-RH-Full,20,243.0,504.99999999999994,123.33333333333334,187.34018891657834,60.0,85.78317100182176,1.1045454545454545,0.24691358024691357,P6->P2->P9->P7->P13->P16->P15->P5->P10->P1->P14->P12->P11->P18->P3->P8->P4->P19->P17->P20
22,DRF-RH-Light,20,247.0,511.6666666666667,165.00000000000003,199.86900924471715,40.0,68.35085002239794,1.1227272727272728,0.16194331983805668,P2->P6->P18->P13->P16->P15->P1->P5->P10->P14->P12->P7->P9->P3->P8->P4->P17->P19->P11->P20
23,NNF,20,155.0,358.3333333333333,208.12499999999997,203.04047653405067,20.0,31.48590202908963,1.0264900662251655,0.12903225806451613,P7->P15->P2->P3->P17->P19->P11->P6->P18->P12->P13->P9->P5->P10->P14->P1->P8->P4->P20->P16
23,AStarOnly,20,151.0,351.6666666666667,212.5,206.33745764216368,20.0,31.59579000202939,1.0,0.13245033112582782,P7->P15->P2->P3->P17->P11->P6->P18->P12->P13->P9->P5->P10->P4->P20->P16->P14->P1->P19->P8
23,Proposed-Balanced,20,311.0,618.3333333333333,231.66666666666666,239.70877775968728,60.0,31.39623301103711,2.0596026490066226,0.19292604501607716,P13->P1->P12->P5->P19->P6->P11->P18->P14->P9->P4->P10->P20->P8->P17->P15->P2->P7->P3->P16
23,RH-Proposed-v2,20,229.0,481.66666666666674,136.25000000000003,180.21580004119315,80.0,591.8813979951665,1.5165562913907285,0.34934497816593885,P15->P19->P1->P13->P12->P4->P20->P10->P5->P9->P8->P14->P18->P6->P11->P17->P3->P2->P7->P16
23,Priority-Greedy,20,311.0,618.3333333333333,152.29166666666669,233.53695015198988,100.0,30.955755966715515,2.0596026490066226,0.3215434083601286,P15->P13->P12->P4->P19->P8->P1->P5->P20->P18->P6->P11->P14->P10->P9->P17->P2->P7->P3->P16
23,Deadline-Greedy,20,287.0,578.3333333333333,136.25,212.57150012512415,100.0,30.67530901171267,1.900662251655629,0.34843205574912894,P15->P13->P12->P4->P20->P19->P8->P1->P5->P10->P18->P6->P11->P14->P9->P17->P2->P7->P3->P16
23,TSP-2opt,20,135.0,325.0,202.08333333333337,204.40838438878276,20.0,40.51016800804064,0.8940397350993378,0.14814814814814814,P7->P15->P2->P3->P17->P8->P19->P11->P6->P18->P1->P14->P12->P13->P9->P5->P10->P4->P20->P16
23,DRF-RH-Full,20,235.0,491.66666666666674,136.45833333333334,181.99372764210838,80.0,81.22958400053903,1.5562913907284768,0.3404255319148936,P15->P19->P1->P13->P12->P4->P20->P10->P5->P9->P8->P11->P6->P18->P14->P17->P3->P2->P7->P16
23,DRF-RH-Light,20,242.0,503.3333333333334,138.12500000000003,184.5717322026219,80.0,53.69478196371347,1.6026490066225165,0.3305785123966942,P15->P19->P1->P13->P12->P5->P10->P4->P20->P18->P6->P11->P8->P17->P3->P2->P14->P9->P16->P7
24,NNF,20,145.0,341.66666666666663,157.57575757575756,145.61797917376578,60.0,30.421335017308593,0.9415584415584416,0.41379310344827586,P12->P6->P14->P16->P10->P9->P3->P11->P17->P15->P20->P2->P8->P19->P7->P4->P13->P1->P18->P5
24,AStarOnly,20,154.0,356.66666666666674,164.54545454545453,150.66922791004328,60.0,30.38732602726668,1.0,0.38961038961038963,P6->P12->P14->P16->P10->P9->P3->P11->P17->P15->P20->P2->P4->P7->P19->P5->P18->P8->P13->P1
24,Proposed-Balanced,20,213.0,455.00000000000006,178.18181818181816,175.2937517948672,60.0,29.648108989931643,1.3831168831168832,0.28169014084507044,P6->P12->P14->P16->P2->P17->P11->P19->P10->P9->P15->P4->P8->P18->P5->P1->P13->P7->P3->P20
24,RH-Proposed-v2,20,227.0,478.3333333333334,134.84848484848484,175.05307267436564,100.0,604.1840700199828,1.474025974025974,0.44052863436123346,P6->P14->P10->P2->P8->P19->P11->P9->P17->P15->P4->P18->P5->P1->P13->P16->P12->P20->P3->P7
24,Priority-Greedy,20,306.0,610.0000000000001,232.87878787878782,255.68986035987203,80.0,30.03343305317685,1.9870129870129871,0.26143790849673204,P19->P2->P8->P11->P6->P14->P12->P15->P17->P9->P10->P18->P1->P4->P16->P13->P5->P7->P20->P3
24,Deadline-Greedy,20,283.0,571.6666666666666,223.78787878787873,243.2083219108656,60.0,29.259425005875528,1.8376623376623376,0.21201413427561838,P19->P2->P8->P11->P17->P15->P6->P14->P12->P9->P10->P4->P18->P1->P13->P16->P7->P5->P3->P20
24,TSP-2opt,20,145.0,341.66666666666663,157.57575757575756,145.61797917376578,60.0,32.286731991916895,0.9415584415584416,0.41379310344827586,P12->P6->P14->P16->P10->P9->P3->P11->P17->P15->P20->P2->P8->P19->P7->P4->P13->P1->P18->P5
24,DRF-RH-Full,20,201.0,435.0,137.5757575757576,167.86886423613507,100.0,81.25643897801638,1.3051948051948052,0.4975124378109453,P6->P14->P10->P2->P8->P19->P4->P9->P11->P17->P15->P12->P16->P13->P1->P18->P5->P7->P3->P20
24,DRF-RH-Light,20,217.0,461.6666666666667,146.5151515151515,164.73871187360785,80.0,53.923801984637976,1.4090909090909092,0.3686635944700461,P12->P6->P14->P10->P2->P8->P19->P11->P9->P17->P15->P4->P18->P5->P1->P13->P16->P7->P3->P20
25,NNF,20,182.0,403.33333333333326,172.29166666666666,178.12197683032986,40.0,31.196198018733412,0.9891304347826086,0.21978021978021978,P18->P2->P14->P4->P6->P9->P5->P11->P15->P19->P10->P13->P12->P7->P8->P20->P17->P1->P16->P3
25,AStarOnly,20,184.0,406.6666666666666,148.74999999999997,166.02857600162218,60.0,31.88071498880163,1.0,0.32608695652173914,P2->P18->P15->P11->P19->P5->P9->P14->P4->P6->P1->P16->P3->P20->P17->P12->P10->P13->P7->P8
25,Proposed-Balanced,20,263.0,538.3333333333333,175.41666666666666,187.48871086722426,60.0,31.70587297063321,1.4293478260869565,0.22813688212927757,P2->P18->P16->P1->P4->P15->P19->P11->P5->P9->P12->P7->P8->P10->P6->P3->P14->P20->P17->P13
25,RH-Proposed-v2,20,221.0,468.3333333333333,137.91666666666666,180.59130400277544,80.0,623.7541110021994,1.201086956521739,0.36199095022624433,P18->P15->P11->P4->P1->P16->P3->P2->P19->P12->P5->P9->P14->P6->P20->P17->P7->P8->P10->P13
25,Priority-Greedy,20,339.0,665.0,194.79166666666669,259.5178694231641,80.0,30.848860973492265,1.8423913043478262,0.2359882005899705,P12->P15->P16->P4->P1->P17->P11->P19->P2->P18->P5->P9->P6->P20->P7->P8->P10->P14->P3->P13
25,Deadline-Greedy,20,277.0,561.6666666666667,167.08333333333334,225.1187763438853,100.0,32.02082001371309,1.5054347826086956,0.36101083032490977,P16->P4->P12->P15->P11->P19->P2->P18->P1->P17->P20->P5->P9->P6->P14->P3->P7->P8->P10->P13
25,TSP-2opt,20,172.0,386.66666666666663,173.95833333333334,177.10967917013505,40.0,35.121925990097225,0.9347826086956522,0.23255813953488372,P18->P2->P14->P4->P6->P9->P5->P11->P15->P19->P13->P10->P8->P7->P12->P20->P17->P1->P16->P3
25,DRF-RH-Full,20,221.0,468.3333333333333,113.75000000000001,173.70600042126011,100.0,81.39348396798596,1.201086956521739,0.45248868778280543,P18->P15->P11->P12->P5->P4->P1->P16->P3->P2->P19->P9->P14->P6->P20->P17->P7->P8->P10->P13
25,DRF-RH-Light,20,221.0,468.3333333333333,137.91666666666666,180.59130400277544,80.0,54.40408200956881,1.201086956521739,0.36199095022624433,P18->P15->P11->P4->P1->P16->P3->P2->P19->P12->P5->P9->P14->P6->P20->P17->P7->P8->P10->P13
26,NNF,20,133.0,321.6666666666667,121.11111111111113,137.42811328387515,20.0,29.91248102625832,0.9047619047619048,0.15037593984962405,P1->P15->P7->P19->P12->P4->P2->P10->P16->P11->P20->P13->P8->P17->P5->P9->P18->P6->P3->P14
26,AStarOnly,20,147.0,345.0,126.66666666666667,137.1042983330332,20.0,29.7654650057666,1.0,0.1360544217687075,P1->P15->P7->P19->P12->P4->P9->P8->P17->P5->P13->P2->P10->P16->P11->P20->P18->P6->P3->P14
26,Proposed-Balanced,20,185.0,408.33333333333337,106.66666666666667,145.07768205550295,20.0,30.30221804510802,1.2585034013605443,0.10810810810810811,P1->P15->P19->P12->P4->P9->P2->P20->P17->P8->P5->P13->P10->P11->P16->P7->P14->P6->P18->P3
26,RH-Proposed-v2,20,187.0,411.6666666666666,86.11111111111113,154.709268263743,40.0,527.9553810250945,1.272108843537415,0.21390374331550802,P1->P15->P4->P2->P20->P5->P17->P8->P13->P9->P12->P19->P10->P16->P11->P18->P6->P3->P14->P7
26,Priority-Greedy,20,201.0,435.00000000000006,117.22222222222224,164.70717368171998,20.0,30.19442898221314,1.3673469387755102,0.09950248756218906,P1->P15->P2->P4->P9->P13->P20->P5->P17->P8->P12->P19->P10->P11->P16->P7->P14->P6->P18->P3
26,Deadline-Greedy,20,197.0,428.3333333333333,86.11111111111113,167.58381751731673,40.0,30.665719998069108,1.3401360544217686,0.20304568527918782,P1->P15->P4->P2->P20->P5->P17->P9->P13->P8->P12->P19->P10->P11->P16->P7->P14->P6->P3->P18
26,TSP-2opt,20,127.0,311.6666666666667,119.44444444444446,137.07692373604846,20.0,32.85662503913045,0.8639455782312925,0.15748031496062992,P1->P15->P7->P19->P12->P4->P2->P10->P16->P11->P20->P5->P17->P8->P13->P9->P18->P6->P3->P14
26,DRF-RH-Full,20,183.0,404.99999999999994,86.11111111111113,156.4607982083733,40.0,81.54311601538211,1.2448979591836735,0.2185792349726776,P1->P15->P4->P2->P20->P5->P17->P8->P13->P9->P12->P19->P10->P16->P11->P7->P14->P6->P18->P3
26,DRF-RH-Light,20,189.0,415.0,86.11111111111113,154.87553351144933,40.0,53.787939017638564,1.2857142857142858,0.21164021164021163,P1->P15->P4->P2->P20->P5->P17->P8->P13->P9->P12->P19->P10->P11->P16->P18->P6->P3->P14->P7
27,NNF,20,165.0,374.99999999999994,231.6666666666666,207.47033467396864,20.0,39.47121603414416,1.0122699386503067,0.12121212121212122,P16->P7->P2->P6->P3->P13->P1->P14->P15->P19->P8->P17->P11->P20->P18->P12->P10->P5->P9->P4
27,AStarOnly,20,163.0,371.6666666666667,241.66666666666669,220.54240105862525,0.0,39.3355879932642,1.0,0.0,P7->P16->P13->P3->P1->P6->P2->P10->P18->P12->P11->P20->P17->P8->P19->P14->P15->P5->P9->P4
27,Proposed-Balanced,20,209.0,448.3333333333334,229.0,231.26025570060958,20.0,39.739924017339945,1.2822085889570551,0.09569377990430622,P2->P3->P1->P13->P16->P7->P6->P10->P18->P12->P11->P17->P8->P19->P14->P15->P9->P5->P4->P20
27,RH-Proposed-v2,20,247.0,511.66666666666674,94.33333333333334,185.2219261375911,80.0,820.7839339738712,1.5153374233128833,0.32388663967611336,P2->P10->P18->P19->P15->P14->P5->P9->P4->P8->P12->P11->P20->P6->P3->P1->P13->P16->P7->P17
27,Priority-Greedy,20,320.0,633.3333333333334,126.33333333333334,230.69522550025695,60.0,39.819022989831865,1.9631901840490797,0.1875,P2->P18->P5->P19->P9->P4->P14->P10->P12->P15->P3->P16->P1->P6->P11->P20->P8->P17->P13->P7
27,Deadline-Greedy,20,306.0,609.9999999999999,126.33333333333334,229.75636681862912,60.0,40.42889201082289,1.8773006134969326,0.19607843137254902,P2->P18->P5->P19->P9->P4->P14->P10->P12->P15->P3->P1->P16->P6->P11->P20->P17->P8->P13->P7
27,TSP-2opt,20,147.0,345.0,219.66666666666669,202.169668748917,0.0,47.146476979833096,0.901840490797546,0.0,P16->P7->P1->P13->P3->P2->P6->P10->P12->P18->P11->P20->P17->P8->P19->P15->P14->P5->P9->P4
27,DRF-RH-Full,20,225.0,475.0,95.66666666666667,194.61178793960835,80.0,99.30076298769563,1.3803680981595092,0.35555555555555557,P2->P10->P18->P19->P5->P14->P15->P9->P4->P12->P11->P20->P17->P8->P1->P3->P13->P16->P7->P6
27,DRF-RH-Light,20,251.0,518.3333333333334,98.0,199.5612049810954,80.0,74.5567679987289,1.539877300613497,0.3187250996015936,P2->P10->P18->P14->P19->P15->P5->P9->P4->P12->P11->P20->P6->P3->P1->P13->P16->P7->P8->P17
28,NNF,20,185.0,408.33333333333337,137.77777777777777,152.31450766400835,40.0,32.81734598567709,0.9788359788359788,0.21621621621621623,P13->P6->P11->P18->P14->P5->P8->P10->P3->P1->P9->P20->P2->P16->P15->P4->P7->P19->P12->P17
28,AStarOnly,20,189.0,415.0,139.25925925925924,154.20353997824085,40.0,32.78624196536839,1.0,0.21164021164021163,P13->P6->P11->P18->P14->P5->P8->P10->P3->P1->P2->P20->P9->P16->P15->P4->P7->P19->P12->P17
28,Proposed-Balanced,20,241.0,501.66666666666663,148.51851851851853,183.18860795028732,40.0,33.08958699926734,1.2751322751322751,0.16597510373443983,P13->P18->P6->P11->P14->P3->P2->P9->P20->P16->P8->P10->P5->P1->P4->P15->P7->P19->P12->P17
28,RH-Proposed-v2,20,213.0,455.00000000000006,100.92592592592592,159.43944534499482,80.0,607.0379780139774,1.126984126984127,0.3755868544600939,P13->P18->P5->P8->P10->P3->P2->P16->P20->P9->P1->P4->P7->P19->P12->P14->P6->P11->P17->P15
28,Priority-Greedy,20,309.0,615.0,151.2962962962963,216.576125150322,80.0,34.144637000281364,1.6349206349206349,0.2588996763754045,P18->P2->P3->P8->P10->P5->P16->P20->P9->P13->P6->P14->P12->P7->P4->P15->P1->P19->P11->P17
28,Deadline-Greedy,20,287.0,578.3333333333333,178.14814814814815,225.051439864051,80.0,33.812318986747414,1.5185185185185186,0.2787456445993031,P18->P2->P3->P8->P10->P5->P14->P13->P6->P16->P20->P9->P4->P7->P1->P15->P17->P11->P19->P12
28,TSP-2opt,20,167.0,378.33333333333326,225.18518518518513,209.40138322559196,40.0,42.76699299225584,0.8835978835978836,0.23952095808383234,P13->P6->P11->P18->P12->P19->P14->P5->P8->P10->P3->P1->P7->P4->P15->P16->P2->P20->P9->P17
28,DRF-RH-Full,20,235.0,491.66666666666663,94.44444444444444,163.6467017816878,100.0,81.61000401014462,1.2433862433862435,0.425531914893617,P13->P18->P5->P8->P3->P2->P16->P20->P9->P10->P6->P11->P14->P19->P7->P4->P15->P17->P1->P12
28,DRF-RH-Light,20,231.0,484.99999999999994,97.22222222222223,165.22038146358264,100.0,58.37151198647916,1.2222222222222223,0.4329004329004329,P13->P18->P5->P3->P2->P16->P20->P9->P10->P8->P14->P1->P15->P4->P7->P19->P12->P6->P11->P17
29,NNF,20,137.0,328.3333333333333,165.55555555555557,173.2798230523604,0.0,28.45407696440816,0.8670886075949367,0.0,P13->P2->P11->P19->P6->P7->P3->P18->P4->P17->P12->P14->P16->P5->P10->P15->P9->P20->P8->P1
29,AStarOnly,20,158.0,363.3333333333333,205.55555555555554,186.117491782272,0.0,29.548163001891226,1.0,0.0,P13->P5->P16->P14->P12->P17->P4->P3->P18->P19->P6->P7->P11->P2->P9->P20->P8->P1->P10->P15
29,Proposed-Balanced,20,202.0,436.66666666666663,119.44444444444446,206.07382740396937,40.0,29.074831982143223,1.2784810126582278,0.19801980198019803,P13->P10->P12->P17->P20->P1->P8->P7->P19->P11->P2->P6->P3->P18->P4->P9->P14->P5->P16->P15
29,RH-Proposed-v2,20,246.0,510.0,117.22222222222224,201.18177731778394,40.0,569.7065619751811,1.5569620253164558,0.16260162601626016,P13->P10->P12->P17->P20->P8->P9->P7->P19->P11->P2->P5->P3->P18->P4->P1->P15->P14->P16->P6
29,Priority-Greedy,20,280.0,566.6666666666667,174.44444444444446,252.6236919719695,40.0,28.713085048366338,1.7721518987341771,0.14285714285714285,P10->P12->P20->P8->P7->P13->P5->P15->P17->P2->P19->P18->P3->P1->P9->P4->P16->P14->P11->P6
29,Deadline-Greedy,20,263.0,538.3333333333333,178.33333333333334,248.99116151765236,40.0,28.198423038702458,1.6645569620253164,0.1520912547528517,P10->P12->P20->P8->P7->P19->P13->P5->P15->P17->P9->P1->P18->P3->P2->P11->P6->P4->P16->P14
29,TSP-2opt,20,133.0,321.6666666666667,146.66666666666666,164.1267685904698,20.0,32.31353597948328,0.8417721518987342,0.15037593984962405,P13->P2->P11->P7->P6->P19->P3->P18->P4->P17->P12->P15->P10->P5->P16->P14->P9->P20->P8->P1
29,DRF-RH-Full,20,242.0,503.3333333333334,124.44444444444446,196.57556274797923,40.0,78.68096296442673,1.5316455696202531,0.1652892561983471,P13->P10->P12->P17->P20->P8->P9->P2->P7->P19->P3->P18->P4->P15->P5->P14->P16->P1->P11->P6
29,DRF-RH-Light,20,167.0,378.33333333333337,136.66666666666666,164.15588106826254,40.0,54.17072295676917,1.0569620253164558,0.23952095808383234,P13->P5->P10->P12->P17->P9->P20->P8->P1->P3->P18->P19->P7->P6->P11->P2->P15->P14->P16->P4
