seed,method,completed_task_num,total_path_length,total_inspection_time,high_priority_avg_response_time,priority_weighted_completion_time,high_priority_top5_rate,abnormal_task_ids,abnormal_priority_rate,abnormal_avg_response_time,replanning_count,lambda_before_abnormal,lambda_after_abnormal,lambda_change,algorithm_runtime_ms,lambda_mean,lambda_min,lambda_max,lambda_std,task_sequence
0,AStarOnly,20,196.0,426.66666666666663,278.88888888888886,208.53083125537935,0.0,"P9,P14,P15,P8",50.0,107.50000000000001,0,0.0,0.0,0.0,37.646794982720166,0.0,0.0,0.0,0.0,P3->P12->P18->P11->P8->P14->P7->P17->P9->P20->P2->P13->P10->P4->P15->P1->P19->P16->P5->P6
0,Greedy-PADS,20,248.0,513.3333333333334,92.77777777777779,226.57915918668098,60.0,"P11,P15,P16,P10",25.0,202.5,1,0.0,0.0,0.0,35.827650979626924,0.0,0.0,0.0,0.0,P3->P6->P9->P17->P4->P15->P19->P16->P20->P13->P2->P7->P14->P11->P8->P5->P18->P12->P10->P1
0,RH-PADS,20,241.0,501.6666666666667,137.7777777777778,221.6671372432411,40.0,"P9,P13,P14,P8",50.0,70.0,1,0.0,0.0,0.0,728.2207529642619,0.0,0.0,0.0,0.0,P15->P4->P17->P9->P20->P13->P7->P14->P8->P11->P6->P3->P12->P1->P19->P16->P2->P10->P5->P18
0,RH-PADS-L,20,261.0,535.0,136.11111111111111,260.77186791896423,40.0,"P10,P14,P15,P8",50.0,85.83333333333331,1,0.0,0.0,0.0,345.8788259886205,0.0,0.0,0.0,0.0,P4->P9->P17->P10->P15->P1->P7->P14->P8->P11->P6->P5->P20->P13->P2->P19->P16->P3->P12->P18
0,A-RH-PADS,20,245.0,508.33333333333337,137.7777777777778,222.25984226708272,40.0,"P9,P13,P14,P8",50.0,70.0,1,0.6054342372038419,0.7902752630674345,0.18484102586359252,77.87380198715255,0.6202796847435659,0.48661539036110296,0.7902752630674345,0.10601067156738377,P15->P4->P17->P9->P20->P13->P7->P14->P8->P11->P6->P3->P12->P10->P1->P19->P16->P2->P5->P18
0,A-RH-PADS-L,20,235.0,491.6666666666666,115.55555555555559,240.5924836304402,40.0,"P10,P14,P16,P8",50.0,133.33333333333331,1,0.6054342372038419,0.7664960563206789,0.16106181911683692,64.95188100961968,0.6588082556184779,0.5149368659321194,0.7719967633036352,0.10541549241082722,P15->P4->P9->P17->P7->P14->P8->P6->P10->P20->P2->P13->P16->P19->P1->P3->P12->P18->P11->P5
0,Priority-Greedy,20,327.0,645.0000000000001,145.55555555555557,277.5266591228086,40.0,"P11,P15,P16,P10",25.0,257.9166666666667,1,0.0,0.0,0.0,33.33350399043411,0.0,0.0,0.0,0.0,P4->P9->P7->P15->P17->P20->P13->P6->P11->P5->P12->P3->P1->P10->P16->P19->P2->P14->P8->P18
1,AStarOnly,20,152.0,353.33333333333337,130.0,171.28220643360677,40.0,"P11,P17,P13,P14",25.0,157.08333333333331,0,0.0,0.0,0.0,36.00373398512602,0.0,0.0,0.0,0.0,P15->P16->P2->P13->P1->P6->P20->P3->P17->P10->P4->P12->P7->P11->P5->P8->P14->P9->P19->P18
1,Greedy-PADS,20,319.0,631.6666666666667,178.33333333333331,273.9998054630345,40.0,"P12,P16,P14,P15",50.0,184.58333333333331,1,0.0,0.0,0.0,36.35862597730011,0.0,0.0,0.0,0.0,P1->P6->P20->P17->P12->P14->P9->P4->P7->P11->P16->P13->P15->P5->P2->P3->P10->P19->P18->P8
1,RH-PADS,20,243.0,505.0,150.83333333333334,206.8027584576442,60.0,"P12,P17,P14,P15",50.0,130.83333333333331,1,0.0,0.0,0.0,714.1954609542154,0.0,0.0,0.0,0.0,P16->P1->P6->P17->P4->P12->P7->P11->P5->P9->P14->P18->P19->P15->P2->P13->P3->P20->P10->P8
1,RH-PADS-L,20,241.0,501.66666666666663,150.0,204.38687074669667,60.0,"P12,P17,P14,P15",50.0,132.91666666666663,1,0.0,0.0,0.0,331.8161650095135,0.0,0.0,0.0,0.0,P16->P1->P6->P17->P4->P12->P7->P11->P5->P19->P18->P14->P9->P15->P2->P13->P3->P20->P10->P8
1,A-RH-PADS,20,245.0,508.3333333333333,151.66666666666669,207.59645896829326,60.0,"P12,P17,P14,P15",50.0,131.66666666666666,1,0.6285605660952109,0.7914847177960888,0.16292415170087782,74.23776003997773,0.6751239053159565,0.47738899606425866,0.7914847177960888,0.11631828328843062,P16->P1->P6->P17->P4->P12->P7->P11->P5->P9->P14->P19->P18->P15->P2->P13->P3->P20->P10->P8
1,A-RH-PADS-L,20,241.0,501.6666666666667,150.0,203.52810273213777,60.0,"P12,P17,P14,P15",50.0,130.83333333333331,1,0.6285605660952109,0.7914847177960888,0.16292415170087782,59.78025496006012,0.6752074583195679,0.47738899606425866,0.7914847177960888,0.11631358516947858,P16->P1->P6->P17->P4->P12->P7->P11->P19->P18->P14->P9->P5->P15->P2->P13->P3->P20->P10->P8
1,Priority-Greedy,20,297.0,594.9999999999999,142.08333333333331,279.91823166198014,60.0,"P12,P16,P14,P15",100.0,80.00000000000003,1,0.0,0.0,0.0,36.58870101207867,0.0,0.0,0.0,0.0,P1->P17->P4->P12->P14->P16->P15->P7->P11->P13->P6->P20->P3->P2->P5->P19->P18->P9->P8->P10
2,AStarOnly,20,148.0,346.6666666666667,142.83333333333331,149.18086604443027,80.0,"P9,P2,P1,P14",25.0,126.25,0,0.0,0.0,0.0,31.365173985250294,0.0,0.0,0.0,0.0,P16->P20->P13->P5->P7->P3->P1->P2->P12->P10->P15->P8->P14->P18->P17->P4->P9->P6->P19->P11
2,Greedy-PADS,20,228.0,480.0,187.5,191.36740692766307,60.0,"P12,P2,P1,P16",75.0,111.24999999999999,1,0.0,0.0,0.0,31.57987998565659,0.0,0.0,0.0,0.0,P5->P7->P3->P1->P2->P10->P12->P15->P14->P18->P4->P17->P6->P20->P11->P16->P13->P9->P19->P8
2,RH-PADS,20,176.0,393.33333333333326,134.66666666666666,155.07072121944984,80.0,"P10,P2,P1,P15",75.0,76.25,1,0.0,0.0,0.0,609.9183069891296,0.0,0.0,0.0,0.0,P20->P13->P5->P7->P1->P2->P10->P15->P8->P14->P18->P17->P4->P6->P19->P9->P16->P3->P11->P12
2,RH-PADS-L,20,180.0,399.9999999999999,136.83333333333331,156.8535328725269,80.0,"P10,P2,P1,P15",75.0,76.25,1,0.0,0.0,0.0,293.92793599981815,0.0,0.0,0.0,0.0,P20->P13->P5->P7->P1->P2->P10->P15->P8->P14->P17->P4->P18->P6->P9->P19->P16->P3->P11->P12
2,A-RH-PADS,20,182.0,403.33333333333326,139.83333333333331,158.51798909027633,80.0,"P10,P2,P1,P15",75.0,76.25,1,0.6209489570795278,0.7926070554087769,0.17165809832924905,67.85232503898442,0.6489293112336487,0.4871336766673311,0.7989552406944957,0.09178141201974115,P20->P13->P5->P7->P1->P2->P10->P15->P8->P14->P17->P4->P9->P6->P19->P18->P12->P11->P3->P16
2,A-RH-PADS-L,20,206.0,443.3333333333333,150.16666666666666,176.4515423755864,80.0,"P10,P2,P1,P15",50.0,98.74999999999997,1,0.6209489570795278,0.7926070554087769,0.17165809832924905,54.02422102633864,0.6521576830800607,0.4871336766673311,0.7989552406944957,0.09475731136519772,P20->P13->P5->P7->P1->P15->P14->P10->P2->P17->P4->P9->P6->P19->P18->P8->P12->P11->P3->P16
2,Priority-Greedy,20,304.0,606.6666666666667,168.33333333333334,228.49482627130104,100.0,"P11,P2,P1,P15",100.0,93.33333333333334,1,0.0,0.0,0.0,30.921824974939227,0.0,0.0,0.0,0.0,P5->P20->P7->P11->P15->P1->P2->P14->P4->P18->P6->P13->P3->P10->P8->P17->P9->P19->P16->P12
3,AStarOnly,19,130.0,311.6666666666667,179.44444444444446,167.67391146664556,20.0,"P8,P16,P5,P12",50.0,97.91666666666666,0,0.0,0.0,0.0,44.80108997086063,0.0,0.0,0.0,0.0,P10->P6->P7->P1->P14->P16->P8->P9->P3->P12->P19->P18->P17->P13->P4->P15->P2->P20->P5
3,Greedy-PADS,19,189.0,410.00000000000006,126.11111111111113,156.76022171125678,40.0,"P6,P15,P5,P11",25.0,187.5,1,0.0,0.0,0.0,45.87997402995825,0.0,0.0,0.0,0.0,P10->P9->P16->P14->P8->P1->P15->P5->P2->P12->P19->P18->P17->P13->P4->P3->P7->P6->P20
3,RH-PADS,19,194.0,418.33333333333337,134.44444444444443,182.63061778053938,80.0,"P7,P15,P6,P11",75.0,121.25,1,0.0,0.0,0.0,907.3602900025435,0.0,0.0,0.0,0.0,P9->P16->P1->P15->P7->P6->P14->P3->P12->P17->P13->P18->P19->P2->P20->P5->P8->P4->P10
3,RH-PADS-L,19,184.0,401.6666666666667,136.38888888888889,175.3827101099751,80.0,"P7,P15,P6,P11",75.0,119.58333333333333,1,0.0,0.0,0.0,431.5463920356706,0.0,0.0,0.0,0.0,P9->P16->P1->P15->P14->P7->P6->P8->P3->P12->P18->P17->P13->P5->P2->P20->P19->P4->P10
3,A-RH-PADS,19,225.0,470.0,132.50000000000003,186.30153341602707,80.0,"P7,P15,P6,P11",25.0,157.5,1,0.6150619587961494,0.7766022737881964,0.1615403149920469,82.29716401547194,0.7349875694763561,0.6073694188696793,0.7785824552568493,0.05490353007864171,P9->P16->P1->P15->P3->P12->P8->P14->P7->P6->P2->P17->P13->P18->P4->P10->P19->P5->P20
3,A-RH-PADS-L,19,228.0,475.0,140.83333333333334,182.01536101315247,80.0,"P7,P15,P6,P11",25.0,158.33333333333331,1,0.6150619587961494,0.7766022737881964,0.1615403149920469,64.72696497803554,0.7378379193227237,0.6073694188696793,0.7767914153074763,0.056179471796815435,P9->P16->P1->P14->P15->P12->P3->P8->P7->P6->P2->P18->P19->P4->P17->P13->P20->P5->P10
3,Priority-Greedy,19,270.0,545.0,121.66666666666664,207.50583420143045,80.0,"P7,P15,P6,P11",50.0,203.33333333333331,1,0.0,0.0,0.0,45.535087992902845,0.0,0.0,0.0,0.0,P9->P1->P16->P15->P7->P12->P2->P13->P17->P5->P6->P14->P8->P3->P19->P18->P20->P4->P10
4,AStarOnly,20,180.0,400.00000000000006,216.6666666666667,199.48933476951882,0.0,"P13,P11,P6,P12",25.0,172.08333333333337,0,0.0,0.0,0.0,33.382727997377515,0.0,0.0,0.0,0.0,P20->P10->P9->P2->P13->P15->P18->P19->P16->P6->P5->P3->P8->P12->P7->P1->P4->P11->P17->P14
4,Greedy-PADS,20,299.0,598.3333333333334,196.66666666666669,295.4467512980284,0.0,"P13,P10,P6,P12",50.0,205.83333333333334,1,0.0,0.0,0.0,34.640512021724135,0.0,0.0,0.0,0.0,P20->P11->P9->P12->P6->P3->P5->P16->P8->P14->P19->P17->P10->P1->P7->P13->P15->P18->P2->P4
4,RH-PADS,20,223.0,471.6666666666667,123.33333333333331,206.0071086084917,0.0,"P13,P11,P6,P12",25.0,133.75,1,0.0,0.0,0.0,733.3280160091817,0.0,0.0,0.0,0.0,P20->P10->P9->P11->P17->P3->P16->P6->P5->P8->P12->P7->P1->P13->P15->P2->P18->P19->P14->P4
4,RH-PADS-L,20,256.0,526.6666666666667,85.0,218.66985891522893,20.0,"P13,P11,P7,P12",0.0,158.33333333333337,1,0.0,0.0,0.0,358.7685009697452,0.0,0.0,0.0,0.0,P20->P9->P3->P5->P6->P16->P19->P11->P17->P1->P7->P12->P8->P13->P15->P2->P10->P4->P14->P18
4,A-RH-PADS,20,223.0,471.6666666666667,123.33333333333331,206.0071086084917,0.0,"P13,P11,P6,P12",25.0,133.75,1,0.5943661344807052,0.7856242121471331,0.19125807766642788,71.45788002526388,0.6634754439283868,0.4843480745912913,0.7856242121471331,0.1210867499608305,P20->P10->P9->P11->P17->P3->P16->P6->P5->P8->P12->P7->P1->P13->P15->P2->P18->P19->P14->P4
4,A-RH-PADS-L,20,213.0,454.99999999999994,141.66666666666666,203.60922448484806,0.0,"P13,P10,P6,P12",25.0,134.58333333333331,1,0.5937215054459462,0.7723441193307524,0.17862261388480627,56.36985704768449,0.6559176264956105,0.4843480745912913,0.7861026478391008,0.11743957349147614,P20->P9->P11->P17->P6->P5->P3->P8->P12->P7->P1->P10->P13->P2->P15->P18->P19->P14->P16->P4
4,Priority-Greedy,20,312.0,619.9999999999999,193.33333333333334,251.94962744741528,0.0,"P12,P9,P6,P10",75.0,130.41666666666666,1,0.0,0.0,0.0,34.07979098847136,0.0,0.0,0.0,0.0,P20->P11->P17->P9->P12->P3->P6->P5->P16->P19->P15->P10->P1->P7->P8->P4->P13->P18->P2->P14
5,AStarOnly,20,207.0,445.0000000000001,194.72222222222226,210.95418778831691,40.0,"P7,P20,P1,P4",75.0,119.58333333333336,0,0.0,0.0,0.0,33.38334197178483,0.0,0.0,0.0,0.0,P16->P13->P8->P1->P4->P7->P11->P17->P5->P9->P6->P10->P18->P3->P12->P15->P14->P2->P19->P20
5,Greedy-PADS,20,289.0,581.6666666666667,135.00000000000003,232.0898492011354,80.0,"P8,P20,P1,P4",75.0,162.08333333333334,1,0.0,0.0,0.0,34.89787504076958,0.0,0.0,0.0,0.0,P14->P6->P10->P1->P8->P4->P7->P19->P9->P5->P18->P2->P15->P12->P16->P13->P17->P11->P20->P3
5,RH-PADS,20,255.0,525.0,111.11111111111113,197.62382083438467,80.0,"P8,P20,P1,P4",50.0,152.08333333333334,1,0.0,0.0,0.0,757.2008040151559,0.0,0.0,0.0,0.0,P14->P9->P6->P19->P1->P4->P7->P8->P5->P10->P18->P12->P15->P2->P16->P13->P17->P11->P20->P3
5,RH-PADS-L,20,263.0,538.3333333333333,105.27777777777777,205.6798279919902,80.0,"P8,P20,P1,P4",75.0,146.66666666666669,1,0.0,0.0,0.0,353.58899598941207,0.0,0.0,0.0,0.0,P14->P9->P6->P1->P4->P7->P8->P19->P5->P10->P18->P12->P15->P2->P16->P13->P17->P11->P20->P3
5,A-RH-PADS,20,263.0,538.3333333333333,105.27777777777777,205.6798279919902,80.0,"P8,P20,P1,P4",75.0,146.66666666666669,1,0.6416997900163667,0.7926188360714602,0.15091904605509354,75.03338699461892,0.7185786620755256,0.4764296269374744,0.7926188360714602,0.07320470792556774,P14->P9->P6->P1->P4->P7->P8->P19->P5->P10->P18->P12->P15->P2->P16->P13->P17->P11->P20->P3
5,A-RH-PADS-L,20,263.0,538.3333333333333,105.27777777777777,205.6798279919902,80.0,"P8,P20,P1,P4",75.0,146.66666666666669,1,0.6416997900163667,0.7926188360714602,0.15091904605509354,63.02305299323052,0.7185786620755256,0.4764296269374744,0.7926188360714602,0.07320470792556774,P14->P9->P6->P1->P4->P7->P8->P19->P5->P10->P18->P12->P15->P2->P16->P13->P17->P11->P20->P3
5,Priority-Greedy,20,337.0,661.6666666666669,143.61111111111111,259.0148577528715,80.0,"P9,P20,P1,P4",75.0,134.58333333333334,1,0.0,0.0,0.0,34.57957896171138,0.0,0.0,0.0,0.0,P14->P6->P7->P4->P9->P1->P19->P8->P17->P16->P18->P10->P12->P15->P5->P20->P11->P13->P2->P3
6,AStarOnly,20,162.0,369.99999999999994,193.66666666666666,214.07655380590572,40.0,"P6,P5,P2,P13",75.0,118.33333333333333,0,0.0,0.0,0.0,46.25054000644013,0.0,0.0,0.0,0.0,P17->P19->P10->P15->P5->P2->P6->P3->P8->P1->P11->P7->P18->P13->P20->P4->P12->P16->P14->P9
6,Greedy-PADS,20,233.0,488.33333333333337,180.0,185.48051362912747,40.0,"P7,P6,P2,P14",25.0,152.5,1,0.0,0.0,0.0,35.47855297802016,0.0,0.0,0.0,0.0,P10->P17->P5->P2->P20->P13->P18->P7->P12->P14->P16->P4->P9->P15->P6->P3->P8->P11->P1->P19
6,RH-PADS,20,240.0,500.00000000000006,132.66666666666669,161.6324278468451,40.0,"P7,P6,P2,P14",25.0,152.91666666666669,1,0.0,0.0,0.0,718.1561079923995,0.0,0.0,0.0,0.0,P10->P17->P5->P2->P15->P20->P13->P12->P16->P14->P18->P6->P3->P11->P8->P7->P9->P4->P19->P1
6,RH-PADS-L,20,201.0,435.00000000000006,134.33333333333334,161.14164127221395,40.0,"P7,P6,P2,P14",25.0,158.33333333333337,1,0.0,0.0,0.0,318.56790598249063,0.0,0.0,0.0,0.0,P10->P17->P5->P2->P15->P20->P13->P12->P16->P14->P9->P18->P6->P3->P11->P8->P1->P7->P4->P19
6,A-RH-PADS,20,239.0,498.33333333333337,169.0,168.518258990372,40.0,"P6,P5,P2,P13",75.0,95.00000000000001,1,0.6145142661892748,0.7893931483006795,0.17487888211140468,76.5919639961794,0.644951410526768,0.468765687170971,0.7931264945626876,0.11992057446879827,P10->P17->P20->P13->P5->P2->P18->P4->P12->P16->P9->P15->P6->P3->P11->P8->P1->P7->P14->P19
6,A-RH-PADS-L,20,217.0,461.6666666666667,192.33333333333337,168.70981132158727,20.0,"P6,P5,P2,P13",75.0,76.66666666666667,1,0.6145142661892748,0.7893931483006795,0.17487888211140468,60.93815201893449,0.6113200018546744,0.4546539293660632,0.7931264945626876,0.12027914382346577,P10->P17->P20->P13->P18->P2->P5->P15->P6->P3->P11->P8->P4->P12->P16->P14->P9->P7->P1->P19
6,Priority-Greedy,20,350.0,683.3333333333334,162.0,233.09068980363318,60.0,"P7,P6,P2,P14",25.0,310.83333333333337,1,0.0,0.0,0.0,35.702162014786154,0.0,0.0,0.0,0.0,P5->P10->P18->P20->P12->P16->P2->P3->P13->P17->P15->P6->P8->P11->P7->P9->P14->P4->P19->P1
7,AStarOnly,20,188.0,413.33333333333337,187.91666666666666,178.74193177674218,20.0,"P6,P15,P13,P16",50.0,105.41666666666666,0,0.0,0.0,0.0,30.95270600169897,0.0,0.0,0.0,0.0,P12->P5->P10->P4->P15->P13->P7->P2->P16->P14->P11->P19->P20->P6->P18->P17->P8->P1->P3->P9
7,Greedy-PADS,20,303.0,605.0,152.08333333333331,234.2525017535627,60.0,"P5,P14,P11,P15",75.0,97.08333333333334,1,0.0,0.0,0.0,34.292536962311715,0.0,0.0,0.0,0.0,P12->P20->P6->P11->P14->P15->P13->P7->P5->P1->P10->P4->P16->P2->P3->P8->P18->P9->P19->P17
7,RH-PADS,20,212.0,453.3333333333333,90.41666666666666,174.85837431448957,40.0,"P6,P14,P11,P16",75.0,90.83333333333334,1,0.0,0.0,0.0,646.5063530486077,0.0,0.0,0.0,0.0,P12->P3->P15->P13->P16->P14->P11->P20->P6->P4->P10->P5->P1->P18->P17->P8->P7->P2->P19->P9
7,RH-PADS-L,20,206.0,443.3333333333333,90.41666666666666,173.49128262954653,40.0,"P6,P14,P11,P16",75.0,90.83333333333334,1,0.0,0.0,0.0,297.3763110348955,0.0,0.0,0.0,0.0,P12->P3->P15->P13->P16->P14->P11->P20->P6->P5->P10->P1->P18->P17->P8->P4->P7->P2->P19->P9
7,A-RH-PADS,20,200.0,433.33333333333337,90.41666666666666,173.03269619702638,40.0,"P6,P14,P11,P16",75.0,90.83333333333334,1,0.6441907417713808,0.7910552642999983,0.14686452252861748,68.567500973586,0.6284954770066751,0.5171781610611519,0.7910552642999983,0.10637246919624672,P12->P3->P15->P13->P16->P14->P11->P20->P6->P18->P17->P1->P8->P5->P10->P4->P7->P2->P19->P9
7,A-RH-PADS-L,20,212.0,453.33333333333337,90.41666666666666,175.09504672158712,40.0,"P6,P14,P11,P16",75.0,90.83333333333334,1,0.6441907417713808,0.7910552642999983,0.14686452252861748,58.09361598221585,0.627787720751965,0.5100603076110954,0.7910552642999983,0.10751346377172886,P12->P3->P15->P13->P16->P14->P11->P20->P6->P4->P10->P5->P8->P18->P17->P1->P7->P2->P19->P9
7,Priority-Greedy,20,333.0,655.0,98.75000000000001,228.0804851360729,60.0,"P5,P14,P10,P15",75.0,120.83333333333333,1,0.0,0.0,0.0,30.977381975390017,0.0,0.0,0.0,0.0,P12->P20->P11->P15->P13->P5->P10->P3->P6->P14->P16->P4->P1->P18->P9->P2->P7->P19->P8->P17
8,AStarOnly,20,174.0,390.00000000000006,49.16666666666667,201.82130492764543,40.0,"P1,P8,P14,P7",0.0,299.58333333333337,0,0.0,0.0,0.0,32.767170981969684,0.0,0.0,0.0,0.0,P6->P4->P15->P5->P19->P3->P13->P20->P9->P16->P2->P11->P8->P18->P17->P1->P10->P12->P7->P14
8,Greedy-PADS,20,256.0,526.6666666666666,288.3333333333333,233.8565926427822,0.0,"P1,P6,P13,P5",50.0,112.5,1,0.0,0.0,0.0,34.75996700581163,0.0,0.0,0.0,0.0,P18->P17->P8->P6->P5->P19->P11->P13->P20->P9->P16->P10->P12->P1->P7->P14->P3->P4->P15->P2
8,RH-PADS,20,222.0,470.0,129.16666666666669,196.61164552856312,20.0,"P1,P9,P15,P7",25.0,197.5,1,0.0,0.0,0.0,704.7463060007431,0.0,0.0,0.0,0.0,P6->P4->P8->P18->P7->P10->P12->P9->P20->P13->P19->P5->P15->P11->P16->P2->P3->P17->P1->P14
8,RH-PADS-L,20,242.0,503.3333333333333,39.16666666666667,193.00602024732183,40.0,"P1,P8,P14,P7",25.0,172.91666666666666,1,0.0,0.0,0.0,326.37630600947887,0.0,0.0,0.0,0.0,P6->P4->P19->P8->P18->P10->P12->P7->P14->P9->P16->P20->P13->P3->P11->P15->P5->P17->P1->P2
8,A-RH-PADS,20,222.0,470.00000000000006,93.33333333333334,190.10646262002794,20.0,"P1,P7,P14,P5",25.0,146.66666666666666,1,0.6053252642529575,0.7689144155930571,0.16358915134009955,71.7292350018397,0.6511255919582358,0.4854689179179981,0.7756792808920907,0.11420604681864499,P8->P18->P6->P4->P5->P19->P11->P16->P14->P7->P10->P12->P1->P17->P3->P13->P20->P9->P2->P15
8,A-RH-PADS-L,20,218.0,463.3333333333333,139.16666666666669,181.50810869830198,20.0,"P1,P8,P14,P7",25.0,144.16666666666666,1,0.6046588315796123,0.773979927424243,0.16932109584463073,60.21903100190684,0.7086030094650038,0.4904709375864442,0.7766638518192338,0.09457598270748085,P6->P4->P18->P8->P17->P10->P12->P7->P14->P20->P13->P3->P19->P11->P2->P16->P9->P1->P5->P15
8,Priority-Greedy,20,308.0,613.3333333333333,78.33333333333334,223.84216696497563,40.0,"P1,P7,P14,P6",50.0,187.08333333333334,1,0.0,0.0,0.0,34.38301896676421,0.0,0.0,0.0,0.0,P19->P11->P4->P6->P18->P7->P10->P12->P17->P8->P13->P16->P9->P14->P20->P3->P1->P5->P15->P2
9,AStarOnly,20,153.0,355.00000000000006,185.55555555555554,165.88956889160423,20.0,"P13,P9,P14,P11",25.0,117.91666666666669,0,0.0,0.0,0.0,30.6129910168238,0.0,0.0,0.0,0.0,P4->P15->P10->P9->P5->P6->P8->P20->P3->P11->P14->P19->P1->P12->P2->P13->P7->P18->P16->P17
9,Greedy-PADS,20,253.0,521.6666666666667,365.00000000000006,260.1773005675334,0.0,"P13,P10,P14,P11",75.0,92.5,1,0.0,0.0,0.0,31.515917973592877,0.0,0.0,0.0,0.0,P15->P9->P5->P10->P13->P2->P14->P1->P12->P11->P17->P20->P3->P8->P16->P18->P7->P19->P4->P6
9,RH-PADS,20,198.0,430.00000000000006,187.7777777777778,172.08136398410085,40.0,"P13,P10,P14,P11",50.0,104.16666666666666,1,0.0,0.0,0.0,598.496126011014,0.0,0.0,0.0,0.0,P4->P15->P1->P14->P12->P2->P13->P10->P9->P6->P5->P20->P17->P3->P11->P19->P7->P18->P16->P8
9,RH-PADS-L,20,205.0,441.6666666666667,186.94444444444446,186.94064203718122,40.0,"P13,P10,P14,P11",50.0,104.58333333333333,1,0.0,0.0,0.0,300.74356897966936,0.0,0.0,0.0,0.0,P4->P15->P1->P14->P12->P13->P2->P10->P9->P6->P20->P3->P17->P16->P11->P19->P7->P18->P8->P5
9,A-RH-PADS,20,186.0,410.00000000000006,186.66666666666666,167.68921859216624,40.0,"P13,P10,P14,P11",50.0,120.83333333333333,1,0.6313287474723961,0.7814781092660182,0.15014936179362215,64.67899802373722,0.7317342042695765,0.4991138311505847,0.784282656902751,0.07544542673707273,P4->P15->P1->P14->P12->P2->P13->P10->P9->P5->P6->P20->P3->P17->P16->P18->P7->P19->P11->P8
9,A-RH-PADS-L,20,232.0,486.6666666666667,180.83333333333334,183.36046792949205,40.0,"P13,P10,P14,P11",75.0,97.08333333333333,1,0.6313287474723961,0.7814781092660182,0.15014936179362215,52.040111972019076,0.6801517233866464,0.5091907487242784,0.7833935258262024,0.10889076603915583,P4->P15->P1->P14->P12->P13->P10->P9->P5->P6->P20->P3->P17->P11->P7->P19->P16->P18->P8->P2
9,Priority-Greedy,20,312.0,620.0,236.94444444444446,290.0206845891937,60.0,"P12,P9,P13,P10",100.0,95.41666666666666,1,0.0,0.0,0.0,31.445754982996732,0.0,0.0,0.0,0.0,P15->P4->P17->P12->P13->P9->P10->P1->P7->P20->P6->P5->P14->P19->P2->P11->P3->P18->P16->P8
10,AStarOnly,19,121.0,296.66666666666674,220.00000000000006,178.4921620447438,0.0,"P12,P1,P8,P4",0.0,159.16666666666669,0,0.0,0.0,0.0,51.34944396559149,0.0,0.0,0.0,0.0,P10->P9->P17->P5->P13->P3->P18->P12->P8->P7->P11->P4->P14->P16->P19->P15->P20->P1->P2
10,Greedy-PADS,19,225.0,469.99999999999994,123.6666666666667,169.25187565557383,60.0,"P13,P1,P9,P4",25.0,126.25,1,0.0,0.0,0.0,50.89854501420632,0.0,0.0,0.0,0.0,P10->P8->P11->P7->P4->P16->P19->P20->P1->P14->P2->P13->P9->P17->P5->P3->P18->P12->P15
10,RH-PADS,19,197.0,423.33333333333337,100.99999999999999,162.504129634738,80.0,"P13,P1,P10,P4",50.0,89.16666666666667,1,0.0,0.0,0.0,999.061361013446,0.0,0.0,0.0,0.0,P8->P7->P11->P4->P2->P1->P20->P19->P16->P13->P5->P10->P9->P17->P18->P3->P12->P14->P15
10,RH-PADS-L,19,201.0,430.00000000000006,103.0,165.5286033031302,80.0,"P13,P1,P10,P4",50.0,90.83333333333334,1,0.0,0.0,0.0,458.63362797535956,0.0,0.0,0.0,0.0,P8->P11->P7->P4->P2->P1->P20->P19->P16->P13->P5->P10->P9->P17->P3->P18->P12->P14->P15
10,A-RH-PADS,19,185.0,403.33333333333326,112.66666666666666,152.085199512975,60.0,"P12,P1,P9,P4",25.0,125.41666666666663,1,0.6527123109637024,0.7886162438775673,0.13590393291386493,87.58890797616914,0.7198410890108395,0.5681521413604997,0.7886162438775673,0.0744884643890772,P13->P8->P11->P7->P16->P4->P2->P1->P20->P19->P17->P9->P10->P5->P3->P18->P12->P14->P15
10,A-RH-PADS-L,19,215.0,453.33333333333337,104.33333333333334,168.69163411562656,80.0,"P13,P1,P10,P4",50.0,89.16666666666667,1,0.6407703033823917,0.7836465104253473,0.14287620704295556,77.55648100282997,0.6719045870019283,0.5369687887139829,0.7836465104253473,0.10236955092790441,P7->P8->P11->P4->P2->P1->P20->P19->P16->P13->P5->P10->P9->P3->P18->P12->P14->P15->P17
10,Priority-Greedy,19,287.0,573.3333333333335,163.00000000000006,228.66783292334304,60.0,"P13,P1,P10,P4",75.0,105.00000000000001,1,0.0,0.0,0.0,50.77677400549874,0.0,0.0,0.0,0.0,P7->P8->P11->P4->P13->P10->P19->P16->P20->P2->P1->P14->P5->P9->P17->P3->P18->P12->P15
11,AStarOnly,20,142.0,336.66666666666663,98.0,157.68439698677588,60.0,"P8,P7,P10,P2",25.0,69.58333333333331,0,0.0,0.0,0.0,30.19096894422546,0.0,0.0,0.0,0.0,P14->P3->P20->P13->P5->P2->P18->P8->P10->P7->P15->P4->P1->P9->P6->P16->P19->P11->P17->P12
11,Greedy-PADS,20,245.0,508.3333333333333,77.0,201.29450162518216,80.0,"P9,P8,P11,P4",75.0,123.33333333333334,1,0.0,0.0,0.0,30.433317995630205,0.0,0.0,0.0,0.0,P3->P13->P2->P20->P8->P4->P9->P6->P7->P10->P15->P19->P11->P18->P5->P17->P12->P16->P1->P14
11,RH-PADS,20,205.0,441.6666666666667,70.33333333333334,168.65607628051183,80.0,"P8,P7,P10,P2",100.0,44.166666666666664,1,0.0,0.0,0.0,597.835958993528,0.0,0.0,0.0,0.0,P3->P20->P13->P2->P8->P10->P7->P4->P9->P6->P19->P11->P18->P17->P12->P5->P14->P1->P15->P16
11,RH-PADS-L,20,213.0,454.99999999999994,70.33333333333334,165.71815191276858,80.0,"P8,P7,P10,P2",100.0,44.166666666666664,1,0.0,0.0,0.0,275.3451829776168,0.0,0.0,0.0,0.0,P3->P20->P13->P2->P8->P10->P7->P4->P15->P9->P6->P19->P18->P17->P12->P5->P11->P16->P1->P14
11,A-RH-PADS,20,194.0,423.3333333333333,70.33333333333334,163.79358599401553,80.0,"P8,P7,P10,P2",100.0,44.166666666666664,1,0.5923238958350139,0.7752989426135684,0.18297504677855447,68.41190898558125,0.5946679200287736,0.4744439738919275,0.7782823935002499,0.09969560013421505,P3->P20->P13->P2->P8->P10->P7->P4->P9->P6->P16->P19->P11->P18->P12->P17->P5->P14->P1->P15
11,A-RH-PADS-L,20,229.0,481.66666666666663,81.99999999999999,172.66647416078013,80.0,"P8,P7,P10,P2",100.0,44.166666666666664,1,0.5923238958350139,0.7752989426135684,0.18297504677855447,53.45841497182846,0.5994078482606419,0.5023172546859017,0.7782823935002499,0.09398019689625206,P3->P20->P13->P2->P8->P10->P7->P6->P9->P15->P4->P1->P11->P19->P18->P5->P12->P17->P16->P14
11,Priority-Greedy,20,258.0,529.9999999999999,86.0,192.3254804193576,80.0,"P8,P7,P10,P2",75.0,77.08333333333333,1,0.0,0.0,0.0,30.115842004306614,0.0,0.0,0.0,0.0,P3->P13->P20->P2->P10->P7->P6->P9->P4->P8->P18->P19->P17->P12->P14->P1->P15->P16->P11->P5
12,AStarOnly,20,164.0,373.33333333333337,122.40740740740742,155.8081251560957,80.0,"P4,P20,P8,P11",25.0,158.75,0,0.0,0.0,0.0,28.05893396725878,0.0,0.0,0.0,0.0,P7->P19->P3->P16->P14->P8->P18->P17->P12->P15->P6->P10->P20->P4->P11->P13->P9->P5->P2->P1
12,Greedy-PADS,20,217.0,461.66666666666674,172.40740740740742,191.66692486793133,60.0,"P4,P20,P8,P11",50.0,162.08333333333334,1,0.0,0.0,0.0,28.66634097881615,0.0,0.0,0.0,0.0,P19->P7->P3->P16->P20->P4->P18->P12->P8->P17->P6->P10->P15->P1->P14->P2->P5->P11->P13->P9
12,RH-PADS,20,212.0,453.3333333333333,143.70370370370372,170.51756682196398,80.0,"P3,P20,P6,P10",75.0,82.08333333333334,1,0.0,0.0,0.0,553.3625350217335,0.0,0.0,0.0,0.0,P7->P19->P16->P3->P18->P6->P10->P20->P4->P13->P5->P2->P14->P17->P12->P15->P1->P8->P9->P11
12,RH-PADS-L,20,206.0,443.33333333333326,109.25925925925925,152.19561455552602,100.0,"P3,P20,P6,P10",50.0,126.66666666666667,1,0.0,0.0,0.0,260.85330196656287,0.0,0.0,0.0,0.0,P7->P19->P16->P18->P12->P6->P10->P20->P4->P13->P9->P5->P2->P14->P3->P1->P8->P17->P15->P11
12,A-RH-PADS,20,198.0,429.9999999999999,155.92592592592592,173.36421115318797,100.0,"P3,P20,P6,P10",75.0,110.41666666666669,1,0.63506861705913,0.7828918909040051,0.14782327384487515,64.65297599788755,0.6683351019451055,0.5085187499459614,0.7828918909040051,0.10901378456185257,P7->P19->P16->P18->P6->P10->P20->P4->P9->P5->P2->P14->P3->P1->P8->P17->P12->P15->P11->P13
12,A-RH-PADS-L,20,200.0,433.3333333333333,133.14814814814815,160.5536651195149,100.0,"P3,P20,P6,P10",50.0,118.75000000000001,1,0.63506861705913,0.7828918909040051,0.14782327384487515,48.258509021252394,0.6794271925637636,0.5187868279226832,0.7834170297822944,0.10892982384793803,P7->P19->P16->P18->P12->P6->P10->P20->P4->P9->P5->P2->P14->P3->P1->P8->P17->P15->P11->P13
12,Priority-Greedy,20,302.0,603.3333333333334,215.92592592592595,252.02173472276715,80.0,"P3,P20,P7,P10",75.0,117.08333333333333,1,0.0,0.0,0.0,28.942542034201324,0.0,0.0,0.0,0.0,P16->P18->P6->P20->P7->P19->P3->P12->P10->P4->P13->P5->P2->P14->P17->P1->P15->P8->P9->P11
13,AStarOnly,20,191.0,418.33333333333337,223.0,179.83596181026167,20.0,"P11,P18,P12,P7",50.0,165.83333333333334,0,0.0,0.0,0.0,37.94793499400839,0.0,0.0,0.0,0.0,P8->P13->P10->P16->P11->P9->P18->P1->P6->P14->P3->P19->P4->P17->P12->P5->P2->P15->P7->P20
13,Greedy-PADS,20,253.0,521.6666666666667,205.66666666666669,227.0277312273644,20.0,"P11,P18,P12,P7",75.0,112.91666666666667,1,0.0,0.0,0.0,37.886094010900706,0.0,0.0,0.0,0.0,P8->P13->P10->P11->P12->P4->P7->P6->P18->P14->P3->P9->P2->P5->P17->P19->P1->P15->P16->P20
13,RH-PADS,20,207.0,445.0,165.66666666666666,179.3575859171816,20.0,"P11,P18,P12,P7",75.0,99.58333333333333,1,0.0,0.0,0.0,727.4739760323428,0.0,0.0,0.0,0.0,P8->P13->P10->P11->P9->P18->P7->P14->P3->P4->P17->P12->P2->P5->P16->P20->P15->P1->P6->P19
13,RH-PADS-L,20,218.0,463.3333333333333,166.66666666666666,175.64101084725138,20.0,"P11,P18,P12,P7",75.0,99.58333333333334,1,0.0,0.0,0.0,355.1624029641971,0.0,0.0,0.0,0.0,P13->P8->P10->P11->P9->P18->P7->P6->P14->P3->P4->P12->P5->P2->P16->P20->P15->P1->P19->P17
13,A-RH-PADS,20,264.0,540.0000000000001,149.66666666666669,198.21286331743005,20.0,"P12,P18,P13,P7",50.0,140.0,1,0.6212147401883352,0.7920005856692467,0.17078584548091147,83.95593496970832,0.6585972018568943,0.48739453138489197,0.7963757122192605,0.12161241907935931,P8->P10->P11->P9->P18->P7->P14->P3->P4->P12->P2->P5->P13->P16->P15->P1->P20->P6->P19->P17
13,A-RH-PADS-L,20,224.0,473.3333333333333,159.33333333333331,193.63517099834627,20.0,"P9,P18,P12,P7",75.0,79.58333333333334,1,0.6218577895679469,0.7938408209988062,0.17198303143085925,67.84576497739181,0.6346122043531884,0.4812250761953353,0.7939901036816108,0.12636230227017037,P13->P10->P11->P9->P18->P7->P6->P14->P3->P4->P12->P2->P5->P16->P8->P20->P15->P1->P19->P17
13,Priority-Greedy,20,326.0,643.3333333333335,212.66666666666669,309.4532981032325,60.0,"P12,P18,P13,P10",50.0,104.58333333333334,1,0.0,0.0,0.0,37.234231014736,0.0,0.0,0.0,0.0,P4->P3->P7->P18->P9->P12->P11->P10->P13->P8->P2->P5->P16->P20->P14->P6->P15->P1->P19->P17
14,AStarOnly,20,197.0,428.33333333333337,210.55555555555557,195.41763361254834,20.0,"P8,P10,P9,P15",50.0,192.5,0,0.0,0.0,0.0,33.155276032630354,0.0,0.0,0.0,0.0,P2->P11->P3->P7->P18->P9->P10->P14->P12->P19->P17->P6->P13->P1->P16->P15->P4->P5->P20->P8
14,Greedy-PADS,20,271.0,551.6666666666667,166.11111111111111,232.56049070559573,80.0,"P6,P8,P7,P13",50.0,132.5,1,0.0,0.0,0.0,32.652709051035345,0.0,0.0,0.0,0.0,P11->P20->P15->P6->P19->P17->P13->P10->P14->P9->P18->P8->P7->P3->P2->P12->P4->P5->P1->P16
14,RH-PADS,20,255.0,525.0000000000001,183.05555555555557,219.65826079520852,60.0,"P6,P8,P7,P15",50.0,151.25,1,0.0,0.0,0.0,737.8047080128454,0.0,0.0,0.0,0.0,P11->P14->P12->P19->P6->P15->P4->P17->P10->P9->P18->P7->P3->P20->P5->P2->P8->P16->P13->P1
14,RH-PADS-L,20,243.0,504.99999999999994,178.88888888888889,212.18548836645246,60.0,"P6,P8,P7,P15",50.0,173.74999999999997,1,0.0,0.0,0.0,345.6721749971621,0.0,0.0,0.0,0.0,P11->P14->P12->P19->P6->P17->P15->P4->P10->P9->P18->P7->P3->P2->P20->P5->P13->P1->P16->P8
14,A-RH-PADS,20,243.0,504.99999999999994,164.7222222222222,218.9226977999212,60.0,"P6,P8,P7,P12",50.0,155.83333333333331,1,0.6275230281216093,0.7900915547022702,0.1625685265806609,75.72544401045889,0.7346532053011973,0.6250661736564536,0.7900915547022702,0.04894373950210245,P15->P17->P19->P12->P14->P6->P16->P10->P9->P18->P7->P11->P3->P2->P20->P5->P4->P13->P1->P8
14,A-RH-PADS-L,20,249.0,515.0,183.88888888888889,218.1831019296824,60.0,"P6,P8,P7,P15",50.0,185.83333333333334,1,0.6293660776672687,0.792629308852099,0.16326323118483033,60.254348965827376,0.7423823755628985,0.6250661736564536,0.792629308852099,0.05182526814934908,P11->P14->P12->P19->P17->P6->P15->P4->P10->P9->P18->P7->P3->P2->P20->P5->P13->P1->P16->P8
14,Priority-Greedy,20,303.0,605.0,150.83333333333334,261.94200061755305,60.0,"P6,P8,P7,P12",50.0,125.00000000000001,1,0.0,0.0,0.0,32.92607900220901,0.0,0.0,0.0,0.0,P15->P19->P14->P12->P6->P16->P17->P7->P11->P20->P4->P10->P9->P8->P18->P3->P2->P5->P13->P1
15,AStarOnly,20,183.0,405.0,200.41666666666666,162.51697887093232,0.0,"P14,P19,P17,P1",0.0,212.91666666666669,0,0.0,0.0,0.0,30.311042035464197,0.0,0.0,0.0,0.0,P16->P7->P11->P2->P6->P20->P4->P12->P19->P17->P8->P3->P15->P5->P13->P10->P18->P9->P1->P14
15,Greedy-PADS,20,264.0,540.0,130.83333333333334,231.32694230871417,60.0,"P14,P18,P16,P1",50.0,137.91666666666669,1,0.0,0.0,0.0,30.06201103562489,0.0,0.0,0.0,0.0,P20->P6->P4->P18->P13->P10->P16->P14->P1->P8->P19->P3->P17->P12->P7->P2->P11->P15->P5->P9
15,RH-PADS,20,258.0,530.0,89.16666666666667,203.74434749893123,60.0,"P14,P18,P16,P1",50.0,182.9166666666667,1,0.0,0.0,0.0,625.0280009699054,0.0,0.0,0.0,0.0,P6->P20->P4->P13->P19->P14->P16->P7->P1->P17->P8->P3->P12->P18->P10->P2->P11->P5->P15->P9
15,RH-PADS-L,20,252.0,520.0,108.33333333333333,199.68058185758588,60.0,"P14,P18,P16,P1",0.0,195.41666666666666,1,0.0,0.0,0.0,329.54155502375215,0.0,0.0,0.0,0.0,P6->P20->P4->P13->P19->P8->P17->P7->P16->P14->P1->P3->P12->P18->P10->P5->P15->P9->P11->P2
15,A-RH-PADS,20,210.0,450.00000000000006,102.91666666666667,185.3057259412515,60.0,"P14,P18,P16,P1",0.0,172.50000000000003,1,0.6202450875350294,0.7839922434689969,0.1637471559339675,68.62347002606839,0.6605069548938016,0.47032626260471105,0.7847999794320374,0.12300101697774614,P6->P20->P4->P13->P19->P17->P8->P1->P14->P16->P7->P11->P2->P18->P10->P12->P3->P9->P15->P5
15,A-RH-PADS-L,20,221.0,468.33333333333337,105.0,189.24797584688397,60.0,"P14,P18,P16,P1",0.0,180.83333333333331,1,0.6202450875350294,0.7839922434689969,0.1637471559339675,54.663951974362135,0.676009065400027,0.48259896686466985,0.7847999794320374,0.11611966016810171,P6->P20->P4->P13->P19->P17->P8->P3->P1->P14->P16->P7->P11->P2->P18->P10->P5->P15->P9->P12
15,Priority-Greedy,20,290.0,583.3333333333334,79.58333333333334,241.97656546341537,80.0,"P14,P18,P16,P1",50.0,170.83333333333334,1,0.0,0.0,0.0,30.45374999055639,0.0,0.0,0.0,0.0,P20->P4->P13->P14->P16->P6->P19->P1->P8->P17->P7->P18->P10->P12->P11->P2->P3->P15->P5->P9
16,AStarOnly,20,195.0,425.0,425.0,224.45524062374187,0.0,"P5,P11,P7,P15",25.0,115.83333333333333,0,0.0,0.0,0.0,30.681070988066494,0.0,0.0,0.0,0.0,P6->P13->P10->P11->P19->P14->P12->P5->P2->P1->P18->P7->P16->P15->P17->P8->P20->P3->P9->P4
16,Greedy-PADS,20,265.0,541.6666666666666,113.33333333333334,262.51236998097653,20.0,"P5,P9,P6,P13",25.0,211.66666666666669,1,0.0,0.0,0.0,32.31466596480459,0.0,0.0,0.0,0.0,P16->P18->P12->P19->P4->P5->P14->P1->P11->P9->P20->P3->P2->P15->P6->P13->P10->P7->P8->P17
16,RH-PADS,20,217.0,461.6666666666667,143.33333333333334,218.05338382068464,0.0,"P5,P9,P6,P12",50.0,98.33333333333334,1,0.0,0.0,0.0,661.6516949725337,0.0,0.0,0.0,0.0,P16->P15->P18->P12->P5->P19->P4->P11->P9->P20->P3->P14->P2->P1->P6->P13->P10->P7->P8->P17
16,RH-PADS-L,20,230.0,483.3333333333333,178.33333333333334,236.85444353042232,0.0,"P5,P9,P6,P12",75.0,78.75,1,0.0,0.0,0.0,300.1355710439384,0.0,0.0,0.0,0.0,P16->P15->P18->P12->P5->P9->P20->P4->P11->P19->P1->P2->P6->P17->P8->P7->P3->P14->P10->P13
16,A-RH-PADS,20,203.0,438.33333333333337,143.33333333333334,213.6406954565533,0.0,"P5,P9,P6,P12",50.0,123.33333333333334,1,0.575131716619711,0.7658175488380298,0.1906858322183188,72.32124998699874,0.6889410264035994,0.5087630378445159,0.7678208464922248,0.08939691427090915,P16->P15->P18->P12->P5->P19->P4->P11->P14->P9->P20->P3->P1->P2->P7->P8->P17->P6->P13->P10
16,A-RH-PADS-L,20,205.0,441.6666666666667,125.00000000000001,211.0728436508074,0.0,"P5,P9,P6,P12",25.0,145.83333333333334,1,0.575131716619711,0.7658175488380298,0.1906858322183188,58.41887800488621,0.6874062778118224,0.5087630378445159,0.7667636322401996,0.08812670588058111,P16->P15->P18->P12->P19->P4->P11->P9->P20->P3->P5->P14->P2->P1->P7->P8->P17->P6->P13->P10
16,Priority-Greedy,20,290.0,583.3333333333334,70.0,271.80294682825036,20.0,"P6,P10,P7,P14",50.0,157.91666666666669,1,0.0,0.0,0.0,31.337091990280896,0.0,0.0,0.0,0.0,P4->P19->P11->P10->P7->P18->P15->P16->P17->P6->P13->P14->P20->P9->P12->P5->P3->P1->P2->P8
17,AStarOnly,20,161.0,368.3333333333333,368.3333333333333,212.6255228710557,0.0,"P15,P11,P2,P8",0.0,140.0,0,0.0,0.0,0.0,28.624948987271637,0.0,0.0,0.0,0.0,P9->P10->P6->P3->P14->P19->P1->P15->P17->P13->P7->P4->P8->P11->P5->P2->P16->P20->P12->P18
17,Greedy-PADS,20,217.0,461.66666666666674,266.6666666666667,234.71249888170266,0.0,"P15,P11,P2,P8",50.0,167.91666666666669,1,0.0,0.0,0.0,28.79689197288826,0.0,0.0,0.0,0.0,P10->P9->P5->P11->P2->P20->P12->P16->P18->P15->P1->P14->P3->P6->P17->P7->P13->P4->P8->P19
17,RH-PADS,20,178.0,396.66666666666663,295.0,199.906590100787,0.0,"P15,P9,P3,P8",25.0,135.0,1,0.0,0.0,0.0,495.07372797233984,0.0,0.0,0.0,0.0,P10->P12->P2->P16->P20->P9->P5->P11->P8->P4->P3->P1->P15->P18->P17->P14->P19->P6->P13->P7
17,RH-PADS-L,20,196.0,426.6666666666667,246.66666666666666,208.76700442717427,0.0,"P15,P10,P3,P9",50.0,102.08333333333331,1,0.0,0.0,0.0,244.13465399993584,0.0,0.0,0.0,0.0,P5->P12->P2->P20->P16->P9->P10->P3->P1->P17->P18->P15->P4->P8->P11->P6->P14->P19->P13->P7
17,A-RH-PADS,20,206.0,443.3333333333334,315.00000000000006,201.32404996909267,0.0,"P14,P9,P2,P8",50.0,133.33333333333334,1,0.5904742398844129,0.7786844366076219,0.18821019672320893,65.35170902498066,0.7214028312954411,0.5478293155488925,0.7786844366076219,0.07083049684449287,P5->P10->P20->P2->P12->P14->P1->P17->P11->P8->P4->P6->P3->P19->P15->P18->P13->P7->P9->P16
17,A-RH-PADS-L,20,173.0,388.33333333333337,320.0,198.17824014479308,0.0,"P15,P9,P3,P8",25.0,141.25,1,0.591422410647788,0.755269925645207,0.163847514997419,49.42130297422409,0.6737801991257613,0.4726542537209538,0.769136958988654,0.11017264358271489,P10->P12->P2->P16->P20->P9->P5->P11->P8->P4->P3->P14->P19->P1->P17->P15->P18->P13->P7->P6
17,Priority-Greedy,20,244.0,506.6666666666668,156.66666666666669,228.89993303509934,20.0,"P15,P9,P2,P8",50.0,164.16666666666669,1,0.0,0.0,0.0,29.056827013846487,0.0,0.0,0.0,0.0,P5->P11->P12->P2->P18->P17->P8->P10->P9->P20->P16->P1->P14->P3->P4->P6->P15->P19->P13->P7
18,AStarOnly,20,184.0,406.66666666666663,267.77777777777777,182.4900441149442,0.0,"P4,P7,P5,P10",0.0,187.5,0,0.0,0.0,0.0,40.83071002969518,0.0,0.0,0.0,0.0,P9->P18->P12->P6->P8->P14->P11->P10->P16->P5->P19->P15->P3->P1->P13->P4->P17->P20->P7->P2
18,Greedy-PADS,20,250.0,516.6666666666667,210.0,219.4370180154917,20.0,"P4,P8,P5,P11",25.0,180.0,1,0.0,0.0,0.0,41.422845039051026,0.0,0.0,0.0,0.0,P18->P9->P7->P5->P19->P15->P3->P1->P16->P10->P11->P14->P6->P12->P8->P4->P13->P17->P20->P2
18,RH-PADS,20,279.0,565.0,130.55555555555554,229.51515317903534,40.0,"P4,P8,P5,P10",75.0,73.75,1,0.0,0.0,0.0,784.9129689857364,0.0,0.0,0.0,0.0,P18->P7->P16->P5->P10->P14->P8->P1->P3->P4->P17->P6->P12->P20->P2->P19->P15->P11->P9->P13
18,RH-PADS-L,20,222.0,469.99999999999994,171.66666666666663,191.1375495484814,40.0,"P5,P9,P6,P11",25.0,130.41666666666663,1,0.0,0.0,0.0,361.2182729993947,0.0,0.0,0.0,0.0,P18->P7->P2->P16->P5->P19->P15->P3->P1->P11->P14->P6->P12->P9->P20->P8->P4->P17->P13->P10
18,A-RH-PADS,20,273.0,555.0,190.0,210.50643902120123,20.0,"P4,P8,P5,P10",50.0,134.99999999999997,1,0.6101032629349366,0.7755625547016833,0.16545929176674679,83.31732702208683,0.6615846612540279,0.46706332966332986,0.78870751793259,0.12895979532595025,P18->P12->P6->P10->P16->P5->P7->P14->P8->P1->P3->P19->P15->P4->P17->P9->P20->P2->P11->P13
18,A-RH-PADS-L,20,231.0,485.00000000000006,190.0,209.05599575397017,40.0,"P5,P9,P6,P11",25.0,107.91666666666664,1,0.5905319763216923,0.7830766754767674,0.1925446991550751,67.0323459780775,0.6408836236666,0.457403936318428,0.7830766754767674,0.11292920985044189,P18->P7->P2->P16->P5->P3->P1->P11->P14->P6->P12->P9->P20->P10->P15->P19->P13->P4->P17->P8
18,Priority-Greedy,20,333.0,655.0000000000001,103.8888888888889,281.86049864154415,60.0,"P4,P9,P6,P11",75.0,160.41666666666669,1,0.0,0.0,0.0,39.74455303978175,0.0,0.0,0.0,0.0,P7->P16->P5->P4->P6->P18->P9->P14->P3->P19->P15->P1->P11->P12->P20->P2->P10->P17->P13->P8
19,AStarOnly,20,155.0,358.33333333333337,286.6666666666667,206.36070486299735,0.0,"P7,P1,P8,P12",0.0,192.08333333333334,0,0.0,0.0,0.0,32.00861799996346,0.0,0.0,0.0,0.0,P15->P17->P14->P3->P5->P2->P6->P7->P19->P9->P8->P12->P20->P10->P16->P11->P13->P18->P4->P1
19,Greedy-PADS,20,223.0,471.6666666666667,81.0,209.36845230630757,80.0,"P8,P1,P9,P13",50.0,141.25,1,0.0,0.0,0.0,32.571793999522924,0.0,0.0,0.0,0.0,P4->P16->P18->P10->P20->P8->P9->P12->P13->P11->P2->P3->P17->P15->P14->P5->P1->P6->P7->P19
19,RH-PADS,20,202.0,436.66666666666663,68.33333333333334,181.64519229260097,80.0,"P8,P1,P9,P13",50.0,159.16666666666663,1,0.0,0.0,0.0,680.8998410124332,0.0,0.0,0.0,0.0,P4->P18->P16->P11->P20->P8->P13->P2->P14->P15->P17->P3->P5->P1->P10->P12->P9->P19->P6->P7
19,RH-PADS-L,20,208.0,446.66666666666674,69.33333333333334,185.7405450576761,80.0,"P8,P1,P9,P13",25.0,170.00000000000003,1,0.0,0.0,0.0,304.7874799813144,0.0,0.0,0.0,0.0,P4->P18->P16->P10->P20->P12->P8->P13->P2->P3->P14->P17->P15->P5->P1->P11->P19->P9->P6->P7
19,A-RH-PADS,20,202.0,436.6666666666667,68.33333333333334,181.71987916885564,80.0,"P8,P1,P9,P13",50.0,159.16666666666663,1,0.6178309566467242,0.7775281873933672,0.159697230746643,70.05993003258482,0.7009546525076082,0.5153330896064617,0.7775281873933672,0.08790394452725951,P4->P18->P16->P11->P20->P8->P13->P2->P14->P17->P15->P3->P5->P1->P10->P12->P9->P19->P6->P7
19,A-RH-PADS-L,20,214.0,456.6666666666667,69.33333333333334,183.6568530833351,80.0,"P8,P1,P9,P13",25.0,222.50000000000003,1,0.6178309566467242,0.7775281873933672,0.159697230746643,55.77523598913103,0.7335673359416434,0.6079680008337784,0.7814221565422871,0.051186807272961356,P4->P18->P16->P10->P20->P12->P8->P11->P13->P2->P3->P14->P17->P15->P6->P7->P5->P1->P19->P9
19,Priority-Greedy,20,260.0,533.3333333333333,88.0,216.49667995761843,80.0,"P8,P1,P9,P13",50.0,197.91666666666663,1,0.0,0.0,0.0,32.41301397792995,0.0,0.0,0.0,0.0,P4->P16->P20->P8->P11->P18->P1->P3->P2->P15->P6->P7->P13->P10->P5->P17->P14->P19->P9->P12
20,AStarOnly,20,157.0,361.6666666666667,138.33333333333331,180.43325678734055,40.0,"P16,P10,P20,P18",50.0,134.58333333333334,0,0.0,0.0,0.0,29.780204000417143,0.0,0.0,0.0,0.0,P19->P17->P15->P4->P16->P10->P7->P9->P6->P14->P1->P20->P2->P11->P3->P5->P13->P8->P12->P18
20,Greedy-PADS,20,231.0,484.99999999999994,169.66666666666669,211.69852018325648,60.0,"P16,P10,P20,P18",50.0,137.91666666666666,1,0.0,0.0,0.0,29.69241701066494,0.0,0.0,0.0,0.0,P19->P17->P15->P18->P20->P2->P1->P7->P9->P10->P6->P16->P13->P8->P3->P11->P5->P14->P4->P12
20,RH-PADS,20,203.0,438.3333333333333,113.33333333333334,168.04435343890677,60.0,"P16,P10,P20,P18",25.0,154.16666666666669,1,0.0,0.0,0.0,548.9284860086627,0.0,0.0,0.0,0.0,P17->P19->P15->P18->P7->P9->P1->P20->P2->P11->P13->P16->P4->P10->P6->P14->P3->P5->P8->P12
20,RH-PADS-L,20,190.0,416.66666666666663,120.66666666666666,171.4485241267567,60.0,"P16,P10,P20,P18",50.0,129.58333333333334,1,0.0,0.0,0.0,252.29991599917412,0.0,0.0,0.0,0.0,P17->P19->P15->P18->P7->P9->P10->P1->P20->P2->P11->P3->P5->P13->P16->P4->P12->P8->P14->P6
20,A-RH-PADS,20,200.0,433.3333333333333,107.33333333333334,171.82863534475547,60.0,"P16,P10,P20,P18",50.0,145.83333333333331,1,0.6205693429449863,0.7906017384489366,0.17003239550395022,61.92833301611245,0.6504378170093431,0.48992582799738305,0.7940139791460471,0.11726068315210904,P17->P19->P15->P18->P7->P1->P20->P2->P11->P14->P9->P10->P16->P4->P12->P8->P13->P5->P3->P6
20,A-RH-PADS-L,20,192.0,419.99999999999994,99.33333333333334,163.6249467115717,60.0,"P16,P10,P20,P18",25.0,177.08333333333331,1,0.6205693429449863,0.7906017384489366,0.17003239550395022,47.6768990047276,0.6675170445461291,0.4970980198516355,0.7906017384489366,0.10830226793863104,P17->P19->P15->P9->P7->P1->P20->P2->P11->P13->P18->P4->P16->P10->P6->P14->P8->P12->P3->P5
20,Priority-Greedy,20,277.0,561.6666666666667,126.66666666666667,209.84533769095276,60.0,"P16,P10,P20,P18",50.0,173.75,1,0.0,0.0,0.0,30.092937988229096,0.0,0.0,0.0,0.0,P17->P15->P19->P20->P1->P18->P7->P9->P11->P5->P13->P10->P16->P4->P2->P14->P6->P12->P8->P3
21,AStarOnly,20,168.0,380.0,176.94444444444443,174.53489669854523,20.0,"P20,P11,P15,P17",25.0,152.08333333333334,0,0.0,0.0,0.0,28.913006011862308,0.0,0.0,0.0,0.0,P16->P12->P18->P15->P10->P8->P2->P1->P9->P19->P11->P7->P5->P3->P13->P17->P6->P20->P4->P14
21,Greedy-PADS,20,245.0,508.3333333333334,157.22222222222226,201.7171557586702,40.0,"P20,P13,P17,P18",50.0,145.00000000000006,1,0.0,0.0,0.0,28.493563004303724,0.0,0.0,0.0,0.0,P8->P15->P10->P18->P12->P11->P20->P7->P5->P13->P3->P14->P17->P2->P1->P9->P19->P4->P6->P16
21,RH-PADS,20,241.0,501.6666666666667,146.66666666666666,192.303507887985,40.0,"P20,P14,P17,P18",25.0,151.25,1,0.0,0.0,0.0,593.751442967914,0.0,0.0,0.0,0.0,P12->P8->P10->P15->P7->P20->P11->P18->P5->P14->P13->P17->P3->P2->P1->P9->P19->P4->P6->P16
21,RH-PADS-L,20,233.0,488.33333333333337,148.33333333333334,177.66249270622683,40.0,"P20,P14,P17,P18",25.0,137.91666666666666,1,0.0,0.0,0.0,286.0591220087372,0.0,0.0,0.0,0.0,P12->P8->P10->P15->P2->P7->P20->P5->P14->P13->P17->P3->P18->P11->P19->P9->P1->P4->P6->P16
21,A-RH-PADS,20,241.0,501.6666666666667,146.66666666666666,192.303507887985,40.0,"P20,P14,P17,P18",25.0,151.25,1,0.5930235948483377,0.7687675346178151,0.17574393976947744,65.61140104895458,0.6302083547531283,0.4772387367094391,0.773564671934706,0.12295377356457227,P12->P8->P10->P15->P7->P20->P11->P18->P5->P14->P13->P17->P3->P2->P1->P9->P19->P4->P6->P16
21,A-RH-PADS-L,20,213.0,455.0,140.83333333333334,177.8277684793653,40.0,"P20,P14,P17,P18",25.0,190.83333333333334,1,0.5930235948483377,0.7687675346178151,0.17574393976947744,53.20102698169649,0.7099211417779036,0.5049601077953816,0.7740242369233732,0.08549179760264317,P12->P8->P10->P15->P7->P20->P5->P14->P13->P2->P1->P9->P19->P11->P18->P16->P3->P17->P6->P4
21,Priority-Greedy,20,295.0,591.6666666666667,130.83333333333334,233.29303971499772,100.0,"P20,P14,P17,P18",25.0,189.58333333333331,1,0.0,0.0,0.0,28.850935981608927,0.0,0.0,0.0,0.0,P8->P12->P11->P20->P5->P13->P7->P15->P18->P10->P14->P17->P3->P2->P1->P9->P19->P4->P6->P16
22,AStarOnly,20,220.0,466.6666666666667,276.6666666666667,231.75753780772646,20.0,"P7,P13,P1,P11",25.0,185.41666666666669,0,0.0,0.0,0.0,33.569097984582186,0.0,0.0,0.0,0.0,P14->P20->P12->P6->P2->P7->P3->P18->P11->P15->P19->P13->P16->P4->P8->P9->P17->P1->P5->P10
22,Greedy-PADS,20,257.0,528.3333333333333,205.00000000000003,196.1221473584443,40.0,"P9,P15,P1,P13",50.0,137.08333333333331,1,0.0,0.0,0.0,34.228678967338055,0.0,0.0,0.0,0.0,P14->P2->P6->P7->P13->P16->P15->P1->P10->P5->P19->P17->P18->P3->P9->P11->P12->P20->P4->P8
22,RH-PADS,20,260.0,533.3333333333333,219.58333333333331,215.11584171581734,40.0,"P10,P15,P1,P14",75.0,95.41666666666667,1,0.0,0.0,0.0,715.6760439975187,0.0,0.0,0.0,0.0,P2->P6->P7->P13->P15->P1->P10->P5->P14->P12->P11->P18->P3->P8->P16->P17->P19->P4->P20->P9
22,RH-PADS-L,20,221.0,468.3333333333333,162.91666666666669,196.39600670310375,40.0,"P8,P15,P1,P13",75.0,93.75000000000001,1,0.0,0.0,0.0,323.56680900556967,0.0,0.0,0.0,0.0,P14->P12->P6->P13->P15->P1->P5->P10->P17->P16->P8->P3->P7->P9->P2->P11->P18->P4->P19->P20
22,A-RH-PADS,20,239.0,498.33333333333326,140.0,190.6418228398035,60.0,"P9,P15,P1,P13",100.0,91.66666666666667,1,0.6171506151695771,0.7883690799735985,0.17121846480402136,74.83541796682402,0.5858577586753837,0.5028680380070841,0.7883690799735985,0.10113760048828281,P14->P6->P2->P9->P13->P15->P1->P5->P10->P17->P16->P4->P18->P3->P7->P11->P12->P20->P19->P8
22,A-RH-PADS-L,20,236.0,493.3333333333332,219.5833333333333,205.02567061319866,40.0,"P8,P15,P1,P13",75.0,118.74999999999997,1,0.599164757604354,0.7879279383476561,0.18876318074330212,61.29663501633331,0.658456494120587,0.5466623998032567,0.7879279383476561,0.10433694551103603,P14->P12->P6->P2->P13->P15->P1->P5->P10->P17->P16->P8->P3->P7->P11->P18->P4->P19->P20->P9
22,Priority-Greedy,20,339.0,665.0,176.66666666666669,253.17623048680886,40.0,"P9,P15,P1,P14",75.0,112.08333333333334,1,0.0,0.0,0.0,32.216107996646315,0.0,0.0,0.0,0.0,P2->P6->P13->P15->P14->P9->P10->P1->P5->P17->P16->P7->P18->P11->P12->P3->P8->P19->P4->P20
23,AStarOnly,20,151.0,351.6666666666667,212.5,206.33745764216368,20.0,"P19,P14,P17,P11",50.0,151.25,0,0.0,0.0,0.0,31.30692697595805,0.0,0.0,0.0,0.0,P7->P15->P2->P3->P17->P11->P6->P18->P12->P13->P9->P5->P10->P4->P20->P16->P14->P1->P19->P8
23,Greedy-PADS,20,311.0,618.3333333333333,243.95833333333334,264.9793665591129,80.0,"P19,P15,P17,P10",50.0,140.83333333333331,1,0.0,0.0,0.0,32.772269973065704,0.0,0.0,0.0,0.0,P13->P1->P12->P19->P15->P11->P6->P18->P14->P9->P4->P10->P5->P17->P8->P2->P7->P3->P20->P16
23,RH-PADS,20,194.0,423.33333333333337,148.12500000000003,179.81928142301345,80.0,"P18,P13,P16,P10",50.0,77.91666666666667,1,0.0,0.0,0.0,583.9897519908845,0.0,0.0,0.0,0.0,P15->P19->P1->P13->P12->P10->P5->P4->P20->P16->P18->P6->P11->P14->P9->P8->P17->P3->P2->P7
23,RH-PADS-L,20,229.0,481.66666666666674,137.91666666666669,180.35189546239067,80.0,"P18,P13,P16,P10",50.0,142.91666666666666,1,0.0,0.0,0.0,285.03464203095064,0.0,0.0,0.0,0.0,P15->P19->P1->P13->P12->P10->P4->P20->P18->P6->P11->P14->P5->P9->P8->P17->P3->P2->P7->P16
23,A-RH-PADS,20,225.0,475.00000000000006,151.04166666666666,173.40853436617408,60.0,"P19,P14,P17,P9",75.0,87.50000000000001,1,0.6611209559929939,0.8008201290542131,0.13969917306121915,68.70272196829319,0.7028862753718064,0.5019850749363108,0.8008201290542131,0.10660847662023355,P15->P12->P13->P14->P1->P19->P9->P5->P10->P4->P20->P18->P6->P11->P8->P17->P3->P2->P7->P16
23,A-RH-PADS-L,20,238.0,496.66666666666674,159.58333333333334,177.4569533008488,60.0,"P19,P14,P17,P9",75.0,88.75000000000001,1,0.6611209559929939,0.8008201290542131,0.13969917306121915,55.32534001395106,0.7197075430914446,0.52936862456997,0.8008201290542131,0.09136525887306338,P15->P12->P13->P14->P1->P19->P9->P5->P10->P4->P20->P18->P6->P11->P2->P3->P17->P8->P16->P7
23,Priority-Greedy,20,283.0,571.6666666666667,149.58333333333334,219.75241623751754,100.0,"P19,P14,P17,P9",25.0,145.83333333333334,1,0.0,0.0,0.0,29.93894199607894,0.0,0.0,0.0,0.0,P15->P13->P12->P19->P8->P1->P4->P20->P9->P14->P5->P17->P18->P6->P11->P10->P16->P7->P2->P3
24,AStarOnly,20,154.0,356.66666666666674,164.54545454545453,150.66922791004328,60.0,"P19,P16,P8,P2",25.0,135.83333333333337,0,0.0,0.0,0.0,30.22715699626133,0.0,0.0,0.0,0.0,P6->P12->P14->P16->P10->P9->P3->P11->P17->P15->P20->P2->P4->P7->P19->P5->P18->P8->P13->P1
24,Greedy-PADS,20,190.0,416.66666666666674,185.3030303030303,180.2319204230519,60.0,"P19,P16,P8,P2",100.0,56.25,1,0.0,0.0,0.0,29.73186899907887,0.0,0.0,0.0,0.0,P6->P12->P14->P16->P2->P19->P8->P11->P17->P9->P10->P4->P15->P20->P3->P7->P18->P5->P13->P1
24,RH-PADS,20,217.0,461.6666666666667,155.75757575757578,179.1900519448322,100.0,"P19,P16,P8,P2",75.0,74.16666666666669,1,0.0,0.0,0.0,582.9790260177106,0.0,0.0,0.0,0.0,P6->P14->P10->P2->P8->P19->P11->P9->P17->P15->P12->P16->P13->P1->P4->P18->P5->P7->P3->P20
24,RH-PADS-L,20,197.0,428.33333333333337,157.42424242424244,160.6250640072135,60.0,"P19,P16,P8,P2",100.0,52.083333333333336,1,0.0,0.0,0.0,260.68133499938995,0.0,0.0,0.0,0.0,P12->P6->P14->P16->P2->P8->P19->P10->P9->P11->P17->P15->P4->P7->P18->P5->P1->P13->P3->P20
24,A-RH-PADS,20,220.0,466.6666666666667,146.81818181818184,183.04543049116538,100.0,"P19,P16,P8,P2",75.0,67.91666666666669,1,0.6351161265678927,0.8075318892186208,0.1724157626507281,67.24561599548906,0.6591467800387337,0.5364255908683455,0.8075318892186208,0.1050525344000409,P6->P14->P10->P2->P8->P19->P11->P17->P15->P9->P16->P4->P13->P1->P18->P5->P7->P3->P20->P12
24,A-RH-PADS-L,20,162.0,370.0,167.72727272727272,161.76746438124835,60.0,"P19,P16,P8,P2",100.0,52.083333333333336,1,0.6379483580069947,0.7999471790882514,0.16199882108125674,48.4826720203273,0.629580281169535,0.5435851977893146,0.8092662732376481,0.09401651281377912,P12->P6->P14->P16->P2->P8->P19->P10->P9->P11->P3->P17->P20->P15->P4->P7->P5->P18->P13->P1
24,Priority-Greedy,20,321.0,635.0,241.36363636363632,284.7083154242811,100.0,"P18,P15,P9,P3",75.0,186.66666666666663,1,0.0,0.0,0.0,28.51688995724544,0.0,0.0,0.0,0.0,P19->P2->P8->P18->P15->P9->P11->P6->P14->P12->P1->P10->P17->P4->P16->P13->P5->P7->P3->P20
25,AStarOnly,20,184.0,406.6666666666666,148.74999999999997,166.02857600162218,60.0,"P13,P4,P9,P5",50.0,115.41666666666664,0,0.0,0.0,0.0,31.930446974001825,0.0,0.0,0.0,0.0,P2->P18->P15->P11->P19->P5->P9->P14->P4->P6->P1->P16->P3->P20->P17->P12->P10->P13->P7->P8
25,Greedy-PADS,20,224.0,473.3333333333333,166.45833333333331,194.27625466902555,60.0,"P13,P4,P9,P5",75.0,56.666666666666664,1,0.0,0.0,0.0,31.97282599285245,0.0,0.0,0.0,0.0,P2->P18->P16->P4->P9->P5->P15->P19->P11->P13->P12->P7->P8->P10->P6->P1->P3->P14->P20->P17
25,RH-PADS,20,206.0,443.3333333333333,133.54166666666666,184.59988667559722,100.0,"P13,P3,P8,P4",50.0,118.75,1,0.0,0.0,0.0,643.7207130366005,0.0,0.0,0.0,0.0,P18->P15->P11->P4->P16->P3->P1->P5->P12->P7->P8->P13->P10->P19->P2->P14->P9->P6->P20->P17
25,RH-PADS-L,20,228.0,479.99999999999994,138.125,190.15680287623755,100.0,"P13,P3,P8,P4",50.0,181.66666666666669,1,0.0,0.0,0.0,305.33816799288616,0.0,0.0,0.0,0.0,P18->P15->P11->P4->P16->P3->P1->P5->P12->P19->P2->P14->P9->P6->P13->P10->P8->P7->P20->P17
25,A-RH-PADS,20,226.0,476.66666666666663,167.91666666666666,184.59392458040543,60.0,"P14,P4,P9,P5",75.0,53.75000000000001,1,0.6444809927533344,0.7954566601493455,0.1509756673960111,66.6849630069919,0.6650224063473047,0.5341671249354508,0.8011108214546113,0.09290987123916514,P2->P15->P11->P9->P5->P4->P1->P16->P14->P18->P19->P10->P13->P7->P8->P12->P17->P20->P6->P3
25,A-RH-PADS-L,20,244.0,506.6666666666667,176.66666666666669,199.33796018810713,60.0,"P14,P4,P9,P5",75.0,57.91666666666667,1,0.6444809927533344,0.7954566601493455,0.1509756673960111,55.07868103450164,0.6576776771892361,0.53058548208277,0.7996813804983767,0.09605730632706783,P2->P15->P11->P9->P4->P14->P16->P1->P5->P19->P12->P10->P13->P18->P6->P3->P20->P17->P7->P8
25,Priority-Greedy,20,331.0,651.6666666666667,200.0,269.3252746643319,80.0,"P13,P3,P8,P4",25.0,287.9166666666667,1,0.0,0.0,0.0,31.428741000127047,0.0,0.0,0.0,0.0,P12->P15->P16->P4->P1->P17->P11->P19->P2->P18->P3->P5->P9->P8->P7->P20->P6->P14->P10->P13
26,AStarOnly,20,147.0,345.0,126.66666666666667,137.1042983330332,20.0,"P8,P13,P16,P9",25.0,114.58333333333334,0,0.0,0.0,0.0,30.61344102025032,0.0,0.0,0.0,0.0,P1->P15->P7->P19->P12->P4->P9->P8->P17->P5->P13->P2->P10->P16->P11->P20->P18->P6->P3->P14
26,Greedy-PADS,20,226.0,476.6666666666667,102.77777777777779,161.4872148190563,20.0,"P7,P12,P14,P8",50.0,167.5,1,0.0,0.0,0.0,30.061518016736954,0.0,0.0,0.0,0.0,P1->P15->P19->P12->P4->P9->P8->P17->P2->P20->P16->P13->P5->P10->P7->P14->P6->P18->P3->P11
26,RH-PADS,20,186.0,410.0,97.22222222222223,155.52622199569777,20.0,"P8,P13,P16,P9",75.0,55.83333333333334,1,0.0,0.0,0.0,520.6622160039842,0.0,0.0,0.0,0.0,P1->P15->P4->P9->P13->P8->P17->P5->P20->P16->P2->P10->P19->P12->P18->P6->P3->P14->P7->P11
26,RH-PADS-L,20,191.0,418.3333333333334,140.0,162.2856443481027,20.0,"P8,P13,P16,P9",75.0,47.08333333333333,1,0.0,0.0,0.0,254.67735499842092,0.0,0.0,0.0,0.0,P1->P15->P4->P9->P13->P8->P2->P10->P16->P20->P11->P5->P17->P18->P6->P12->P19->P7->P14->P3
26,A-RH-PADS,20,177.0,395.00000000000006,111.66666666666667,148.2651186330018,20.0,"P8,P13,P16,P9",75.0,54.58333333333333,1,0.5922058005493427,0.7727683680152237,0.18056256746588106,62.35319300321862,0.6262129116454209,0.4807770704397032,0.7797359727084883,0.12192389546094684,P1->P15->P4->P9->P13->P8->P17->P5->P2->P10->P16->P11->P20->P19->P12->P14->P18->P6->P3->P7
26,A-RH-PADS-L,20,169.0,381.6666666666667,125.0,143.30754630903087,20.0,"P7,P12,P14,P8",50.0,155.0,1,0.5922058005493427,0.7714201018142444,0.17921430126490168,50.532846013084054,0.6899677192721402,0.49948243021163663,0.7714201018142444,0.1003050851372016,P1->P15->P19->P12->P4->P2->P8->P17->P5->P13->P9->P10->P16->P20->P11->P7->P14->P3->P6->P18
26,Priority-Greedy,20,275.0,558.3333333333335,156.66666666666666,198.65383534680603,20.0,"P8,P13,P16,P9",75.0,96.66666666666667,1,0.0,0.0,0.0,30.063680023886263,0.0,0.0,0.0,0.0,P1->P15->P2->P9->P13->P4->P8->P5->P20->P17->P16->P19->P12->P6->P18->P14->P10->P11->P7->P3
27,AStarOnly,20,163.0,371.6666666666667,241.66666666666669,220.54240105862525,0.0,"P5,P12,P20,P1",25.0,163.75000000000003,0,0.0,0.0,0.0,39.55781401600689,0.0,0.0,0.0,0.0,P7->P16->P13->P3->P1->P6->P2->P10->P18->P12->P11->P20->P17->P8->P19->P14->P15->P5->P9->P4
27,Greedy-PADS,20,307.0,611.6666666666667,259.33333333333337,294.77218839448904,40.0,"P8,P14,P20,P4",75.0,114.58333333333333,1,0.0,0.0,0.0,41.073988017160445,0.0,0.0,0.0,0.0,P2->P3->P1->P14->P4->P8->P9->P18->P17->P20->P5->P12->P19->P15->P10->P6->P7->P16->P13->P11
27,RH-PADS,20,232.0,486.6666666666668,94.33333333333334,194.9364652023034,80.0,"P6,P13,P20,P1",0.0,206.25,1,0.0,0.0,0.0,843.8231130130589,0.0,0.0,0.0,0.0,P2->P10->P18->P19->P15->P14->P5->P9->P4->P1->P13->P3->P6->P12->P20->P11->P17->P8->P7->P16
27,RH-PADS-L,20,241.0,501.6666666666667,164.33333333333334,216.84838265262238,60.0,"P6,P13,P20,P1",0.0,205.83333333333331,1,0.0,0.0,0.0,389.12155997240916,0.0,0.0,0.0,0.0,P2->P10->P18->P14->P15->P5->P19->P9->P17->P20->P11->P12->P6->P3->P13->P1->P16->P7->P8->P4
27,A-RH-PADS,20,232.0,486.66666666666674,100.66666666666666,199.8035680098138,60.0,"P6,P13,P20,P1",0.0,251.25000000000003,1,0.6065229883057783,0.773591664354259,0.16706867604848064,87.13342197006568,0.710222145947461,0.52951754289787,0.7738899224267946,0.08239182670268984,P2->P10->P18->P5->P14->P15->P19->P9->P4->P1->P3->P6->P12->P11->P20->P17->P8->P13->P7->P16
27,A-RH-PADS-L,20,262.0,536.6666666666666,151.0,219.69396872117196,60.0,"P6,P13,P20,P1",0.0,200.83333333333326,1,0.6065229883057783,0.773591664354259,0.16706867604848064,73.60496796900406,0.6827504597111985,0.52951754289787,0.7738899224267946,0.10308311344725779,P2->P10->P18->P5->P14->P15->P19->P9->P20->P11->P12->P6->P3->P1->P13->P8->P17->P4->P7->P16
27,Priority-Greedy,20,273.0,555.0,126.33333333333334,237.0496547955336,60.0,"P7,P13,P20,P1",0.0,250.83333333333337,1,0.0,0.0,0.0,40.50514503614977,0.0,0.0,0.0,0.0,P2->P18->P5->P19->P9->P4->P14->P10->P12->P20->P1->P3->P13->P16->P7->P6->P15->P8->P17->P11
28,AStarOnly,20,189.0,415.0,139.25925925925924,154.20353997824085,40.0,"P3,P15,P4,P2",0.0,167.08333333333331,0,0.0,0.0,0.0,32.98481198726222,0.0,0.0,0.0,0.0,P13->P6->P11->P18->P14->P5->P8->P10->P3->P1->P2->P20->P9->P16->P15->P4->P7->P19->P12->P17
28,Greedy-PADS,20,223.0,471.6666666666668,161.4814814814815,186.87093040589056,40.0,"P3,P14,P4,P2",75.0,91.25,1,0.0,0.0,0.0,32.78895799303427,0.0,0.0,0.0,0.0,P13->P18->P6->P11->P14->P3->P2->P9->P20->P16->P4->P15->P1->P8->P10->P5->P19->P12->P7->P17
28,RH-PADS,20,237.0,494.99999999999994,97.22222222222223,165.91217829016858,100.0,"P3,P14,P4,P2",50.0,107.08333333333331,1,0.0,0.0,0.0,621.5464219567366,0.0,0.0,0.0,0.0,P13->P18->P5->P3->P2->P16->P20->P9->P10->P8->P14->P7->P4->P15->P1->P19->P12->P6->P11->P17
28,RH-PADS-L,20,235.0,491.66666666666663,97.22222222222223,166.36456078655056,100.0,"P3,P14,P4,P2",50.0,105.41666666666666,1,0.0,0.0,0.0,306.7730270558968,0.0,0.0,0.0,0.0,P13->P18->P5->P3->P2->P16->P20->P9->P10->P8->P14->P1->P4->P15->P7->P19->P12->P6->P11->P17
28,A-RH-PADS,20,225.0,475.0,112.5925925925926,170.6293788146547,80.0,"P3,P14,P4,P2",75.0,82.5,1,0.6345539445337991,0.8015574443432024,0.16700349980940332,70.76325599336997,0.6668272970573956,0.49709312125765126,0.8047973889259815,0.11577231986616333,P13->P18->P5->P14->P3->P2->P16->P20->P9->P8->P10->P1->P4->P15->P7->P19->P12->P11->P6->P17
28,A-RH-PADS-L,20,233.0,488.33333333333326,107.59259259259258,175.50866613242817,100.0,"P4,P14,P5,P2",25.0,122.91666666666664,1,0.6345539445337991,0.8047508676845474,0.1701969231507483,54.96603000210598,0.6779921635401401,0.49709312125765126,0.8047508676845474,0.11301751557706025,P13->P18->P3->P2->P16->P20->P9->P8->P10->P5->P14->P1->P15->P4->P7->P19->P12->P11->P6->P17
28,Priority-Greedy,20,284.0,573.3333333333334,183.88888888888886,223.20706969675416,80.0,"P5,P14,P6,P4",75.0,92.08333333333334,1,0.0,0.0,0.0,33.81651401286945,0.0,0.0,0.0,0.0,P18->P2->P3->P5->P14->P6->P13->P8->P10->P16->P20->P9->P4->P7->P12->P19->P1->P15->P17->P11
29,AStarOnly,20,158.0,363.3333333333333,205.55555555555554,186.117491782272,0.0,"P7,P19,P9,P6",0.0,134.16666666666663,0,0.0,0.0,0.0,29.60621303645894,0.0,0.0,0.0,0.0,P13->P5->P16->P14->P12->P17->P4->P3->P18->P19->P6->P7->P11->P2->P9->P20->P8->P1->P10->P15
29,Greedy-PADS,20,255.0,524.9999999999999,198.33333333333334,242.55641285744787,20.0,"P6,P19,P8,P5",75.0,86.25000000000003,1,0.0,0.0,0.0,28.916105977259576,0.0,0.0,0.0,0.0,P13->P10->P12->P5->P8->P19->P7->P6->P2->P20->P17->P4->P3->P18->P1->P9->P14->P15->P16->P11
29,RH-PADS,20,233.0,488.3333333333333,151.66666666666666,206.89429253000182,20.0,"P6,P19,P8,P5",50.0,113.33333333333334,1,0.0,0.0,0.0,553.7760040024295,0.0,0.0,0.0,0.0,P13->P10->P12->P20->P8->P17->P5->P2->P19->P7->P6->P3->P18->P1->P9->P15->P14->P16->P4->P11
29,RH-PADS-L,20,199.0,431.6666666666667,176.66666666666666,187.90630218833516,20.0,"P7,P19,P9,P6",25.0,100.83333333333334,1,0.0,0.0,0.0,254.4150910107419,0.0,0.0,0.0,0.0,P13->P5->P10->P12->P9->P20->P8->P19->P7->P6->P11->P2->P17->P4->P3->P18->P15->P14->P16->P1
29,A-RH-PADS,20,239.0,498.33333333333337,173.8888888888889,227.01727675432895,20.0,"P6,P19,P8,P5",50.0,97.91666666666667,1,0.6025604853741444,0.7876361049196386,0.18507561954549423,65.88433601427823,0.6259520999112859,0.47488436819158303,0.7876361049196386,0.11255041996605468,P13->P10->P12->P20->P8->P19->P7->P6->P2->P5->P17->P14->P16->P9->P1->P18->P3->P4->P15->P11
29,A-RH-PADS-L,20,213.0,455.0000000000001,191.11111111111117,199.95932088965583,20.0,"P7,P19,P9,P6",25.0,117.5,1,0.6307994973510204,0.7926229735753605,0.16182347622434012,52.43274802342057,0.6288573507825009,0.5107850190618027,0.7926229735753605,0.11792159103742433,P13->P5->P12->P10->P9->P20->P8->P19->P7->P6->P18->P3->P4->P17->P16->P14->P15->P2->P11->P1
29,Priority-Greedy,20,293.0,588.3333333333334,194.44444444444446,257.72658162591824,20.0,"P6,P18,P8,P5",50.0,132.5,1,0.0,0.0,0.0,28.303547005634755,0.0,0.0,0.0,0.0,P10->P12->P20->P8->P5->P13->P7->P18->P17->P15->P2->P19->P6->P3->P1->P9->P4->P16->P14->P11
