seed,method,completed_task_num,total_path_length,total_planned_path_length,vehicle_trajectory_length,vehicle_execution_time,total_inspection_time,high_priority_avg_response_time,priority_weighted_completion_time,heading_change_sum,goal_success_rate,trajectory_to_plan_ratio,lambda_mean,lambda_min,lambda_max,lambda_std,failed_task_num,unreachable_task_num,follower_failed_num,adapter_failed_num,task_sequence
0,A-RH-PADS-L,20,257.0,257.0,229.25914138190896,455.3,555.3000000000001,208.22000000000003,236.04876029397687,173.9488845289688,100.0,0.8920589158829142,0.5765381645417674,0.522983960933197,0.6146994622264275,0.02481986307230563,0,0,0,0,P15->P4->P9->P17->P20->P2->P13->P7->P8->P11->P6->P18->P12->P1->P10->P19->P16->P3->P5->P14
0,RH-PADS-L,20,221.0,221.0,191.97654939681522,392.40000000000003,492.3999999999999,132.35999999999999,184.37641889947358,171.65538609753696,100.0,0.8686721692163585,0.0,0.0,0.0,0.0,0,0,0,0,P3->P12->P4->P9->P17->P7->P13->P20->P2->P19->P16->P15->P1->P5->P6->P11->P8->P14->P18->P10
0,AStarOnly,20,190.0,190.0,171.59795509632042,340.80000000000007,440.80000000000007,200.14000000000004,214.7376961143358,126.87081505490315,100.0,0.9031471320858969,0.0,0.0,0.0,0.0,0,0,0,0,P3->P12->P18->P11->P8->P14->P7->P17->P9->P20->P2->P13->P4->P10->P15->P1->P19->P16->P5->P6
0,TSP-2opt,20,196.0,196.0,174.96220051165824,344.20000000000005,444.20000000000005,202.92000000000002,216.4086020844885,122.88909443628967,100.0,0.892664288324787,0.0,0.0,0.0,0.0,0,0,0,0,P3->P12->P18->P11->P8->P14->P7->P17->P9->P20->P2->P13->P10->P4->P15->P1->P19->P16->P5->P6
0,Greedy-PADS,20,207.0,207.0,179.72794680024452,368.6000000000001,468.6000000000001,157.44,183.2525537054,159.50593683893877,100.0,0.8682509507258189,0.0,0.0,0.0,0.0,0,0,0,0,P3->P12->P15->P1->P4->P9->P17->P7->P13->P20->P2->P19->P16->P10->P5->P11->P6->P18->P8->P14
0,Priority-Greedy,20,323.0,323.0,291.36671126005376,580.4000000000001,680.4,167.54000000000002,268.95923590350964,223.33053081887425,100.0,0.9020641215481541,0.0,0.0,0.0,0.0,0,0,0,0,P4->P9->P7->P17->P20->P13->P6->P15->P1->P3->P12->P5->P14->P8->P11->P19->P16->P2->P10->P18
1,A-RH-PADS-L,20,209.0,209.0,193.94551496538915,383.00000000000006,483.0,165.25,202.6750492813689,134.0148892578846,100.0,0.9279689711262639,0.5728763075940336,0.46718907262953424,0.6285605660952109,0.04145030920776468,0,0,0,0,P16->P1->P6->P20->P17->P4->P12->P7->P11->P5->P19->P18->P14->P9->P8->P15->P2->P13->P3->P10
1,RH-PADS-L,20,237.0,237.0,217.49615704078468,420.00000000000006,520.0,99.375,201.06708284005518,129.53964832607957,100.0,0.9177053039695556,0.0,0.0,0.0,0.0,0,0,0,0,P16->P1->P13->P2->P7->P4->P17->P20->P6->P3->P15->P11->P5->P19->P14->P18->P9->P12->P10->P8
1,AStarOnly,20,150.0,150.0,133.73820243644568,269.2,369.19999999999993,139.575,181.61116229242523,105.30581167600515,100.0,0.8915880162429711,0.0,0.0,0.0,0.0,0,0,0,0,P15->P16->P2->P13->P1->P6->P20->P3->P17->P10->P4->P12->P7->P11->P5->P8->P9->P14->P19->P18
1,TSP-2opt,20,152.0,152.0,135.32537105555372,274.99999999999994,374.9999999999999,139.575,182.17278113567832,109.87227643532106,100.0,0.8902984937865376,0.0,0.0,0.0,0.0,0,0,0,0,P15->P16->P2->P13->P1->P6->P20->P3->P17->P10->P4->P12->P7->P11->P5->P8->P14->P9->P19->P18
1,Greedy-PADS,20,225.0,225.0,204.074154552695,403.4,503.40000000000003,159.175,204.20560002675975,144.2423830603042,100.0,0.9069962424564223,0.0,0.0,0.0,0.0,0,0,0,0,P16->P1->P6->P20->P17->P4->P12->P7->P11->P5->P19->P14->P18->P9->P8->P2->P13->P15->P3->P10
1,Priority-Greedy,20,297.0,297.0,266.10659945124667,521.5000000000001,621.5,132.70000000000002,268.50989244861415,184.49146826035144,100.0,0.8959818163341638,0.0,0.0,0.0,0.0,0,0,0,0,P1->P17->P4->P7->P11->P14->P19->P12->P13->P16->P6->P20->P3->P2->P15->P5->P18->P9->P8->P10
2,A-RH-PADS-L,20,193.0,193.0,177.99892016016594,350.0,450.0,151.24,168.10041000933975,122.39053595898896,100.0,0.922274197721067,0.6022113962502266,0.5238489364664343,0.6327055031170095,0.02928472315086992,0,0,0,0,P20->P13->P5->P7->P3->P1->P15->P8->P14->P18->P17->P4->P9->P6->P2->P12->P10->P11->P16->P19
2,RH-PADS-L,20,228.0,228.0,209.8151588474659,418.9,518.9000000000001,136.64000000000001,175.90718829967062,154.7970898306438,100.0,0.9202419247695873,0.0,0.0,0.0,0.0,0,0,0,0,P20->P5->P13->P7->P11->P1->P2->P10->P15->P14->P18->P4->P17->P6->P9->P19->P8->P3->P16->P12
2,AStarOnly,20,148.0,148.0,132.56660942319527,272.20000000000005,372.19999999999993,153.85,160.66711458218114,122.03733027447487,100.0,0.8957203339405087,0.0,0.0,0.0,0.0,0,0,0,0,P16->P20->P13->P5->P7->P3->P1->P2->P12->P10->P15->P8->P14->P18->P17->P4->P9->P6->P19->P11
2,TSP-2opt,20,148.0,148.0,132.56660942319527,272.20000000000005,372.19999999999993,153.85,160.66711458218114,122.03733027447487,100.0,0.8957203339405087,0.0,0.0,0.0,0.0,0,0,0,0,P16->P20->P13->P5->P7->P3->P1->P2->P12->P10->P15->P8->P14->P18->P17->P4->P9->P6->P19->P11
2,Greedy-PADS,20,173.0,173.0,156.53171281466857,325.5999999999999,425.6,179.20000000000002,197.3644069706484,148.6894051095532,100.0,0.9048075885240957,0.0,0.0,0.0,0.0,0,0,0,0,P20->P5->P7->P3->P11->P1->P2->P15->P14->P8->P10->P12->P4->P17->P18->P6->P9->P19->P16->P13
2,Priority-Greedy,20,308.0,308.0,282.12091222870094,555.4000000000001,655.4,165.73000000000002,232.2606090459289,200.7999805523985,100.0,0.9159769877555225,0.0,0.0,0.0,0.0,0,0,0,0,P5->P20->P7->P11->P15->P14->P4->P18->P6->P13->P1->P2->P10->P8->P17->P3->P9->P19->P16->P12
3,A-RH-PADS-L,19,178.0,178.0,163.25308282144582,316.49999999999994,411.50000000000006,148.30000000000004,172.57905588966727,106.09705963651193,100.0,0.9171521506822798,0.5656104195285184,0.5129705953637662,0.6214434241576577,0.028209241499956975,1,0,0,1,P9->P16->P1->P14->P8->P3->P12->P19->P18->P2->P20->P5->P15->P4->P17->P13->P10->P6->P7
3,RH-PADS-L,19,233.0,233.0,212.13943415734758,418.20000000000005,513.2,123.36666666666667,172.693288953957,154.66012472309097,100.0,0.910469674495054,0.0,0.0,0.0,0.0,1,0,0,1,P9->P16->P1->P15->P2->P5->P12->P3->P8->P14->P7->P6->P19->P13->P17->P18->P4->P10->P20
3,AStarOnly,19,142.0,142.0,129.1376347283579,258.70000000000005,353.70000000000005,162.46666666666667,168.88521445968058,102.24404498118426,100.0,0.9094199628757599,0.0,0.0,0.0,0.0,1,0,0,1,P10->P4->P12->P3->P9->P8->P16->P14->P1->P15->P19->P18->P17->P13->P5->P20->P2->P7->P6
3,TSP-2opt,19,142.0,142.0,128.603218072372,259.1,354.1,159.45000000000002,168.43529135776595,103.5185278021958,100.0,0.9056564652983943,0.0,0.0,0.0,0.0,1,0,0,1,P10->P4->P12->P3->P9->P16->P14->P1->P8->P15->P19->P18->P17->P13->P5->P20->P2->P7->P6
3,Greedy-PADS,19,172.0,172.0,155.93746813772455,308.30000000000007,403.3000000000001,175.31666666666672,191.47127053031005,117.3744478861203,100.0,0.9066131868472358,0.0,0.0,0.0,0.0,1,0,0,1,P10->P9->P1->P16->P14->P15->P12->P3->P8->P7->P6->P19->P18->P17->P13->P4->P5->P20->P2
3,Priority-Greedy,19,265.0,265.0,244.09189593092285,475.9,570.9,106.26666666666667,200.26269118615582,160.37121272201344,100.0,0.9211014940789541,0.0,0.0,0.0,0.0,1,0,0,1,P9->P1->P16->P15->P2->P12->P13->P17->P5->P7->P14->P8->P3->P19->P18->P20->P6->P10->P4
4,A-RH-PADS-L,20,200.0,200.0,183.7146806491776,360.99999999999994,461.0,199.85,218.85898815278802,125.87098086179296,100.0,0.9185734032458881,0.5514880067388348,0.49792235553151987,0.6018221319239462,0.030635530099918477,0,0,0,0,P20->P9->P11->P17->P3->P5->P6->P16->P8->P12->P7->P4->P1->P10->P2->P13->P15->P18->P19->P14
4,RH-PADS-L,20,268.0,268.0,243.3543418244108,479.8999999999999,579.8999999999999,156.19999999999996,208.4590045101131,169.78656857954297,100.0,0.9080385888970552,0.0,0.0,0.0,0.0,0,0,0,0,P20->P9->P15->P13->P11->P17->P3->P5->P6->P16->P19->P18->P1->P7->P12->P4->P8->P14->P2->P10
4,AStarOnly,20,176.0,176.0,160.82768121655664,322.4,422.4,185.075,203.35961693415538,127.34093478307807,100.0,0.91379364327589,0.0,0.0,0.0,0.0,0,0,0,0,P10->P20->P9->P2->P13->P15->P18->P11->P17->P19->P16->P6->P5->P3->P8->P4->P1->P7->P12->P14
4,TSP-2opt,20,176.0,176.0,160.82768121655664,322.4,422.4,185.075,203.35961693415538,127.34093478307807,100.0,0.91379364327589,0.0,0.0,0.0,0.0,0,0,0,0,P10->P20->P9->P2->P13->P15->P18->P11->P17->P19->P16->P6->P5->P3->P8->P4->P1->P7->P12->P14
4,Greedy-PADS,20,225.0,225.0,208.1291557141622,406.20000000000005,506.2,190.82499999999996,207.2591516160765,136.14063729085328,100.0,0.9250184698407209,0.0,0.0,0.0,0.0,0,0,0,0,P20->P9->P11->P17->P19->P16->P3->P5->P6->P8->P12->P7->P1->P10->P15->P13->P2->P18->P14->P4
4,Priority-Greedy,20,342.0,342.0,317.82161519105864,612.4000000000001,712.4000000000001,210.97500000000002,266.48547729963497,197.4167518917536,100.0,0.9293029683949083,0.0,0.0,0.0,0.0,0,0,0,0,P20->P11->P17->P3->P12->P9->P1->P7->P5->P16->P19->P6->P8->P15->P18->P13->P10->P4->P2->P14
5,A-RH-PADS-L,20,233.0,233.0,214.4546394008561,423.8,523.8000000000001,125.35000000000001,210.95178265444855,155.9497504718717,100.0,0.9204061776860777,0.57355462768704,0.44078235512536323,0.6416997900163667,0.05193491766534963,0,0,0,0,P14->P9->P6->P10->P19->P1->P4->P7->P8->P5->P18->P3->P12->P15->P2->P16->P13->P17->P11->P20
5,RH-PADS-L,20,275.0,275.0,251.1874652565892,497.8,597.8000000000001,125.89999999999999,212.39755190850167,188.6278885990913,100.0,0.9134089645694153,0.0,0.0,0.0,0.0,0,0,0,0,P14->P15->P6->P9->P19->P1->P4->P7->P8->P17->P16->P12->P18->P10->P5->P3->P2->P13->P11->P20
5,AStarOnly,20,207.0,207.0,190.48274802329055,376.70000000000005,476.7,205.94999999999996,223.4477726199652,139.33643937649998,100.0,0.9202065121898094,0.0,0.0,0.0,0.0,0,0,0,0,P16->P13->P8->P1->P4->P7->P11->P17->P5->P9->P6->P10->P18->P3->P12->P15->P14->P2->P19->P20
5,TSP-2opt,20,188.0,188.0,172.21051869009747,345.0,445.0,234.13333333333335,237.4705875409919,132.6523677617738,100.0,0.9160133972877526,0.0,0.0,0.0,0.0,0,0,0,0,P16->P13->P8->P1->P4->P7->P11->P17->P20->P19->P5->P9->P6->P10->P18->P3->P12->P15->P14->P2
5,Greedy-PADS,20,223.0,223.0,205.17104764370538,404.4000000000001,504.40000000000003,150.48333333333332,198.55420277933908,145.21696926815798,100.0,0.9200495410031632,0.0,0.0,0.0,0.0,0,0,0,0,P14->P15->P12->P6->P9->P5->P19->P1->P4->P7->P11->P17->P8->P13->P16->P2->P18->P10->P3->P20
5,Priority-Greedy,20,353.0,353.0,327.306325439431,635.5000000000001,735.5000000000001,156.81666666666663,268.25549878732306,208.6486304357479,100.0,0.9272133865139689,0.0,0.0,0.0,0.0,0,0,0,0,P14->P6->P7->P4->P19->P9->P1->P8->P17->P16->P18->P10->P12->P15->P5->P11->P13->P2->P3->P20
6,A-RH-PADS-L,20,231.0,231.0,215.42017339575324,417.1000000000001,517.1,183.42000000000002,177.83835355855672,125.85582086520559,100.0,0.932554863185079,0.5566966881092438,0.47967005512125954,0.629201063278241,0.05029695082441028,0,0,0,0,P10->P17->P20->P13->P15->P5->P2->P18->P12->P16->P14->P9->P4->P8->P1->P3->P6->P11->P19->P7
6,RH-PADS-L,20,266.0,266.0,245.65490666841018,480.4,580.4,154.46000000000004,175.5333194460016,168.29635837450164,100.0,0.9235146867233466,0.0,0.0,0.0,0.0,0,0,0,0,P10->P5->P2->P18->P13->P20->P12->P16->P9->P4->P17->P3->P8->P11->P6->P15->P19->P14->P7->P1
6,AStarOnly,20,165.0,165.0,150.11721461623893,305.9,405.9,204.26,236.33252167988013,123.32050505303143,100.0,0.9098013007044783,0.0,0.0,0.0,0.0,0,0,0,0,P17->P19->P10->P15->P5->P2->P6->P3->P1->P8->P11->P18->P7->P9->P14->P16->P12->P4->P13->P20
6,TSP-2opt,20,165.0,165.0,149.39750257492037,304.1,404.1,194.44,213.2950537759059,121.50811471337852,100.0,0.9054394095449719,0.0,0.0,0.0,0.0,0,0,0,0,P17->P19->P10->P15->P5->P2->P6->P3->P1->P8->P11->P18->P13->P20->P4->P12->P16->P14->P9->P7
6,Greedy-PADS,20,201.0,201.0,185.87048023446764,374.40000000000003,474.4,195.6,203.3404637752284,137.49455797868976,100.0,0.9247287573854112,0.0,0.0,0.0,0.0,0,0,0,0,P10->P17->P5->P2->P15->P20->P13->P18->P7->P12->P16->P9->P14->P4->P19->P3->P6->P8->P1->P11
6,Priority-Greedy,20,294.0,294.0,272.1011605876319,533.7,633.7,177.72000000000003,228.01278945054074,187.5115969810223,100.0,0.925514151658612,0.0,0.0,0.0,0.0,0,0,0,0,P5->P10->P18->P20->P12->P16->P13->P17->P2->P3->P8->P11->P15->P19->P4->P9->P14->P7->P1->P6
7,A-RH-PADS-L,20,184.0,184.0,167.34867007556568,334.7,434.7,132.85,172.37855953116852,128.41357823229245,100.0,0.9095036417150308,0.5976451561647803,0.5240071287342289,0.6543069969485884,0.04232948362552854,0,0,0,0,P12->P3->P15->P4->P10->P5->P6->P18->P17->P1->P8->P20->P11->P14->P16->P2->P7->P13->P19->P9
7,RH-PADS-L,20,233.0,233.0,209.79715976876426,415.0,515.0,87.425,176.6115950573809,152.0407058014551,100.0,0.9004169947157264,0.0,0.0,0.0,0.0,0,0,0,0,P12->P3->P15->P13->P7->P11->P20->P6->P5->P10->P4->P16->P14->P9->P19->P18->P1->P17->P8->P2
7,AStarOnly,20,180.0,180.0,163.04581628997033,328.6,428.6,148.175,173.78247803487756,136.4216447960959,100.0,0.9058100904998352,0.0,0.0,0.0,0.0,0,0,0,0,P12->P5->P10->P4->P15->P3->P8->P17->P18->P1->P6->P20->P19->P11->P14->P16->P2->P7->P13->P9
7,TSP-2opt,20,182.0,182.0,164.19785839618436,332.70000000000005,432.70000000000005,148.175,173.80209310743064,146.02897515925116,100.0,0.9021860351438701,0.0,0.0,0.0,0.0,0,0,0,0,P12->P5->P10->P4->P15->P3->P8->P17->P18->P1->P6->P20->P19->P11->P14->P16->P2->P13->P7->P9
7,Greedy-PADS,20,204.0,204.0,184.17780848628865,373.8,473.80000000000007,102.975,181.3864825778513,155.590534205854,100.0,0.9028323945406307,0.0,0.0,0.0,0.0,0,0,0,0,P12->P3->P15->P13->P7->P16->P14->P11->P20->P6->P4->P10->P5->P1->P18->P17->P8->P2->P19->P9
7,Priority-Greedy,20,286.0,286.0,262.4533640372779,518.7,618.7000000000002,89.12500000000003,230.45103864419352,193.7443526695974,100.0,0.9176691050254472,0.0,0.0,0.0,0.0,0,0,0,0,P12->P20->P11->P13->P15->P3->P6->P4->P16->P14->P9->P5->P10->P1->P18->P17->P8->P2->P7->P19
8,A-RH-PADS-L,20,220.0,220.0,199.41254678000567,387.3,487.3,113.95,192.09627740784697,130.20991235361058,100.0,0.906420667181844,0.5753629624949778,0.47461245651476724,0.6123037971157661,0.04289882948196145,0,0,0,0,P6->P4->P18->P10->P12->P7->P17->P3->P19->P13->P20->P9->P16->P2->P11->P15->P5->P8->P1->P14
8,RH-PADS-L,20,268.0,268.0,246.22619942123652,488.7,588.7,35.6,206.72880194760256,182.2463798772851,100.0,0.9187544754523751,0.0,0.0,0.0,0.0,0,0,0,0,P4->P19->P11->P18->P17->P10->P12->P7->P14->P9->P16->P13->P20->P3->P8->P6->P5->P15->P2->P1
8,AStarOnly,20,181.0,181.0,159.80848281022077,316.30000000000007,416.30000000000007,55.900000000000006,209.3125295631782,112.72779983874561,100.0,0.8829197945316064,0.0,0.0,0.0,0.0,0,0,0,0,P6->P4->P5->P15->P19->P3->P13->P20->P16->P2->P9->P14->P7->P10->P12->P1->P17->P18->P8->P11
8,TSP-2opt,20,183.0,183.0,158.45560368637175,307.59999999999997,407.6,50.60000000000001,192.85778692114113,101.91079553420411,100.0,0.8658776157725232,0.0,0.0,0.0,0.0,0,0,0,0,P6->P4->P15->P5->P19->P13->P20->P16->P2->P9->P14->P7->P10->P12->P1->P17->P18->P8->P3->P11
8,Greedy-PADS,20,224.0,224.0,201.90615208682686,399.0,499.00000000000006,228.80000000000007,207.99233161366044,148.964562777655,100.0,0.9013667503876199,0.0,0.0,0.0,0.0,0,0,0,0,P8->P18->P17->P10->P12->P7->P14->P20->P19->P11->P4->P6->P15->P5->P13->P3->P2->P16->P9->P1
8,Priority-Greedy,20,302.0,302.0,269.0234404094647,526.1,626.1,84.65,238.50441304507203,182.14469436819007,100.0,0.8908060940710751,0.0,0.0,0.0,0.0,0,0,0,0,P19->P11->P4->P18->P10->P12->P7->P17->P8->P6->P13->P16->P9->P20->P3->P5->P15->P2->P14->P1
9,A-RH-PADS-L,20,194.0,194.0,175.28362572523366,337.6,437.6,153.875,187.08316018104165,107.65892346562548,100.0,0.9035238439445035,0.593598633851735,0.5187043152685962,0.6326217225505266,0.03288723536095398,0,0,0,0,P4->P15->P1->P12->P13->P2->P14->P19->P20->P3->P17->P16->P8->P6->P5->P9->P10->P11->P7->P18
9,RH-PADS-L,20,218.0,218.0,198.73659511502782,381.1,481.1,127.3375,182.14912367001202,116.35019111477831,100.0,0.9116357574083845,0.0,0.0,0.0,0.0,0,0,0,0,P4->P15->P1->P12->P13->P2->P14->P7->P17->P20->P6->P5->P9->P10->P11->P19->P3->P18->P16->P8
9,AStarOnly,20,166.0,166.0,146.1056156154176,294.0,394.0,179.95,175.97351549795022,125.47966583093296,100.0,0.8801543109362506,0.0,0.0,0.0,0.0,0,0,0,0,P4->P10->P9->P15->P1->P12->P2->P13->P19->P14->P11->P3->P20->P8->P6->P5->P16->P17->P18->P7
9,TSP-2opt,20,166.0,166.0,146.1056156154176,294.0,394.0,179.95,175.97351549795022,125.47966583093296,100.0,0.8801543109362506,0.0,0.0,0.0,0.0,0,0,0,0,P4->P10->P9->P15->P1->P12->P2->P13->P19->P14->P11->P3->P20->P8->P6->P5->P16->P17->P18->P7
9,Greedy-PADS,20,189.0,189.0,168.34298996671413,337.4,437.3999999999999,181.7375,201.00857313872407,132.97099930905222,100.0,0.8907036506175351,0.0,0.0,0.0,0.0,0,0,0,0,P4->P15->P9->P10->P1->P14->P19->P12->P13->P2->P7->P17->P16->P20->P3->P18->P11->P8->P6->P5
9,Priority-Greedy,20,276.0,276.0,258.44990731188034,491.9,591.9,166.7875,263.8701340072371,135.83111436472691,100.0,0.9364127076517403,0.0,0.0,0.0,0.0,0,0,0,0,P15->P4->P17->P20->P1->P12->P7->P13->P6->P5->P9->P10->P14->P19->P2->P11->P3->P18->P16->P8
10,A-RH-PADS-L,19,195.0,195.0,179.31927861863448,356.2000000000001,451.2,173.82857142857142,185.4426584199246,133.46260796372263,100.0,0.9195860441981255,0.5862028818731725,0.5462091202533359,0.6490937106590873,0.03013569870491367,1,0,0,1,P7->P8->P11->P4->P16->P14->P2->P1->P20->P19->P15->P13->P5->P10->P9->P3->P12->P18->P17
10,RH-PADS-L,19,180.0,180.0,163.96696412022902,326.8,421.8,111.60000000000001,150.82655031408586,122.76353747884025,100.0,0.9109275784457168,0.0,0.0,0.0,0.0,1,0,0,1,P10->P13->P5->P8->P7->P11->P16->P19->P2->P20->P4->P14->P1->P15->P17->P9->P18->P3->P12
10,AStarOnly,19,121.0,121.0,110.32134997141439,228.50000000000003,323.5,186.95714285714283,196.11346437827768,93.57723105524173,100.0,0.9117466939786314,0.0,0.0,0.0,0.0,1,0,0,1,P10->P9->P17->P5->P13->P3->P18->P12->P8->P7->P11->P4->P14->P16->P2->P1->P20->P15->P19
10,TSP-2opt,19,118.0,118.0,106.21138718258463,216.8,311.79999999999995,176.9857142857143,190.10542315797846,91.65288520720402,100.0,0.9000965015473273,0.0,0.0,0.0,0.0,1,0,0,1,P10->P9->P17->P13->P5->P18->P3->P12->P8->P7->P11->P14->P4->P2->P1->P20->P15->P19->P16
10,Greedy-PADS,19,156.0,156.0,143.9021148329373,293.2,388.2000000000001,152.84285714285716,170.71026380398308,110.8779849380755,100.0,0.9224494540572903,0.0,0.0,0.0,0.0,1,0,0,1,P13->P5->P10->P9->P17->P7->P8->P11->P4->P2->P20->P1->P16->P14->P19->P15->P3->P18->P12
10,Priority-Greedy,19,244.0,244.0,222.2474803087107,432.5000000000001,527.5,159.7,188.50079093359705,142.95706038125758,100.0,0.9108503291340602,0.0,0.0,0.0,0.0,1,0,0,1,P7->P8->P11->P16->P19->P20->P2->P4->P13->P5->P10->P17->P9->P3->P14->P1->P15->P18->P12
11,A-RH-PADS-L,20,219.0,219.0,201.02273206022676,396.3,496.3,125.38571428571429,170.7496954084924,145.5260326857704,100.0,0.9179120185398482,0.5581481270092364,0.478892887564468,0.6149406107923132,0.039526475971589224,0,0,0,0,P3->P20->P13->P2->P18->P8->P10->P7->P6->P9->P15->P4->P1->P11->P19->P17->P12->P5->P16->P14
11,RH-PADS-L,20,216.0,216.0,196.53390051922838,394.40000000000003,494.40000000000003,109.54285714285713,164.12353481028254,158.1554746525612,100.0,0.9098791690705018,0.0,0.0,0.0,0.0,0,0,0,0,P3->P20->P13->P2->P18->P8->P7->P10->P4->P15->P6->P9->P19->P16->P11->P17->P12->P14->P1->P5
11,AStarOnly,20,144.0,144.0,127.47016021890741,255.89999999999998,355.90000000000003,145.6,170.62808246864637,104.37608325393474,100.0,0.8852094459646348,0.0,0.0,0.0,0.0,0,0,0,0,P14->P3->P20->P13->P5->P2->P18->P8->P10->P7->P15->P4->P1->P6->P9->P16->P19->P11->P17->P12
11,TSP-2opt,20,144.0,144.0,127.47016021890741,255.89999999999998,355.90000000000003,145.6,170.62808246864637,104.37608325393474,100.0,0.8852094459646348,0.0,0.0,0.0,0.0,0,0,0,0,P14->P3->P20->P13->P5->P2->P18->P8->P10->P7->P15->P4->P1->P6->P9->P16->P19->P11->P17->P12
11,Greedy-PADS,20,219.0,219.0,200.132192276994,394.6,494.59999999999997,107.8142857142857,171.0730528346722,147.52814407171175,100.0,0.913845626835589,0.0,0.0,0.0,0.0,0,0,0,0,P3->P20->P13->P2->P18->P8->P10->P7->P4->P6->P9->P19->P11->P17->P12->P5->P1->P15->P16->P14
11,Priority-Greedy,20,255.0,255.0,233.82034402642947,462.40000000000003,562.4000000000001,131.07142857142858,217.622306023615,171.42918128047722,100.0,0.916942525593841,0.0,0.0,0.0,0.0,0,0,0,0,P3->P13->P20->P2->P6->P9->P4->P10->P7->P19->P17->P18->P8->P15->P1->P14->P5->P12->P11->P16
12,A-RH-PADS-L,20,196.0,196.0,177.12971636710438,352.9,452.9,122.54444444444442,153.901805079458,139.6154188104456,100.0,0.903723042689308,0.5753874523120392,0.5229506635465075,0.63506861705913,0.03500198337562401,0,0,0,0,P7->P19->P16->P14->P18->P17->P12->P6->P10->P20->P4->P9->P5->P2->P3->P1->P8->P15->P11->P13
12,RH-PADS-L,20,225.0,225.0,206.21593468383907,404.59999999999997,504.6000000000001,94.44444444444446,149.74087673327338,145.24415846842126,100.0,0.916515265261507,0.0,0.0,0.0,0.0,0,0,0,0,P7->P19->P16->P14->P18->P12->P6->P10->P4->P20->P13->P5->P2->P3->P1->P17->P8->P15->P11->P9
12,AStarOnly,20,163.0,163.0,147.59647835776428,294.5,394.5,170.81111111111107,176.83934466814816,110.43490674979702,100.0,0.9054998672255478,0.0,0.0,0.0,0.0,0,0,0,0,P7->P19->P3->P1->P8->P18->P17->P12->P6->P10->P20->P4->P11->P13->P9->P5->P2->P14->P16->P15
12,TSP-2opt,20,159.0,159.0,140.00685640525734,283.8,383.79999999999995,175.2222222222222,180.51148387713442,115.35391220880302,100.0,0.8805462666997317,0.0,0.0,0.0,0.0,0,0,0,0,P7->P19->P3->P1->P18->P17->P12->P15->P6->P10->P20->P4->P11->P13->P9->P5->P2->P14->P16->P8
12,Greedy-PADS,20,212.0,212.0,192.14677137588956,380.3999999999999,480.40000000000003,149.8,174.0443363469759,146.60479789687173,100.0,0.9063526951692904,0.0,0.0,0.0,0.0,0,0,0,0,P19->P16->P14->P18->P17->P12->P6->P10->P20->P4->P5->P9->P2->P3->P7->P1->P8->P15->P13->P11
12,Priority-Greedy,20,299.0,299.0,273.04985901111195,533.3000000000001,633.3000000000002,189.0888888888889,240.08363577382912,193.11154771476475,100.0,0.9132102308063945,0.0,0.0,0.0,0.0,0,0,0,0,P16->P18->P6->P19->P7->P3->P12->P20->P4->P13->P5->P2->P14->P17->P10->P15->P1->P9->P11->P8
13,A-RH-PADS-L,20,222.0,222.0,199.4535413072671,391.8999999999999,491.8999999999999,197.1833333333333,202.64575621782762,139.4383235809755,100.0,0.8984393752579599,0.5731336503165393,0.48739453138489197,0.6314358553361423,0.04936967889689953,0,0,0,0,P13->P10->P11->P9->P18->P7->P6->P14->P3->P19->P4->P12->P2->P5->P16->P8->P20->P15->P1->P17
13,RH-PADS-L,20,244.0,244.0,225.4639722595815,439.70000000000005,539.7,141.56666666666666,204.4605657808104,147.09648249027006,100.0,0.9240326731950061,0.0,0.0,0.0,0.0,0,0,0,0,P8->P13->P11->P9->P2->P12->P4->P3->P7->P6->P14->P18->P15->P16->P10->P20->P1->P19->P17->P5
13,AStarOnly,20,191.0,191.0,171.4659210346652,332.0,432.0,191.26666666666668,186.11457092478096,108.31591559206747,100.0,0.8977273352600272,0.0,0.0,0.0,0.0,0,0,0,0,P8->P13->P10->P16->P11->P9->P18->P1->P6->P14->P3->P19->P4->P17->P12->P2->P5->P15->P7->P20
13,TSP-2opt,20,191.0,191.0,171.4659210346652,332.0,432.0,191.26666666666668,186.11457092478096,108.31591559206747,100.0,0.8977273352600272,0.0,0.0,0.0,0.0,0,0,0,0,P8->P13->P10->P16->P11->P9->P18->P1->P6->P14->P3->P19->P4->P17->P12->P2->P5->P15->P7->P20
13,Greedy-PADS,20,196.0,196.0,176.74667566115173,340.2,440.2,150.8,182.58144292894391,106.13691303276028,100.0,0.901768753373223,0.0,0.0,0.0,0.0,0,0,0,0,P13->P8->P10->P11->P9->P18->P7->P6->P14->P3->P4->P19->P17->P12->P2->P5->P16->P20->P15->P1
13,Priority-Greedy,20,306.0,306.0,268.3217797640648,513.5,613.5000000000001,203.9166666666667,289.6379529907377,157.00579336240452,100.0,0.8768685613204732,0.0,0.0,0.0,0.0,0,0,0,0,P4->P3->P7->P9->P11->P12->P2->P5->P10->P8->P13->P20->P18->P14->P6->P15->P16->P1->P19->P17
14,A-RH-PADS-L,20,247.0,247.0,226.9948431559116,445.30000000000007,545.3,144.6285714285714,211.4935518088058,156.9065705483163,100.0,0.9190074621696827,0.5663795658168423,0.48698026683201306,0.6300864741907239,0.04422261193258304,0,0,0,0,P11->P14->P12->P19->P17->P15->P4->P6->P13->P16->P10->P9->P18->P7->P3->P2->P20->P5->P1->P8
14,RH-PADS-L,20,269.0,269.0,246.56187816485794,485.7,585.7000000000002,107.70000000000002,196.86382614761342,178.49287319513817,100.0,0.9165869076760519,0.0,0.0,0.0,0.0,0,0,0,0,P11->P20->P15->P4->P14->P12->P19->P17->P10->P16->P13->P6->P9->P7->P3->P2->P5->P8->P18->P1
14,AStarOnly,20,205.0,205.0,184.56911381975937,361.2,461.20000000000005,227.01428571428576,206.0849294299997,126.48740708224724,100.0,0.900337140584192,0.0,0.0,0.0,0.0,0,0,0,0,P2->P11->P3->P7->P18->P9->P10->P14->P12->P19->P6->P13->P1->P17->P15->P4->P5->P20->P8->P16
14,TSP-2opt,20,197.0,197.0,180.1465422986294,358.40000000000003,458.4000000000001,217.20000000000005,209.7739887340616,133.36204586131691,100.0,0.9144494532925351,0.0,0.0,0.0,0.0,0,0,0,0,P2->P11->P3->P7->P18->P9->P10->P14->P12->P19->P17->P6->P13->P1->P16->P15->P4->P5->P20->P8
14,Greedy-PADS,20,241.0,241.0,220.3021473420618,433.6000000000001,533.6,110.77142857142856,192.54592570701917,156.9037330249778,100.0,0.9141167939504639,0.0,0.0,0.0,0.0,0,0,0,0,P11->P20->P15->P4->P14->P19->P12->P17->P6->P13->P16->P10->P9->P18->P7->P3->P2->P5->P1->P8
14,Priority-Greedy,20,317.0,317.0,293.07906679061307,569.7999999999998,669.7999999999998,142.04285714285714,265.9174042414261,190.01041534052638,100.0,0.9245396428725964,0.0,0.0,0.0,0.0,0,0,0,0,P15->P19->P14->P12->P17->P16->P10->P11->P20->P4->P5->P9->P7->P3->P2->P18->P8->P13->P6->P1
15,A-RH-PADS-L,20,253.0,253.0,232.07146039242096,457.4,557.4,147.78,220.786618470377,170.04882713931534,100.0,0.9172784995747864,0.5651516505225844,0.49612124398997426,0.6428129560935207,0.03978423934133079,0,0,0,0,P6->P20->P4->P13->P19->P17->P8->P3->P15->P5->P10->P2->P11->P7->P16->P12->P14->P1->P9->P18
15,RH-PADS-L,20,246.0,246.0,223.92257967877146,449.30000000000007,549.3,134.96,179.62454998386127,177.74583164132991,100.0,0.9102543889380953,0.0,0.0,0.0,0.0,0,0,0,0,P16->P7->P20->P4->P13->P19->P17->P8->P6->P10->P18->P12->P11->P14->P1->P15->P5->P3->P9->P2
15,AStarOnly,20,177.0,177.0,157.3887681354517,322.3,422.30000000000007,194.58,173.98647784736974,146.92506697089496,100.0,0.8892020798613091,0.0,0.0,0.0,0.0,0,0,0,0,P16->P7->P11->P2->P6->P20->P4->P12->P19->P17->P8->P3->P15->P5->P9->P13->P10->P18->P14->P1
15,TSP-2opt,20,183.0,183.0,165.30258730315686,332.0,431.99999999999994,196.82,171.67098073380845,136.65365501517743,100.0,0.9032928267932069,0.0,0.0,0.0,0.0,0,0,0,0,P16->P7->P11->P2->P6->P20->P4->P12->P19->P17->P8->P3->P15->P5->P13->P10->P18->P9->P1->P14
15,Greedy-PADS,20,206.0,206.0,184.74687117001375,378.1,478.1,162.46,179.3377207378167,165.52610966396855,100.0,0.8968294716990959,0.0,0.0,0.0,0.0,0,0,0,0,P16->P20->P4->P6->P7->P11->P19->P17->P8->P3->P13->P10->P18->P12->P2->P14->P1->P15->P5->P9
15,Priority-Greedy,20,322.0,322.0,294.5091100333431,583.9,683.9,106.88000000000002,245.67346521556902,211.10779377797618,100.0,0.9146245653209414,0.0,0.0,0.0,0.0,0,0,0,0,P20->P4->P13->P6->P19->P14->P16->P7->P10->P8->P17->P3->P15->P1->P11->P18->P12->P2->P5->P9
16,A-RH-PADS-L,20,216.0,216.0,198.7901728399295,386.00000000000006,486.00000000000006,213.0,233.0482181042631,129.61412622189,100.0,0.920324874258933,0.5400209385283516,0.486565957713849,0.583432081103129,0.0349497261437302,0,0,0,0,P16->P15->P18->P12->P19->P14->P3->P20->P9->P4->P11->P1->P2->P7->P8->P17->P6->P13->P10->P5
16,RH-PADS-L,20,223.0,223.0,203.76721545713067,409.3,509.30000000000007,81.8,216.66985480180574,160.28591690438654,100.0,0.9137543294041734,0.0,0.0,0.0,0.0,0,0,0,0,P13->P4->P11->P19->P12->P5->P20->P9->P3->P14->P18->P7->P16->P15->P17->P8->P1->P2->P10->P6
16,AStarOnly,20,162.0,162.0,147.49824144863553,292.8,392.8,117.3,197.80240830478243,110.32638096884709,100.0,0.9104829719051576,0.0,0.0,0.0,0.0,0,0,0,0,P6->P13->P10->P11->P4->P19->P2->P1->P12->P5->P14->P3->P20->P9->P7->P18->P16->P15->P17->P8
16,TSP-2opt,20,179.0,179.0,159.7057278161963,319.8999999999999,419.8999999999999,117.3,207.11598875742655,123.28451314780084,100.0,0.8922107699228843,0.0,0.0,0.0,0.0,0,0,0,0,P6->P13->P10->P11->P4->P19->P14->P12->P5->P2->P1->P18->P7->P16->P15->P17->P8->P9->P20->P3
16,Greedy-PADS,20,208.0,208.0,185.85761334551867,371.70000000000005,471.70000000000005,172.49999999999997,216.88894662902632,142.44740148772837,100.0,0.8935462180073013,0.0,0.0,0.0,0.0,0,0,0,0,P6->P16->P15->P18->P7->P12->P19->P4->P11->P14->P20->P9->P3->P5->P1->P2->P10->P13->P17->P8
16,Priority-Greedy,20,279.0,279.0,253.28590637891384,494.3,594.3000000000001,73.5,260.17970176157155,166.9977858994176,100.0,0.90783478988858,0.0,0.0,0.0,0.0,0,0,0,0,P4->P19->P11->P20->P9->P12->P18->P15->P16->P17->P7->P8->P1->P3->P5->P14->P10->P13->P6->P2
17,A-RH-PADS-L,20,197.0,197.0,180.35006399073478,360.00000000000006,460.0,162.7,193.2792872978692,134.54584022747284,100.0,0.9154825583286029,0.5581482918919396,0.49448224722538886,0.6058284072330558,0.03283124711454528,0,0,0,0,P10->P12->P2->P16->P20->P18->P17->P1->P19->P14->P3->P6->P4->P8->P11->P5->P7->P13->P15->P9
17,RH-PADS-L,20,215.0,215.0,194.9158939002152,388.7,488.69999999999993,204.0,193.25233206536547,148.64203233068508,100.0,0.9065855530242567,0.0,0.0,0.0,0.0,0,0,0,0,P5->P11->P8->P4->P10->P2->P12->P18->P17->P1->P14->P3->P6->P13->P7->P20->P16->P9->P19->P15
17,AStarOnly,20,167.0,167.0,151.49254347691033,301.1,401.1,253.2,206.8961011443594,117.08108544710733,100.0,0.9071409789036546,0.0,0.0,0.0,0.0,0,0,0,0,P9->P10->P5->P8->P4->P6->P3->P14->P19->P1->P15->P17->P13->P7->P18->P12->P2->P16->P20->P11
17,TSP-2opt,20,147.0,147.0,134.43444589229534,267.6,367.6000000000001,291.40000000000003,208.63318084420666,100.47704334517077,100.0,0.9145200400836417,0.0,0.0,0.0,0.0,0,0,0,0,P9->P10->P5->P8->P4->P11->P6->P3->P14->P19->P1->P15->P17->P13->P7->P18->P12->P2->P16->P20
17,Greedy-PADS,20,173.0,173.0,155.26962445210143,312.69999999999993,412.70000000000005,412.70000000000005,206.5350034723267,130.63422456491642,100.0,0.8975122800699504,0.0,0.0,0.0,0.0,0,0,0,0,P5->P11->P8->P4->P10->P9->P20->P2->P12->P16->P14->P1->P17->P19->P3->P6->P13->P7->P15->P18
17,Priority-Greedy,20,273.0,273.0,251.10973777488243,493.90000000000003,593.9,167.10000000000002,240.70476822739602,175.20055731246103,100.0,0.9198158892852837,0.0,0.0,0.0,0.0,0,0,0,0,P5->P11->P12->P2->P18->P17->P10->P20->P16->P1->P4->P8->P3->P14->P6->P13->P7->P9->P19->P15
18,A-RH-PADS-L,20,231.0,231.0,205.50266626488263,417.5,517.5,181.925,214.18089568821208,178.12744639581192,100.0,0.8896219318826089,0.5530157327881401,0.4650441471957014,0.607775672905694,0.03956132568044948,0,0,0,0,P18->P7->P2->P16->P5->P19->P15->P3->P1->P14->P8->P6->P12->P20->P9->P13->P4->P17->P10->P11
18,RH-PADS-L,20,257.0,257.0,233.18647535216388,470.6,570.6,185.975,202.70427989884325,193.48393218773364,100.0,0.9073403710200929,0.0,0.0,0.0,0.0,0,0,0,0,P18->P12->P6->P14->P7->P16->P5->P19->P3->P1->P10->P2->P4->P17->P13->P15->P11->P8->P20->P9
18,AStarOnly,20,184.0,184.0,162.8558220883317,338.0,438.00000000000006,266.02500000000003,197.39127862694428,151.89788116607087,100.0,0.8850859896104984,0.0,0.0,0.0,0.0,0,0,0,0,P18->P9->P12->P6->P8->P14->P11->P10->P16->P5->P19->P15->P3->P1->P13->P17->P4->P20->P7->P2
18,TSP-2opt,20,184.0,184.0,162.8558220883317,338.0,438.00000000000006,266.02500000000003,197.39127862694428,151.89788116607087,100.0,0.8850859896104984,0.0,0.0,0.0,0.0,0,0,0,0,P18->P9->P12->P6->P8->P14->P11->P10->P16->P5->P19->P15->P3->P1->P13->P17->P4->P20->P7->P2
18,Greedy-PADS,20,242.0,242.0,215.41024700845352,435.8,535.8000000000001,232.22500000000005,213.6480910754419,187.38707730468647,100.0,0.8901249876382377,0.0,0.0,0.0,0.0,0,0,0,0,P18->P12->P6->P14->P7->P16->P5->P19->P15->P3->P1->P10->P11->P20->P8->P9->P2->P13->P17->P4
18,Priority-Greedy,20,345.0,345.0,286.4417037355929,563.8000000000001,663.8000000000001,118.75,277.59540068692974,210.3703007818084,100.0,0.8302658079292549,0.0,0.0,0.0,0.0,0,0,0,0,P7->P16->P5->P19->P4->P18->P14->P3->P1->P6->P12->P20->P2->P10->P15->P17->P13->P8->P11->P9
19,A-RH-PADS-L,20,215.0,215.0,195.36397560193637,390.9000000000001,490.9,111.75999999999999,204.14079113518545,158.52783990075292,100.0,0.9086696539624948,0.5723396485861236,0.5049579851402104,0.6332107473720731,0.036205139017471986,0,0,0,0,P4->P18->P16->P11->P20->P12->P10->P3->P14->P17->P15->P2->P5->P13->P8->P9->P19->P7->P6->P1
19,RH-PADS-L,20,221.0,221.0,202.1861931336572,402.2,502.2,72.72,194.30831432223567,153.27831299058843,100.0,0.9148696521884941,0.0,0.0,0.0,0.0,0,0,0,0,P4->P18->P16->P11->P20->P8->P12->P10->P3->P2->P15->P17->P14->P5->P6->P7->P19->P9->P13->P1
19,AStarOnly,20,158.0,158.0,142.05236735076454,297.8,397.8,195.21999999999997,190.6032386733762,141.59153092158328,100.0,0.8990656161440794,0.0,0.0,0.0,0.0,0,0,0,0,P15->P17->P14->P2->P3->P5->P4->P1->P18->P16->P11->P13->P10->P20->P12->P8->P9->P19->P6->P7
19,TSP-2opt,20,164.0,164.0,149.055484682601,304.80000000000007,404.8,209.33999999999997,197.45724955385023,131.4096938482392,100.0,0.9088749066012256,0.0,0.0,0.0,0.0,0,0,0,0,P15->P17->P14->P2->P3->P5->P16->P11->P13->P18->P4->P1->P10->P20->P12->P8->P9->P19->P6->P7
19,Greedy-PADS,20,194.0,194.0,176.35457557014425,357.30000000000007,457.3,73.76,191.81468909196403,153.661735211325,100.0,0.9090442039698157,0.0,0.0,0.0,0.0,0,0,0,0,P4->P18->P16->P11->P20->P12->P8->P9->P19->P13->P2->P3->P17->P15->P14->P5->P10->P1->P6->P7
19,Priority-Greedy,20,286.0,286.0,260.97353297777494,520.4999999999999,620.4999999999999,93.75999999999999,243.35147990445003,201.25756335018352,100.0,0.9124948705516606,0.0,0.0,0.0,0.0,0,0,0,0,P4->P16->P20->P8->P11->P18->P3->P2->P15->P6->P7->P5->P10->P12->P13->P14->P17->P1->P19->P9
20,A-RH-PADS-L,20,180.0,180.0,156.65945981620655,306.99999999999994,407.00000000000006,103.7,169.38516831307962,103.86694534513668,100.0,0.8703303323122586,0.555438941744339,0.5010312080413959,0.6205693429449863,0.04138740915766231,0,0,0,0,P17->P19->P15->P9->P7->P1->P20->P2->P11->P3->P13->P12->P18->P4->P16->P10->P6->P14->P8->P5
20,RH-PADS-L,20,210.0,210.0,192.62301044147563,389.29999999999995,489.29999999999995,121.66,176.5014330232367,155.0892826839276,100.0,0.9172524306736934,0.0,0.0,0.0,0.0,0,0,0,0,P17->P19->P15->P7->P9->P18->P13->P11->P5->P20->P2->P1->P6->P14->P4->P12->P8->P3->P16->P10
20,AStarOnly,20,168.0,168.0,154.54648733084505,307.20000000000005,407.2000000000001,184.50000000000006,194.52316412799303,112.43969350976897,100.0,0.9199195674455063,0.0,0.0,0.0,0.0,0,0,0,0,P17->P19->P15->P4->P16->P10->P7->P9->P6->P1->P14->P13->P8->P12->P18->P3->P11->P5->P2->P20
20,TSP-2opt,20,149.0,149.0,135.39384613678047,272.0,372.0,133.66000000000003,180.76932775808334,109.3870017720464,100.0,0.908683531119332,0.0,0.0,0.0,0.0,0,0,0,0,P17->P19->P15->P4->P16->P10->P7->P9->P14->P6->P1->P20->P2->P11->P3->P5->P13->P8->P12->P18
20,Greedy-PADS,20,172.0,172.0,158.02530896620365,315.09999999999997,415.1,135.74,176.3265522166365,117.16850451556,100.0,0.9187517963151375,0.0,0.0,0.0,0.0,0,0,0,0,P17->P19->P15->P9->P7->P18->P4->P16->P10->P14->P1->P20->P2->P11->P3->P5->P13->P8->P12->P6
20,Priority-Greedy,20,273.0,273.0,248.70867151042887,492.3,592.3000000000001,115.86000000000001,207.60888808082467,179.40586299954418,100.0,0.9110207747634758,0.0,0.0,0.0,0.0,0,0,0,0,P17->P15->P19->P20->P1->P7->P9->P11->P5->P13->P18->P4->P2->P14->P6->P10->P12->P8->P3->P16
21,A-RH-PADS-L,20,200.0,200.0,184.62392461074165,357.6,457.6,188.53333333333333,192.41353651471763,116.95747151414353,100.0,0.9231196230537083,0.5792516501479235,0.4524203942800961,0.6455264656462671,0.04424102788713504,0,0,0,0,P12->P8->P10->P15->P2->P1->P7->P5->P3->P17->P13->P14->P9->P19->P11->P18->P16->P4->P20->P6
21,RH-PADS-L,20,216.0,216.0,197.57417905597563,389.20000000000005,489.20000000000005,145.23333333333332,174.3789650434258,139.0133540628333,100.0,0.9146952734072946,0.0,0.0,0.0,0.0,0,0,0,0,P12->P8->P10->P15->P7->P20->P4->P5->P13->P3->P14->P11->P19->P2->P1->P9->P18->P16->P17->P6
21,AStarOnly,20,144.0,144.0,124.55618935000773,254.70000000000002,354.7,191.69999999999996,182.28413580211463,108.21500686551046,100.0,0.8649735371528314,0.0,0.0,0.0,0.0,0,0,0,0,P16->P12->P18->P10->P8->P15->P2->P1->P9->P19->P11->P7->P20->P4->P6->P17->P3->P5->P13->P14
21,TSP-2opt,20,142.0,142.0,123.11671645247348,246.40000000000003,346.4,188.31666666666663,180.16138919334605,98.152850806184,100.0,0.8670191299469964,0.0,0.0,0.0,0.0,0,0,0,0,P16->P12->P18->P10->P8->P15->P2->P1->P9->P19->P11->P7->P20->P4->P6->P17->P13->P3->P5->P14
21,Greedy-PADS,20,210.0,210.0,191.43475853562379,379.6,479.6,155.75000000000003,176.15828956712969,138.0654831723056,100.0,0.9115940882648752,0.0,0.0,0.0,0.0,0,0,0,0,P12->P8->P10->P15->P2->P7->P20->P4->P5->P13->P3->P17->P14->P1->P9->P11->P19->P18->P16->P6
21,Priority-Greedy,20,294.0,294.0,266.82629232931134,520.2,620.1999999999999,140.3,237.9817837596441,181.97115292319637,100.0,0.9075724228888141,0.0,0.0,0.0,0.0,0,0,0,0,P8->P12->P11->P5->P13->P7->P20->P15->P10->P2->P18->P16->P14->P3->P4->P19->P9->P1->P17->P6
22,A-RH-PADS-L,20,221.0,221.0,194.60072560372652,389.0,489.00000000000006,227.70000000000002,198.08775071382058,146.92617709109962,100.0,0.88054626970012,0.5822792697134018,0.5168272916593428,0.6133773437205396,0.024677687258328206,0,0,0,0,P14->P12->P6->P2->P7->P3->P16->P13->P15->P1->P5->P10->P17->P19->P4->P18->P20->P11->P9->P8
22,RH-PADS-L,20,232.0,232.0,208.5740339696776,411.8,511.8,150.55,187.3315204796806,155.62120833461185,100.0,0.8990260084899897,0.0,0.0,0.0,0.0,0,0,0,0,P14->P6->P2->P9->P7->P13->P16->P15->P10->P5->P1->P17->P19->P18->P11->P12->P20->P4->P8->P3
22,AStarOnly,20,202.0,202.0,179.51907793003704,351.50000000000006,451.49999999999994,266.37499999999994,221.41678424268048,122.47926932226757,100.0,0.8887083065843417,0.0,0.0,0.0,0.0,0,0,0,0,P14->P20->P12->P6->P2->P7->P3->P8->P16->P13->P4->P18->P11->P15->P19->P1->P5->P10->P17->P9
22,TSP-2opt,20,172.0,172.0,155.85097860649955,310.20000000000005,410.20000000000005,279.15,233.2717108710242,121.86887127583904,100.0,0.9061103407354625,0.0,0.0,0.0,0.0,0,0,0,0,P14->P20->P12->P11->P18->P4->P13->P16->P19->P15->P1->P5->P10->P17->P8->P3->P7->P6->P2->P9
22,Greedy-PADS,20,227.0,227.0,191.6316840633213,388.20000000000005,488.20000000000005,171.375,192.6019881590416,161.44810071831935,100.0,0.8441924408075828,0.0,0.0,0.0,0.0,0,0,0,0,P14->P6->P2->P7->P9->P3->P18->P13->P16->P15->P19->P1->P10->P5->P17->P4->P8->P11->P12->P20
22,Priority-Greedy,20,311.0,311.0,277.1253407727106,545.0000000000002,645.0000000000002,155.3,264.37857719392076,200.90542608286992,100.0,0.8910782661501949,0.0,0.0,0.0,0.0,0,0,0,0,P2->P6->P13->P10->P15->P14->P9->P7->P16->P18->P3->P8->P17->P5->P1->P19->P4->P11->P12->P20
23,A-RH-PADS-L,20,248.0,248.0,229.0633999849316,446.1,546.1,179.95555555555555,196.03743231019973,149.93865624818343,100.0,0.9236427418747242,0.6036106465042497,0.52936862456997,0.6611209559929939,0.03844926755578752,0,0,0,0,P15->P12->P13->P14->P1->P19->P11->P10->P5->P9->P4->P20->P18->P6->P2->P3->P17->P8->P16->P7
23,RH-PADS-L,20,252.0,252.0,228.36313591405622,443.20000000000005,543.2,147.9666666666667,192.9696044385268,145.16307938394968,100.0,0.9062029202938738,0.0,0.0,0.0,0.0,0,0,0,0,P15->P19->P1->P13->P12->P5->P10->P4->P20->P18->P6->P11->P14->P8->P17->P9->P16->P3->P2->P7
23,AStarOnly,20,149.0,149.0,131.8154694482917,272.29999999999995,372.29999999999995,210.73333333333332,215.33970441509476,126.56159538875575,100.0,0.8846675801898772,0.0,0.0,0.0,0.0,0,0,0,0,P7->P15->P2->P3->P17->P19->P11->P6->P18->P12->P13->P9->P5->P10->P4->P20->P16->P14->P1->P8
23,TSP-2opt,20,155.0,155.0,137.19487882411872,282.5,382.49999999999994,223.64444444444442,217.88227533068735,129.90624522355893,100.0,0.8851282504781852,0.0,0.0,0.0,0.0,0,0,0,0,P7->P15->P2->P3->P17->P19->P11->P6->P18->P12->P13->P9->P5->P10->P14->P1->P8->P4->P20->P16
23,Greedy-PADS,20,216.0,216.0,197.37793132790793,393.49999999999994,493.49999999999994,173.2111111111111,211.78397735632612,151.6996604422264,100.0,0.9137867191106849,0.0,0.0,0.0,0.0,0,0,0,0,P15->P2->P19->P1->P13->P12->P5->P4->P20->P16->P10->P9->P8->P17->P11->P6->P18->P14->P3->P7
23,Priority-Greedy,20,311.0,311.0,288.90399594441647,562.2,662.2,173.15555555555557,251.51551883931225,185.20250360404822,100.0,0.9289517554482845,0.0,0.0,0.0,0.0,0,0,0,0,P15->P13->P12->P4->P19->P8->P1->P5->P20->P18->P6->P11->P14->P10->P9->P17->P2->P7->P3->P16
24,A-RH-PADS-L,20,203.0,203.0,182.49797765893808,361.2,461.2,163.27272727272725,165.294563355065,129.38475636806143,100.0,0.8990048160538822,0.5986407109962288,0.49281738803202085,0.6591525720637772,0.05265459594495303,0,0,0,0,P12->P6->P14->P10->P9->P17->P11->P2->P8->P19->P7->P4->P3->P15->P16->P13->P1->P18->P5->P20
24,RH-PADS-L,20,244.0,244.0,219.1210104406301,438.20000000000005,538.1999999999999,166.06363636363633,180.48200544363345,173.1900544559453,100.0,0.8980369280353693,0.0,0.0,0.0,0.0,0,0,0,0,P6->P14->P12->P15->P2->P10->P9->P11->P17->P19->P8->P4->P7->P18->P5->P1->P16->P13->P20->P3
24,AStarOnly,20,171.0,171.0,155.56574204955768,317.0,417.00000000000006,176.05454545454546,168.54479982412425,132.36844722647223,100.0,0.9097411815763607,0.0,0.0,0.0,0.0,0,0,0,0,P6->P12->P14->P16->P10->P9->P3->P11->P17->P2->P8->P4->P7->P19->P5->P18->P13->P1->P15->P20
24,TSP-2opt,20,145.0,145.0,128.29614005618137,262.0,362.0,166.73636363636362,154.09411344169408,102.24027438919907,100.0,0.8848009659046991,0.0,0.0,0.0,0.0,0,0,0,0,P12->P6->P14->P16->P10->P9->P3->P11->P17->P15->P20->P2->P8->P19->P7->P4->P13->P1->P18->P5
24,Greedy-PADS,20,200.0,200.0,180.99325721666756,363.80000000000007,463.80000000000007,185.96363636363637,178.31905606939046,141.27793008983937,100.0,0.9049662860833378,0.0,0.0,0.0,0.0,0,0,0,0,P6->P12->P14->P16->P2->P19->P7->P4->P10->P11->P17->P9->P15->P20->P8->P18->P5->P13->P1->P3
24,Priority-Greedy,20,306.0,306.0,281.37224998057616,548.2,648.1999999999999,247.55454545454543,271.797983730723,191.09324458422626,100.0,0.9195171567992685,0.0,0.0,0.0,0.0,0,0,0,0,P19->P2->P8->P11->P6->P14->P12->P15->P17->P9->P10->P18->P1->P4->P16->P13->P5->P7->P20->P3
25,A-RH-PADS-L,20,228.0,228.0,206.18811340559841,417.20000000000005,517.2,198.60000000000002,208.7723179818665,173.55013742366197,100.0,0.9043338307263088,0.6165880573440699,0.5594367118086263,0.6608332890055468,0.03605161316319134,0,0,0,0,P2->P15->P11->P19->P9->P4->P1->P16->P3->P18->P12->P5->P14->P6->P10->P13->P8->P7->P20->P17
25,RH-PADS-L,20,246.0,246.0,223.00499442322058,449.30000000000007,549.3000000000001,154.10000000000002,186.58175791676234,181.49050133898615,100.0,0.9065243675740674,0.0,0.0,0.0,0.0,0,0,0,0,P18->P2->P16->P4->P1->P15->P11->P19->P12->P5->P9->P14->P6->P17->P20->P7->P8->P10->P13->P3
25,AStarOnly,20,182.0,182.0,164.64607221213245,339.59999999999997,439.5999999999999,186.27499999999998,192.63506705206552,147.35805698466802,100.0,0.9046487484183102,0.0,0.0,0.0,0.0,0,0,0,0,P18->P2->P14->P4->P6->P9->P5->P11->P15->P19->P10->P13->P12->P7->P8->P20->P17->P1->P16->P3
25,TSP-2opt,20,182.0,182.0,164.64607221213245,339.59999999999997,439.5999999999999,186.27499999999998,192.63506705206552,147.35805698466802,100.0,0.9046487484183102,0.0,0.0,0.0,0.0,0,0,0,0,P18->P2->P14->P4->P6->P9->P5->P11->P15->P19->P10->P13->P12->P7->P8->P20->P17->P1->P16->P3
25,Greedy-PADS,20,241.0,241.0,218.92512366857846,438.29999999999995,538.3,217.375,212.37537241994127,174.52207260158912,100.0,0.9084030027741845,0.0,0.0,0.0,0.0,0,0,0,0,P2->P15->P11->P19->P12->P7->P8->P10->P18->P16->P4->P1->P3->P14->P9->P5->P6->P20->P17->P13
25,Priority-Greedy,20,339.0,339.0,307.2753744884003,609.2,709.2,208.25000000000003,277.63133639957454,231.30184689336008,100.0,0.9064170338890865,0.0,0.0,0.0,0.0,0,0,0,0,P12->P15->P16->P4->P1->P17->P11->P19->P2->P18->P5->P9->P6->P20->P7->P8->P10->P14->P3->P13
26,A-RH-PADS-L,20,195.0,195.0,178.244554767542,360.2,460.2,181.25,181.70146441965284,145.7578593231294,100.0,0.9140746398335488,0.5799556547156882,0.5566427359168735,0.6050169456508342,0.015620111278559931,0,0,0,0,P1->P15->P19->P4->P2->P10->P16->P9->P8->P17->P5->P13->P18->P6->P3->P12->P7->P14->P11->P20
26,RH-PADS-L,20,211.0,211.0,192.69457546602925,392.0,492.00000000000006,114.73333333333335,168.51564328017975,161.26416309776366,100.0,0.9132444334882903,0.0,0.0,0.0,0.0,0,0,0,0,P1->P15->P4->P2->P9->P13->P17->P5->P20->P11->P19->P12->P6->P18->P8->P10->P16->P7->P14->P3
26,AStarOnly,20,133.0,133.0,119.36456943171866,254.00000000000006,354.0,166.26666666666668,152.44673028398762,120.93780402203524,100.0,0.89747796565202,0.0,0.0,0.0,0.0,0,0,0,0,P1->P15->P7->P19->P12->P4->P2->P10->P16->P11->P20->P13->P8->P17->P5->P9->P18->P6->P3->P14
26,TSP-2opt,20,133.0,133.0,119.36456943171866,254.00000000000006,354.0,166.26666666666668,152.44673028398762,120.93780402203524,100.0,0.89747796565202,0.0,0.0,0.0,0.0,0,0,0,0,P1->P15->P7->P19->P12->P4->P2->P10->P16->P11->P20->P13->P8->P17->P5->P9->P18->P6->P3->P14
26,Greedy-PADS,20,167.0,167.0,152.48359217048244,314.50000000000006,414.5,151.73333333333338,165.04858303511784,135.939182533307,100.0,0.9130754022184577,0.0,0.0,0.0,0.0,0,0,0,0,P1->P15->P4->P2->P10->P20->P11->P16->P19->P12->P9->P13->P8->P17->P5->P18->P6->P3->P14->P7
26,Priority-Greedy,20,201.0,201.0,184.41811291373097,369.3,469.29999999999995,113.41666666666667,179.29602410186422,146.47733469176896,100.0,0.9175030493220446,0.0,0.0,0.0,0.0,0,0,0,0,P1->P15->P2->P4->P9->P13->P20->P5->P17->P8->P12->P19->P10->P11->P16->P7->P14->P6->P18->P3
27,A-RH-PADS-L,20,204.0,204.0,179.94743406743441,354.5,454.50000000000006,168.4166666666667,189.78076669120105,124.82824164193936,100.0,0.8820952650364432,0.5747304382935277,0.5250375017114202,0.6147299683896538,0.03163982394863887,0,0,0,0,P2->P10->P18->P5->P14->P15->P19->P8->P17->P12->P11->P20->P9->P4->P1->P13->P3->P6->P7->P16
27,RH-PADS-L,20,200.0,200.0,176.79964014349335,348.4,448.3999999999999,87.94999999999999,153.54376995763047,119.9903202954547,100.0,0.8839982007174667,0.0,0.0,0.0,0.0,0,0,0,0,P16->P2->P10->P18->P12->P19->P5->P14->P15->P9->P4->P8->P17->P11->P20->P6->P3->P13->P1->P7
27,AStarOnly,20,170.0,170.0,147.39198653897216,298.1,398.1,205.65,208.76555484334943,122.14373555073725,100.0,0.8670116855233656,0.0,0.0,0.0,0.0,0,0,0,0,P7->P16->P2->P6->P3->P13->P1->P14->P5->P15->P19->P8->P17->P11->P20->P18->P12->P10->P4->P9
27,TSP-2opt,20,165.0,165.0,147.68825076941138,301.70000000000005,401.7,205.10000000000002,218.25107213697476,124.06704851679564,100.0,0.8950803076934023,0.0,0.0,0.0,0.0,0,0,0,0,P16->P7->P2->P6->P3->P13->P1->P14->P15->P19->P8->P17->P11->P20->P18->P12->P10->P5->P9->P4
27,Greedy-PADS,20,179.0,179.0,156.06815532261658,307.3,407.3,219.16666666666666,233.76736664889577,106.07302901025153,100.0,0.8718891358805395,0.0,0.0,0.0,0.0,0,0,0,0,P2->P6->P3->P1->P13->P16->P7->P10->P18->P12->P11->P20->P17->P8->P19->P14->P5->P15->P9->P4
27,Priority-Greedy,20,320.0,320.0,287.63890006832054,563.5999999999999,663.5999999999999,159.66666666666666,230.9575646640447,196.14877362285267,100.0,0.8988715627135017,0.0,0.0,0.0,0.0,0,0,0,0,P2->P18->P5->P19->P9->P4->P14->P10->P12->P15->P3->P16->P1->P6->P11->P20->P8->P17->P13->P7
28,A-RH-PADS-L,20,229.0,229.0,212.03892639817582,419.5,519.5,117.76666666666668,187.6464492347301,145.99938603233497,100.0,0.9259341764112481,0.5702775628267133,0.49709312125765126,0.6475618646286565,0.044246035203984034,0,0,0,0,P13->P18->P3->P2->P16->P20->P9->P10->P8->P5->P14->P1->P15->P4->P7->P19->P12->P11->P6->P17
28,RH-PADS-L,20,256.0,256.0,235.03212005693473,469.1,569.1,109.56666666666666,175.38796192801288,176.55704220859803,100.0,0.9180942189724013,0.0,0.0,0.0,0.0,0,0,0,0,P13->P18->P5->P8->P10->P3->P2->P16->P20->P9->P4->P15->P7->P14->P6->P11->P17->P12->P19->P1
28,AStarOnly,20,185.0,185.0,164.39520701328388,330.5,430.5,144.85555555555558,160.10636417344244,132.90759580975154,100.0,0.8886227406123453,0.0,0.0,0.0,0.0,0,0,0,0,P13->P6->P11->P18->P14->P5->P8->P10->P3->P1->P9->P20->P2->P16->P15->P4->P7->P19->P12->P17
28,TSP-2opt,20,185.0,185.0,164.39520701328388,330.5,430.5,144.85555555555558,160.10636417344244,132.90759580975154,100.0,0.8886227406123453,0.0,0.0,0.0,0.0,0,0,0,0,P13->P6->P11->P18->P14->P5->P8->P10->P3->P1->P9->P20->P2->P16->P15->P4->P7->P19->P12->P17
28,Greedy-PADS,20,215.0,215.0,198.59678928115514,391.3999999999999,491.4,119.05555555555559,170.14513075284796,135.37626870419368,100.0,0.9237059966565355,0.0,0.0,0.0,0.0,0,0,0,0,P13->P18->P14->P5->P8->P10->P3->P2->P16->P20->P9->P1->P4->P7->P19->P12->P6->P11->P17->P15
28,Priority-Greedy,20,309.0,309.0,287.078674230159,560.8,660.8000000000001,160.94444444444446,231.41870279122605,188.13919362596167,100.0,0.9290571981558543,0.0,0.0,0.0,0.0,0,0,0,0,P18->P2->P3->P8->P10->P5->P16->P20->P9->P13->P6->P14->P12->P7->P4->P15->P1->P19->P11->P17
29,A-RH-PADS-L,20,187.0,187.0,172.2234119175707,344.2,444.2,170.88333333333333,189.44854847282616,128.3698188220736,100.0,0.9209808123934262,0.5695695498786773,0.4720972181618058,0.6448326192781604,0.06255769687108532,0,0,0,0,P13->P5->P12->P17->P20->P8->P9->P10->P15->P2->P11->P19->P7->P6->P18->P3->P4->P16->P14->P1
29,RH-PADS-L,20,178.0,178.0,161.55874070348514,331.8,431.7999999999999,150.26666666666665,171.34480109568284,140.59221750281552,100.0,0.9076333747386806,0.0,0.0,0.0,0.0,0,0,0,0,P13->P5->P10->P15->P12->P17->P20->P8->P1->P18->P3->P7->P19->P2->P11->P6->P4->P9->P14->P16
29,AStarOnly,20,135.0,135.0,112.95019518142266,237.90000000000003,337.9,176.98333333333332,181.60913255423188,114.00713987012107,100.0,0.8366681124549826,0.0,0.0,0.0,0.0,0,0,0,0,P13->P2->P11->P6->P7->P19->P3->P18->P4->P17->P12->P14->P16->P5->P10->P15->P9->P20->P8->P1
29,TSP-2opt,20,137.0,137.0,115.9619888532487,241.80000000000004,341.8,181.7166666666666,184.9414244493899,109.83595450353634,100.0,0.8464378748412313,0.0,0.0,0.0,0.0,0,0,0,0,P13->P2->P11->P19->P6->P7->P3->P18->P4->P17->P12->P14->P16->P5->P10->P15->P9->P20->P8->P1
29,Greedy-PADS,20,182.0,182.0,162.11798576291795,327.30000000000007,427.30000000000007,206.7166666666667,186.57894431465346,130.80870975372832,100.0,0.8907581635325162,0.0,0.0,0.0,0.0,0,0,0,0,P13->P5->P10->P12->P17->P20->P8->P1->P9->P4->P3->P18->P7->P19->P2->P11->P6->P16->P14->P15
29,Priority-Greedy,20,280.0,280.0,253.50149889603358,495.1,595.1000000000001,238.5833333333333,264.0037305258678,172.28854666480967,100.0,0.9053624960572628,0.0,0.0,0.0,0.0,0,0,0,0,P10->P12->P20->P8->P7->P13->P5->P15->P17->P2->P19->P18->P3->P1->P9->P4->P16->P14->P11->P6
