seed,method,completed_task_num,total_path_length,total_inspection_time,high_priority_avg_response_time,priority_weighted_completion_time,high_priority_top5_rate,algorithm_runtime_ms,lambda_mean,lambda_min,lambda_max,lambda_std,task_sequence
0,AStarOnly,20,196.0,426.66666666666663,278.88888888888886,208.53083125537935,0.0,37.680969981011,0.0,0.0,0.0,0.0,P3->P12->P18->P11->P8->P14->P7->P17->P9->P20->P2->P13->P10->P4->P15->P1->P19->P16->P5->P6
0,TSP-2opt,20,176.0,393.33333333333337,245.55555555555557,190.14662043063052,0.0,61.715507006738335,0.0,0.0,0.0,0.0,P3->P12->P15->P1->P19->P16->P10->P4->P9->P20->P2->P13->P17->P7->P14->P8->P11->P5->P18->P6
0,Greedy-PADS,20,266.0,543.3333333333333,92.77777777777779,238.78823309827155,60.0,35.89388797990978,0.0,0.0,0.0,0.0,P3->P6->P9->P17->P4->P7->P14->P5->P11->P8->P18->P15->P19->P16->P1->P10->P20->P13->P2->P12
0,Priority-Greedy,20,323.0,638.3333333333333,122.77777777777779,255.36185478202,40.0,34.50489498209208,0.0,0.0,0.0,0.0,P4->P9->P7->P17->P20->P13->P6->P15->P1->P3->P12->P5->P14->P8->P11->P19->P16->P2->P10->P18
0,RH-PADS,20,222.0,470.0,139.44444444444446,215.91721508557615,40.0,701.601920009125,0.0,0.0,0.0,0.0,P15->P4->P17->P9->P20->P2->P13->P7->P14->P8->P11->P6->P3->P12->P10->P5->P18->P1->P19->P16
0,RH-PADS-L,20,237.0,495.0000000000001,156.6666666666667,215.56360143027942,40.0,312.44519498432055,0.0,0.0,0.0,0.0,P4->P9->P17->P7->P13->P20->P2->P19->P16->P1->P15->P12->P3->P6->P11->P5->P18->P8->P14->P10
0,A-RH-PADS,20,225.0,475.00000000000006,139.44444444444446,217.9700730113976,40.0,77.11362896952778,0.5720547421743485,0.5267852913502942,0.6146994622264275,0.02862543648202937,P15->P4->P17->P9->P20->P2->P13->P7->P14->P8->P11->P6->P3->P12->P10->P19->P16->P1->P18->P5
0,A-RH-PADS-L,20,257.0,528.3333333333334,132.7777777777778,231.0982663266056,40.0,63.3655019919388,0.5765381645417674,0.522983960933197,0.6146994622264275,0.02481986307230563,P15->P4->P9->P17->P20->P2->P13->P7->P8->P11->P6->P18->P12->P1->P10->P19->P16->P3->P5->P14
1,AStarOnly,20,152.0,353.33333333333337,130.0,171.28220643360677,40.0,35.33835295820609,0.0,0.0,0.0,0.0,P15->P16->P2->P13->P1->P6->P20->P3->P17->P10->P4->P12->P7->P11->P5->P8->P14->P9->P19->P18
1,TSP-2opt,20,148.0,346.6666666666667,128.33333333333334,169.7953908227992,40.0,39.425082970410585,0.0,0.0,0.0,0.0,P15->P16->P2->P13->P1->P6->P3->P20->P17->P10->P4->P12->P7->P11->P5->P8->P9->P14->P19->P18
1,Greedy-PADS,20,250.0,516.6666666666667,172.5,240.42963959419117,60.0,35.456820973195136,0.0,0.0,0.0,0.0,P1->P6->P20->P17->P4->P7->P11->P14->P9->P8->P18->P19->P12->P10->P5->P2->P13->P16->P15->P3
1,Priority-Greedy,20,297.0,595.0,126.66666666666667,256.6937868949896,60.0,36.081544996704906,0.0,0.0,0.0,0.0,P1->P17->P4->P7->P11->P14->P19->P12->P13->P16->P6->P20->P3->P2->P15->P5->P18->P9->P8->P10
1,RH-PADS,20,237.0,495.0,146.66666666666669,191.6880993048337,40.0,681.4578140038066,0.0,0.0,0.0,0.0,P16->P1->P6->P20->P17->P4->P12->P7->P11->P5->P9->P14->P18->P19->P2->P13->P3->P15->P8->P10
1,RH-PADS-L,20,257.0,528.3333333333334,147.91666666666669,193.9810290594294,40.0,330.42139100143686,0.0,0.0,0.0,0.0,P16->P1->P6->P20->P17->P4->P7->P11->P5->P19->P18->P14->P9->P12->P13->P2->P15->P3->P10->P8
1,A-RH-PADS,20,209.0,448.33333333333326,155.83333333333331,190.46987041880286,40.0,77.49929197598249,0.5728763075940336,0.46718907262953424,0.6285605660952109,0.04145030920776468,P16->P1->P6->P20->P17->P4->P12->P7->P11->P5->P19->P18->P14->P9->P8->P15->P2->P13->P3->P10
1,A-RH-PADS-L,20,209.0,448.33333333333326,155.83333333333331,190.46987041880286,40.0,64.49021899607033,0.5728763075940336,0.46718907262953424,0.6285605660952109,0.04145030920776468,P16->P1->P6->P20->P17->P4->P12->P7->P11->P5->P19->P18->P14->P9->P8->P15->P2->P13->P3->P10
2,AStarOnly,20,148.0,346.6666666666667,142.83333333333331,149.18086604443027,80.0,31.66154498467222,0.0,0.0,0.0,0.0,P16->P20->P13->P5->P7->P3->P1->P2->P12->P10->P15->P8->P14->P18->P17->P4->P9->P6->P19->P11
2,TSP-2opt,20,144.0,340.00000000000006,194.50000000000003,187.17468738297558,20.0,50.01585197169334,0.0,0.0,0.0,0.0,P16->P20->P19->P6->P9->P4->P17->P18->P14->P8->P15->P10->P12->P2->P1->P3->P7->P5->P13->P11
2,Greedy-PADS,20,250.0,516.6666666666667,194.83333333333337,209.88199062428066,60.0,31.94565000012517,0.0,0.0,0.0,0.0,P5->P7->P3->P1->P15->P14->P10->P2->P11->P20->P4->P17->P6->P18->P9->P13->P16->P19->P8->P12
2,Priority-Greedy,20,308.0,613.3333333333333,154.50000000000003,216.42850328545615,100.0,31.911460042465478,0.0,0.0,0.0,0.0,P5->P20->P7->P11->P15->P14->P4->P18->P6->P13->P1->P2->P10->P8->P17->P3->P9->P19->P16->P12
2,RH-PADS,20,176.0,393.3333333333333,120.83333333333333,150.10729390153588,100.0,569.1516190418042,0.0,0.0,0.0,0.0,P20->P13->P5->P7->P11->P1->P2->P10->P15->P8->P14->P18->P17->P4->P6->P19->P9->P16->P3->P12
2,RH-PADS-L,20,195.0,424.9999999999999,142.8333333333333,157.79577744235772,80.0,301.9012180157006,0.0,0.0,0.0,0.0,P20->P13->P5->P7->P3->P1->P15->P8->P14->P17->P4->P18->P6->P9->P2->P10->P12->P11->P16->P19
2,A-RH-PADS,20,185.0,408.3333333333333,144.83333333333331,156.48052644376372,80.0,69.60308697307482,0.601668978102943,0.5238489364664343,0.6327055031170095,0.029160920667528373,P20->P13->P5->P7->P3->P1->P15->P8->P14->P17->P4->P9->P6->P18->P10->P12->P2->P11->P16->P19
2,A-RH-PADS-L,20,185.0,408.3333333333333,144.83333333333331,156.48052644376372,80.0,53.35159902460873,0.601668978102943,0.5238489364664343,0.6327055031170095,0.029160920667528373,P20->P13->P5->P7->P3->P1->P15->P8->P14->P17->P4->P9->P6->P18->P10->P12->P2->P11->P16->P19
3,AStarOnly,19,130.0,311.6666666666667,179.44444444444446,167.67391146664556,20.0,45.271857001353055,0.0,0.0,0.0,0.0,P10->P6->P7->P1->P14->P16->P8->P9->P3->P12->P19->P18->P17->P13->P4->P15->P2->P20->P5
3,TSP-2opt,19,124.0,301.66666666666663,211.38888888888889,189.92426340093462,0.0,59.48463099775836,0.0,0.0,0.0,0.0,P10->P4->P12->P19->P18->P17->P13->P5->P20->P2->P15->P8->P3->P9->P16->P14->P1->P7->P6
3,Greedy-PADS,19,194.0,418.3333333333333,150.0,175.20246310764043,40.0,45.93886499060318,0.0,0.0,0.0,0.0,P10->P9->P16->P14->P8->P1->P15->P2->P12->P19->P18->P5->P20->P3->P7->P6->P4->P17->P13
3,Priority-Greedy,19,265.0,536.6666666666667,98.05555555555554,186.17475571000014,100.0,46.649965981487185,0.0,0.0,0.0,0.0,P9->P1->P16->P15->P2->P12->P13->P17->P5->P7->P14->P8->P3->P19->P18->P20->P6->P10->P4
3,RH-PADS,19,180.0,395.0,113.33333333333333,159.68876530980125,80.0,956.7848120350391,0.0,0.0,0.0,0.0,P9->P16->P1->P14->P15->P12->P3->P8->P2->P20->P5->P17->P13->P18->P19->P4->P10->P6->P7
3,RH-PADS-L,19,180.0,395.00000000000006,115.00000000000001,158.90004125083874,80.0,447.93090398889035,0.0,0.0,0.0,0.0,P9->P16->P1->P14->P15->P8->P3->P12->P18->P17->P13->P5->P2->P20->P19->P4->P10->P6->P7
3,A-RH-PADS,19,185.0,403.3333333333333,114.16666666666667,150.4977597353086,80.0,87.8910809988156,0.5581020114550909,0.5044619611767036,0.6214434241576577,0.03224810532386041,P9->P16->P1->P14->P15->P8->P3->P12->P19->P18->P17->P13->P2->P20->P5->P7->P6->P10->P4
3,A-RH-PADS-L,19,178.0,391.66666666666663,140.0,162.69477479760266,60.0,67.46605603257194,0.5656104195285184,0.5129705953637662,0.6214434241576577,0.028209241499956975,P9->P16->P1->P14->P8->P3->P12->P19->P18->P2->P20->P5->P15->P4->P17->P13->P10->P6->P7
4,AStarOnly,20,180.0,400.00000000000006,216.6666666666667,199.48933476951882,0.0,32.9474059981294,0.0,0.0,0.0,0.0,P20->P10->P9->P2->P13->P15->P18->P19->P16->P6->P5->P3->P8->P12->P7->P1->P4->P11->P17->P14
4,TSP-2opt,20,174.0,390.0,246.6666666666667,183.89619833538688,0.0,36.511155019979924,0.0,0.0,0.0,0.0,P20->P10->P9->P2->P13->P15->P18->P11->P17->P19->P16->P6->P5->P3->P8->P4->P1->P7->P12->P14
4,Greedy-PADS,20,253.0,521.6666666666667,261.6666666666667,244.4333538962034,0.0,35.228152002673596,0.0,0.0,0.0,0.0,P20->P11->P9->P17->P1->P12->P7->P5->P3->P6->P16->P8->P14->P19->P18->P15->P13->P2->P10->P4
4,Priority-Greedy,20,342.0,670.0,106.66666666666669,250.0684481998298,20.0,34.284761000890285,0.0,0.0,0.0,0.0,P20->P11->P17->P3->P12->P9->P1->P7->P5->P16->P19->P6->P8->P15->P18->P13->P10->P4->P2->P14
4,RH-PADS,20,206.0,443.33333333333337,123.33333333333331,203.07928145320986,0.0,726.4834410161711,0.0,0.0,0.0,0.0,P20->P10->P9->P11->P17->P3->P16->P6->P5->P8->P12->P7->P1->P4->P15->P13->P2->P18->P19->P14
4,RH-PADS-L,20,254.0,523.3333333333334,85.0,217.27605374932597,20.0,329.95014399057254,0.0,0.0,0.0,0.0,P20->P9->P3->P5->P6->P16->P19->P11->P17->P1->P7->P12->P8->P15->P13->P2->P10->P4->P14->P18
4,A-RH-PADS,20,205.0,441.6666666666667,155.0,199.89071099165656,0.0,71.83610199717805,0.5503973639565364,0.4843480745912913,0.6018221319239462,0.038287173726841,P20->P10->P9->P11->P17->P16->P6->P5->P3->P8->P12->P7->P1->P2->P13->P15->P18->P19->P14->P4
4,A-RH-PADS-L,20,200.0,433.33333333333337,118.33333333333334,205.2339954985239,20.0,59.00926800677553,0.5514880067388348,0.49792235553151987,0.6018221319239462,0.030635530099918477,P20->P9->P11->P17->P3->P5->P6->P16->P8->P12->P7->P4->P1->P10->P2->P13->P15->P18->P19->P14
5,AStarOnly,20,207.0,445.0000000000001,194.72222222222226,210.95418778831691,40.0,34.408917010296136,0.0,0.0,0.0,0.0,P16->P13->P8->P1->P4->P7->P11->P17->P5->P9->P6->P10->P18->P3->P12->P15->P14->P2->P19->P20
5,TSP-2opt,20,174.0,390.0000000000001,241.3888888888889,224.84998945682776,20.0,39.061195973772556,0.0,0.0,0.0,0.0,P16->P13->P17->P11->P7->P8->P4->P1->P20->P19->P5->P9->P6->P10->P18->P3->P12->P15->P14->P2
5,Greedy-PADS,20,295.0,591.6666666666666,150.55555555555557,233.55827993108772,60.0,35.215479030739516,0.0,0.0,0.0,0.0,P14->P6->P10->P9->P5->P19->P18->P1->P8->P7->P4->P17->P11->P16->P15->P2->P12->P3->P20->P13
5,Priority-Greedy,20,353.0,688.3333333333334,149.16666666666666,252.92760936114203,60.0,34.56510399701074,0.0,0.0,0.0,0.0,P14->P6->P7->P4->P19->P9->P1->P8->P17->P16->P18->P10->P12->P15->P5->P11->P13->P2->P3->P20
5,RH-PADS,20,261.0,535.0,118.61111111111113,202.63012351350665,60.0,750.0900189625099,0.0,0.0,0.0,0.0,P14->P9->P6->P10->P19->P1->P4->P7->P8->P5->P18->P12->P15->P2->P16->P13->P17->P11->P20->P3
5,RH-PADS-L,20,261.0,535.0,118.61111111111113,202.63012351350665,60.0,350.7001980324276,0.0,0.0,0.0,0.0,P14->P9->P6->P10->P19->P1->P4->P7->P8->P5->P18->P12->P15->P2->P16->P13->P17->P11->P20->P3
5,A-RH-PADS,20,227.0,478.3333333333333,111.11111111111113,193.39347799876836,80.0,75.49849397037178,0.5702550613475772,0.44078235512536323,0.6416997900163667,0.05071854740162006,P14->P9->P6->P19->P1->P4->P7->P8->P5->P10->P18->P3->P12->P15->P2->P16->P13->P17->P11->P20
5,A-RH-PADS-L,20,233.0,488.3333333333333,118.61111111111113,198.3997806778903,60.0,64.13342599989846,0.57355462768704,0.44078235512536323,0.6416997900163667,0.05193491766534963,P14->P9->P6->P10->P19->P1->P4->P7->P8->P5->P18->P3->P12->P15->P2->P16->P13->P17->P11->P20
6,AStarOnly,20,162.0,369.99999999999994,193.66666666666666,214.07655380590572,40.0,36.857495026197284,0.0,0.0,0.0,0.0,P17->P19->P10->P15->P5->P2->P6->P3->P8->P1->P11->P7->P18->P13->P20->P4->P12->P16->P14->P9
6,TSP-2opt,20,147.0,345.0,156.33333333333334,173.46460796256747,40.0,41.05475702090189,0.0,0.0,0.0,0.0,P10->P17->P19->P15->P5->P2->P6->P3->P11->P8->P1->P18->P13->P20->P4->P12->P16->P14->P9->P7
6,Greedy-PADS,20,224.0,473.3333333333334,159.66666666666669,165.8863466259528,40.0,35.10420199017972,0.0,0.0,0.0,0.0,P10->P17->P5->P2->P20->P13->P18->P12->P4->P16->P14->P9->P7->P8->P3->P6->P11->P15->P19->P1
6,Priority-Greedy,20,294.0,590.0000000000001,165.33333333333334,211.86538681033258,60.0,36.470983002800494,0.0,0.0,0.0,0.0,P5->P10->P18->P20->P12->P16->P13->P17->P2->P3->P8->P11->P15->P19->P4->P9->P14->P7->P1->P6
6,RH-PADS,20,219.0,465.0,157.33333333333334,167.78076812113304,40.0,724.7473660390824,0.0,0.0,0.0,0.0,P10->P17->P5->P2->P15->P13->P20->P18->P12->P16->P14->P9->P8->P11->P3->P6->P1->P7->P4->P19
6,RH-PADS-L,20,201.0,435.00000000000006,132.66666666666669,160.39763771204616,40.0,329.56074201501906,0.0,0.0,0.0,0.0,P10->P17->P5->P2->P15->P20->P13->P12->P16->P14->P9->P18->P3->P6->P11->P8->P1->P7->P4->P19
6,A-RH-PADS,20,213.0,454.99999999999994,179.66666666666669,163.01465298090423,20.0,78.6072050104849,0.5639214953152067,0.4848336498254914,0.6209073421684561,0.04517335355382989,P10->P17->P20->P13->P18->P15->P5->P2->P6->P3->P8->P4->P12->P16->P14->P9->P7->P1->P11->P19
6,A-RH-PADS-L,20,231.0,485.0000000000001,172.66666666666669,167.20972428922443,20.0,65.53132500266656,0.5566966881092438,0.47967005512125954,0.629201063278241,0.05029695082441028,P10->P17->P20->P13->P15->P5->P2->P18->P12->P16->P14->P9->P4->P8->P1->P3->P6->P11->P19->P7
7,AStarOnly,20,188.0,413.33333333333337,187.91666666666666,178.74193177674218,20.0,30.565207009203732,0.0,0.0,0.0,0.0,P12->P5->P10->P4->P15->P13->P7->P2->P16->P14->P11->P19->P20->P6->P18->P17->P8->P1->P3->P9
7,TSP-2opt,20,168.0,380.0,193.33333333333331,182.4211447639572,20.0,45.83154199644923,0.0,0.0,0.0,0.0,P3->P15->P13->P7->P2->P16->P4->P10->P5->P12->P1->P18->P17->P8->P6->P20->P19->P11->P14->P9
7,Greedy-PADS,20,274.0,556.6666666666666,197.0833333333333,233.44577300440085,40.0,31.498195021413267,0.0,0.0,0.0,0.0,P12->P20->P6->P18->P15->P13->P7->P4->P16->P11->P14->P2->P10->P1->P5->P8->P3->P17->P19->P9
7,Priority-Greedy,20,286.0,576.6666666666666,87.08333333333334,218.96582668651658,60.0,38.4544400149025,0.0,0.0,0.0,0.0,P12->P20->P11->P13->P15->P3->P6->P4->P16->P14->P9->P5->P10->P1->P18->P17->P8->P2->P7->P19
7,RH-PADS,20,212.0,453.3333333333333,84.58333333333334,167.913434817087,40.0,673.2003910001367,0.0,0.0,0.0,0.0,P12->P3->P15->P13->P16->P11->P20->P6->P4->P10->P5->P1->P18->P17->P8->P7->P2->P14->P9->P19
7,RH-PADS-L,20,200.0,433.3333333333333,94.58333333333334,175.24206014673868,40.0,302.3491289932281,0.0,0.0,0.0,0.0,P12->P3->P15->P13->P2->P16->P14->P11->P20->P6->P5->P10->P1->P18->P17->P8->P4->P7->P19->P9
7,A-RH-PADS,20,226.0,476.66666666666674,104.58333333333334,168.10370860401045,40.0,68.07847297750413,0.5784514940996871,0.5077596300678212,0.6543069969485884,0.05357746212952729,P12->P3->P15->P13->P4->P10->P5->P6->P20->P11->P14->P16->P8->P18->P17->P1->P7->P2->P19->P9
7,A-RH-PADS-L,20,184.0,406.66666666666663,123.75,160.79635913335517,40.0,51.45021097268909,0.5976451561647803,0.5240071287342289,0.6543069969485884,0.04232948362552854,P12->P3->P15->P4->P10->P5->P6->P18->P17->P1->P8->P20->P11->P14->P16->P2->P7->P13->P19->P9
8,AStarOnly,20,174.0,390.00000000000006,49.16666666666667,201.82130492764543,40.0,33.18246599519625,0.0,0.0,0.0,0.0,P6->P4->P15->P5->P19->P3->P13->P20->P9->P16->P2->P11->P8->P18->P17->P1->P10->P12->P7->P14
8,TSP-2opt,20,163.0,371.66666666666663,184.16666666666666,189.0286820610904,20.0,50.5392579943873,0.0,0.0,0.0,0.0,P6->P4->P15->P5->P8->P18->P17->P1->P12->P10->P7->P14->P9->P16->P2->P20->P13->P3->P19->P11
8,Greedy-PADS,20,260.0,533.3333333333334,200.83333333333337,240.14178650549567,20.0,34.588231006637216,0.0,0.0,0.0,0.0,P18->P17->P8->P19->P11->P16->P9->P20->P13->P3->P4->P6->P15->P5->P10->P12->P7->P14->P1->P2
8,Priority-Greedy,20,302.0,603.3333333333333,78.33333333333334,224.04205355476557,40.0,34.78676703525707,0.0,0.0,0.0,0.0,P19->P11->P4->P18->P10->P12->P7->P17->P8->P6->P13->P16->P9->P20->P3->P5->P15->P2->P14->P1
8,RH-PADS,20,254.0,523.3333333333334,67.5,203.3385134334324,40.0,697.2695359727368,0.0,0.0,0.0,0.0,P6->P4->P8->P18->P19->P11->P16->P20->P12->P10->P7->P17->P3->P13->P2->P9->P14->P1->P5->P15
8,RH-PADS-L,20,258.0,530.0,39.16666666666667,188.18091598264536,40.0,334.3882730114274,0.0,0.0,0.0,0.0,P6->P4->P19->P18->P17->P10->P12->P7->P9->P16->P20->P13->P11->P15->P5->P8->P3->P2->P14->P1
8,A-RH-PADS,20,244.0,506.66666666666674,89.16666666666667,203.6098609350362,40.0,74.92204796290025,0.5496751964455174,0.4790518446447772,0.6137390785332484,0.04351247789839038,P8->P18->P6->P4->P19->P11->P16->P20->P12->P10->P7->P1->P17->P3->P13->P5->P15->P2->P9->P14
8,A-RH-PADS-L,20,224.0,473.3333333333333,116.66666666666667,187.05202899954634,20.0,61.3543470390141,0.5848330797104234,0.547305546678913,0.6123037971157661,0.023311030433513333,P6->P4->P18->P10->P12->P7->P17->P3->P13->P19->P5->P15->P11->P16->P2->P20->P9->P14->P1->P8
9,AStarOnly,20,153.0,355.00000000000006,185.55555555555554,165.88956889160423,20.0,30.980715004261583,0.0,0.0,0.0,0.0,P4->P15->P10->P9->P5->P6->P8->P20->P3->P11->P14->P19->P1->P12->P2->P13->P7->P18->P16->P17
9,TSP-2opt,20,156.0,360.00000000000006,195.83333333333337,159.30246229916136,20.0,35.956848005298525,0.0,0.0,0.0,0.0,P4->P10->P9->P15->P13->P2->P12->P1->P19->P14->P11->P3->P20->P8->P6->P5->P17->P16->P18->P7
9,Greedy-PADS,20,219.0,465.0000000000001,268.0555555555556,215.57455164244496,20.0,31.936172978021204,0.0,0.0,0.0,0.0,P15->P9->P5->P10->P4->P13->P2->P12->P1->P14->P17->P20->P3->P11->P7->P19->P16->P18->P8->P6
9,Priority-Greedy,20,276.0,559.9999999999999,174.72222222222226,249.26333802206508,60.0,31.127615016885102,0.0,0.0,0.0,0.0,P15->P4->P17->P20->P1->P12->P7->P13->P6->P5->P9->P10->P14->P19->P2->P11->P3->P18->P16->P8
9,RH-PADS,20,209.0,448.33333333333337,179.7222222222222,180.15564138689285,40.0,644.3059369921684,0.0,0.0,0.0,0.0,P4->P15->P1->P12->P13->P2->P19->P14->P20->P3->P17->P6->P8->P5->P9->P10->P11->P7->P18->P16
9,RH-PADS-L,20,214.0,456.6666666666667,175.2777777777778,182.72073873919723,40.0,300.48789002466947,0.0,0.0,0.0,0.0,P4->P15->P1->P12->P13->P2->P14->P20->P3->P17->P16->P6->P5->P9->P10->P11->P19->P7->P18->P8
9,A-RH-PADS,20,162.0,370.00000000000006,200.2777777777778,165.66673424425028,20.0,65.06927002919838,0.6072756526977712,0.5584037677549034,0.6359011909872527,0.02372115681344148,P4->P15->P1->P14->P19->P12->P2->P13->P10->P9->P5->P6->P8->P20->P3->P17->P16->P18->P11->P7
9,A-RH-PADS-L,20,194.0,423.3333333333333,182.2222222222222,178.73513174663543,40.0,54.713456018362194,0.593598633851735,0.5187043152685962,0.6326217225505266,0.03288723536095398,P4->P15->P1->P12->P13->P2->P14->P19->P20->P3->P17->P16->P8->P6->P5->P9->P10->P11->P7->P18
10,AStarOnly,19,121.0,296.66666666666674,220.00000000000006,178.4921620447438,0.0,51.304969005286694,0.0,0.0,0.0,0.0,P10->P9->P17->P5->P13->P3->P18->P12->P8->P7->P11->P4->P14->P16->P19->P15->P20->P1->P2
10,TSP-2opt,19,118.0,291.66666666666674,209.33333333333334,177.0679915055636,0.0,52.89037502370775,0.0,0.0,0.0,0.0,P10->P9->P17->P13->P5->P18->P3->P12->P8->P7->P11->P14->P4->P2->P1->P20->P15->P19->P16
10,Greedy-PADS,19,202.0,431.66666666666663,108.00000000000003,171.9305791915998,80.0,50.73349399026483,0.0,0.0,0.0,0.0,P10->P8->P11->P7->P2->P4->P16->P19->P20->P15->P14->P1->P12->P3->P18->P13->P9->P17->P5
10,Priority-Greedy,19,244.0,501.66666666666674,107.33333333333334,177.16445519238567,80.0,51.575306977611035,0.0,0.0,0.0,0.0,P7->P8->P11->P16->P19->P20->P2->P4->P13->P5->P10->P17->P9->P3->P14->P1->P15->P18->P12
10,RH-PADS,19,202.0,431.66666666666663,105.0,169.25875829769225,80.0,1005.29728399124,0.0,0.0,0.0,0.0,P8->P7->P11->P16->P19->P20->P1->P2->P4->P14->P3->P13->P5->P10->P9->P17->P15->P18->P12
10,RH-PADS-L,19,200.0,428.33333333333337,103.33333333333333,166.96267204029897,80.0,487.2941539506428,0.0,0.0,0.0,0.0,P8->P11->P7->P16->P19->P20->P2->P4->P14->P18->P3->P13->P5->P10->P9->P17->P15->P1->P12
10,A-RH-PADS,19,183.0,399.99999999999994,117.33333333333333,156.7721679518482,60.0,89.57038394873962,0.5912712053122336,0.5474117455930532,0.6527123109637024,0.030078095350780473,P13->P8->P11->P7->P16->P4->P14->P2->P1->P20->P19->P17->P9->P10->P5->P12->P3->P18->P15
10,A-RH-PADS-L,19,213.0,450.00000000000006,116.33333333333334,174.1660637386347,60.0,79.06452100723982,0.5844042939832272,0.5313755353274852,0.6490937106590873,0.03184516241462564,P7->P8->P11->P4->P16->P14->P2->P1->P20->P19->P13->P5->P10->P9->P3->P12->P18->P17->P15
11,AStarOnly,20,142.0,336.66666666666663,98.0,157.68439698677588,60.0,30.11647000676021,0.0,0.0,0.0,0.0,P14->P3->P20->P13->P5->P2->P18->P8->P10->P7->P15->P4->P1->P9->P6->P16->P19->P11->P17->P12
11,TSP-2opt,20,140.0,333.33333333333326,99.33333333333334,157.80720253632947,60.0,33.85907900519669,0.0,0.0,0.0,0.0,P14->P3->P20->P13->P5->P2->P18->P8->P10->P7->P1->P4->P15->P9->P6->P16->P19->P11->P17->P12
11,Greedy-PADS,20,229.0,481.6666666666666,92.33333333333333,196.9836154332584,80.0,30.148050049319863,0.0,0.0,0.0,0.0,P3->P13->P2->P20->P17->P19->P9->P6->P7->P4->P10->P15->P8->P18->P5->P12->P11->P16->P1->P14
11,Priority-Greedy,20,255.0,525.0,82.66666666666667,203.196535840995,80.0,30.209882999770343,0.0,0.0,0.0,0.0,P3->P13->P20->P2->P6->P9->P4->P10->P7->P19->P17->P18->P8->P15->P1->P14->P5->P12->P11->P16
11,RH-PADS,20,217.0,461.6666666666667,68.66666666666666,175.6090999609304,80.0,605.60011502821,0.0,0.0,0.0,0.0,P3->P20->P13->P2->P10->P7->P4->P9->P6->P19->P8->P18->P11->P17->P12->P5->P14->P1->P15->P16
11,RH-PADS-L,20,215.0,458.3333333333333,68.66666666666666,168.62774766657495,80.0,285.602321033366,0.0,0.0,0.0,0.0,P3->P20->P13->P2->P10->P7->P4->P15->P9->P6->P8->P18->P19->P11->P17->P12->P5->P14->P1->P16
11,A-RH-PADS,20,213.0,454.99999999999994,68.66666666666666,175.32575994780373,80.0,70.37182402564213,0.5534802961828832,0.45664890293129246,0.5983728731772207,0.04417098975061512,P3->P20->P13->P2->P10->P7->P4->P9->P6->P8->P18->P19->P11->P17->P12->P5->P16->P15->P1->P14
11,A-RH-PADS-L,20,219.0,464.99999999999994,82.99999999999999,160.62889662677148,80.0,56.258628028444946,0.5581481270092364,0.478892887564468,0.6149406107923132,0.039526475971589224,P3->P20->P13->P2->P18->P8->P10->P7->P6->P9->P15->P4->P1->P11->P19->P17->P12->P5->P16->P14
12,AStarOnly,20,164.0,373.33333333333337,122.40740740740742,155.8081251560957,80.0,28.34573102882132,0.0,0.0,0.0,0.0,P7->P19->P3->P16->P14->P8->P18->P17->P12->P15->P6->P10->P20->P4->P11->P13->P9->P5->P2->P1
12,TSP-2opt,20,155.0,358.3333333333333,154.44444444444446,166.43355432985962,80.0,46.76708800252527,0.0,0.0,0.0,0.0,P7->P19->P3->P16->P14->P2->P5->P9->P13->P11->P4->P20->P10->P6->P15->P12->P17->P18->P1->P8
12,Greedy-PADS,20,230.0,483.33333333333337,175.00000000000003,190.2279343346183,80.0,30.233087949454784,0.0,0.0,0.0,0.0,P19->P7->P3->P16->P18->P12->P17->P20->P5->P4->P9->P2->P14->P6->P10->P15->P8->P1->P11->P13
12,Priority-Greedy,20,299.0,598.3333333333334,179.62962962962962,227.86082902070814,100.0,29.185494990088046,0.0,0.0,0.0,0.0,P16->P18->P6->P19->P7->P3->P12->P20->P4->P13->P5->P2->P14->P17->P10->P15->P1->P9->P11->P8
12,RH-PADS,20,218.0,463.3333333333333,110.0,154.2146183160675,80.0,592.215295007918,0.0,0.0,0.0,0.0,P7->P19->P16->P18->P17->P12->P6->P20->P4->P13->P5->P9->P2->P14->P3->P1->P8->P15->P10->P11
12,RH-PADS-L,20,206.0,443.33333333333326,109.25925925925925,152.19561455552602,100.0,259.6017569885589,0.0,0.0,0.0,0.0,P7->P19->P16->P18->P12->P6->P10->P20->P4->P13->P9->P5->P2->P14->P3->P1->P8->P17->P15->P11
12,A-RH-PADS,20,198.0,430.0,90.55555555555556,136.41278819117207,100.0,66.45305204438046,0.5642265951187537,0.4493682610274782,0.63506861705913,0.05194785008233728,P7->P19->P16->P14->P18->P17->P12->P6->P10->P20->P4->P13->P9->P5->P2->P3->P1->P15->P8->P11
12,A-RH-PADS-L,20,196.0,426.66666666666663,116.11111111111111,146.33571576249906,100.0,50.57707900414243,0.5753874523120392,0.5229506635465075,0.63506861705913,0.03500198337562401,P7->P19->P16->P14->P18->P17->P12->P6->P10->P20->P4->P9->P5->P2->P3->P1->P8->P15->P11->P13
13,AStarOnly,20,191.0,418.33333333333337,223.0,179.83596181026167,20.0,38.657545985188335,0.0,0.0,0.0,0.0,P8->P13->P10->P16->P11->P9->P18->P1->P6->P14->P3->P19->P4->P17->P12->P5->P2->P15->P7->P20
13,TSP-2opt,20,153.0,355.0,180.66666666666666,166.78884361578244,20.0,61.05744501110166,0.0,0.0,0.0,0.0,P13->P8->P10->P16->P11->P9->P2->P5->P12->P17->P4->P19->P3->P14->P6->P7->P1->P18->P15->P20
13,Greedy-PADS,20,213.0,455.0,170.66666666666669,193.43717074690133,20.0,37.66968398122117,0.0,0.0,0.0,0.0,P8->P13->P10->P11->P9->P18->P6->P7->P3->P4->P12->P5->P2->P17->P19->P14->P1->P15->P16->P20
13,Priority-Greedy,20,306.0,610.0000000000001,176.66666666666669,291.1325520824067,80.0,36.83066100347787,0.0,0.0,0.0,0.0,P4->P3->P7->P9->P11->P12->P2->P5->P10->P8->P13->P20->P18->P14->P6->P15->P16->P1->P19->P17
13,RH-PADS,20,225.0,475.00000000000006,177.33333333333334,183.8118105222405,20.0,757.2097830125131,0.0,0.0,0.0,0.0,P8->P13->P10->P11->P9->P3->P14->P6->P7->P18->P4->P17->P12->P2->P5->P16->P20->P15->P1->P19
13,RH-PADS-L,20,214.0,456.6666666666667,166.33333333333331,175.54319376881614,20.0,365.813331969548,0.0,0.0,0.0,0.0,P13->P8->P10->P11->P9->P18->P7->P6->P14->P3->P19->P4->P12->P2->P5->P16->P20->P15->P1->P17
13,A-RH-PADS,20,215.0,458.33333333333337,153.66666666666669,176.2354926587331,20.0,93.93159404862672,0.5721061155397241,0.4919865609903872,0.6372634483533642,0.0491577786286304,P8->P10->P11->P9->P18->P7->P6->P14->P3->P4->P17->P12->P2->P5->P16->P13->P20->P15->P1->P19
13,A-RH-PADS-L,20,222.0,470.0,161.33333333333331,194.98547563037783,20.0,68.01266595721245,0.5731336503165393,0.48739453138489197,0.6314358553361423,0.04936967889689953,P13->P10->P11->P9->P18->P7->P6->P14->P3->P19->P4->P12->P2->P5->P16->P8->P20->P15->P1->P17
14,AStarOnly,20,197.0,428.33333333333337,210.55555555555557,195.41763361254834,20.0,32.91780600557104,0.0,0.0,0.0,0.0,P2->P11->P3->P7->P18->P9->P10->P14->P12->P19->P17->P6->P13->P1->P16->P15->P4->P5->P20->P8
14,TSP-2opt,20,177.0,395.00000000000006,185.0,194.59849167185644,40.0,56.58089800272137,0.0,0.0,0.0,0.0,P2->P20->P5->P4->P15->P17->P6->P13->P1->P16->P19->P12->P14->P10->P9->P18->P11->P3->P7->P8
14,Greedy-PADS,20,229.0,481.6666666666666,139.7222222222222,204.75391668502434,80.0,31.94208996137604,0.0,0.0,0.0,0.0,P11->P20->P15->P17->P19->P14->P10->P12->P9->P18->P8->P7->P3->P2->P4->P5->P6->P13->P1->P16
14,Priority-Greedy,20,317.0,628.3333333333333,140.2777777777778,250.7816409032274,60.0,33.24280405649915,0.0,0.0,0.0,0.0,P15->P19->P14->P12->P17->P16->P10->P11->P20->P4->P5->P9->P7->P3->P2->P18->P8->P13->P6->P1
14,RH-PADS,20,247.0,511.6666666666667,144.44444444444446,196.91395601414234,60.0,720.8784429822117,0.0,0.0,0.0,0.0,P11->P14->P12->P19->P17->P15->P4->P6->P13->P16->P10->P9->P18->P7->P3->P2->P20->P5->P1->P8
14,RH-PADS-L,20,279.0,565.0,157.7777777777778,216.3714369177862,60.0,369.72586397314444,0.0,0.0,0.0,0.0,P11->P14->P12->P19->P17->P15->P4->P10->P9->P16->P13->P6->P18->P7->P3->P2->P20->P5->P1->P8
14,A-RH-PADS,20,217.0,461.6666666666665,182.22222222222217,203.0223139939364,60.0,74.43438103655353,0.5791384036915762,0.5081952787786145,0.6275230281216093,0.02957487448072484,P15->P17->P19->P12->P14->P10->P9->P18->P7->P3->P11->P2->P20->P5->P4->P6->P13->P1->P16->P8
14,A-RH-PADS-L,20,247.0,511.6666666666667,144.44444444444446,196.91395601414234,60.0,60.25318999309093,0.5663795658168423,0.48698026683201306,0.6300864741907239,0.04422261193258304,P11->P14->P12->P19->P17->P15->P4->P6->P13->P16->P10->P9->P18->P7->P3->P2->P20->P5->P1->P8
15,AStarOnly,20,183.0,405.0,200.41666666666666,162.51697887093232,0.0,30.040563025977463,0.0,0.0,0.0,0.0,P16->P7->P11->P2->P6->P20->P4->P12->P19->P17->P8->P3->P15->P5->P13->P10->P18->P9->P1->P14
15,TSP-2opt,20,161.0,368.33333333333337,190.41666666666666,155.35051822314503,0.0,39.505505992565304,0.0,0.0,0.0,0.0,P16->P7->P11->P2->P6->P12->P4->P20->P18->P10->P13->P19->P17->P8->P3->P15->P5->P9->P1->P14
15,Greedy-PADS,20,244.0,506.6666666666667,155.41666666666666,209.3688646398424,60.0,31.198336975649,0.0,0.0,0.0,0.0,P20->P6->P4->P13->P10->P7->P2->P11->P19->P8->P3->P17->P12->P18->P16->P14->P1->P15->P5->P9
15,Priority-Greedy,20,322.0,636.6666666666666,90.41666666666667,229.86791380479778,60.0,30.290434951893985,0.0,0.0,0.0,0.0,P20->P4->P13->P6->P19->P14->P16->P7->P10->P8->P17->P3->P15->P1->P11->P18->P12->P2->P5->P9
15,RH-PADS,20,242.0,503.33333333333337,119.58333333333334,194.6446108572672,60.0,714.2378080170602,0.0,0.0,0.0,0.0,P6->P20->P4->P13->P19->P17->P8->P3->P7->P11->P2->P16->P14->P1->P15->P5->P10->P18->P12->P9
15,RH-PADS-L,20,251.0,518.3333333333334,144.58333333333334,206.8685483305932,60.0,332.8173630288802,0.0,0.0,0.0,0.0,P6->P20->P4->P13->P19->P17->P8->P3->P15->P5->P10->P2->P7->P16->P11->P12->P14->P1->P9->P18
15,A-RH-PADS,20,233.0,488.33333333333337,150.83333333333334,206.42224279430613,60.0,72.74658494861796,0.5671037957749757,0.5039450022319917,0.6428129560935207,0.035163157426941476,P6->P20->P4->P13->P19->P17->P8->P3->P12->P7->P11->P2->P10->P5->P15->P9->P1->P14->P16->P18
15,A-RH-PADS-L,20,253.0,521.6666666666667,145.41666666666669,207.11952463292184,60.0,58.48957796115428,0.5651516505225844,0.49612124398997426,0.6428129560935207,0.03978423934133079,P6->P20->P4->P13->P19->P17->P8->P3->P15->P5->P10->P2->P11->P7->P16->P12->P14->P1->P9->P18
16,AStarOnly,20,195.0,425.0,425.0,224.45524062374187,0.0,30.723952979315072,0.0,0.0,0.0,0.0,P6->P13->P10->P11->P19->P14->P12->P5->P2->P1->P18->P7->P16->P15->P17->P8->P20->P3->P9->P4
16,TSP-2opt,20,169.0,381.66666666666674,110.00000000000001,192.8791616931483,20.0,36.21284296968952,0.0,0.0,0.0,0.0,P6->P13->P10->P11->P4->P19->P14->P12->P5->P2->P1->P18->P15->P16->P17->P8->P7->P9->P20->P3
16,Greedy-PADS,20,234.0,490.0,113.33333333333334,258.77069227807675,20.0,31.92808199673891,0.0,0.0,0.0,0.0,P16->P18->P12->P19->P4->P1->P14->P2->P11->P10->P13->P6->P15->P17->P8->P7->P9->P20->P3->P5
16,Priority-Greedy,20,279.0,565.0,70.0,245.92064152498182,20.0,32.58409001864493,0.0,0.0,0.0,0.0,P4->P19->P11->P20->P9->P12->P18->P15->P16->P17->P7->P8->P1->P3->P5->P14->P10->P13->P6->P2
16,RH-PADS,20,201.0,435.00000000000006,125.00000000000001,208.43509484384603,0.0,657.7950410428457,0.0,0.0,0.0,0.0,P16->P15->P18->P12->P19->P4->P11->P9->P20->P3->P14->P5->P2->P1->P7->P8->P17->P6->P13->P10
16,RH-PADS-L,20,197.0,428.3333333333334,125.00000000000001,204.91838387185842,0.0,302.80737101566046,0.0,0.0,0.0,0.0,P16->P15->P18->P12->P19->P4->P11->P14->P3->P20->P9->P5->P2->P1->P7->P8->P17->P6->P13->P10
16,A-RH-PADS,20,197.0,428.33333333333337,133.33333333333334,210.69589188456413,0.0,73.02466599503532,0.5375155222067669,0.4953375649407908,0.5846359533702092,0.0328888452458889,P16->P15->P18->P12->P14->P11->P4->P19->P2->P1->P5->P3->P20->P9->P7->P8->P17->P6->P13->P10
16,A-RH-PADS-L,20,216.0,460.00000000000006,198.33333333333334,218.56729708656576,0.0,58.25084197567776,0.5400209385283516,0.486565957713849,0.583432081103129,0.0349497261437302,P16->P15->P18->P12->P19->P14->P3->P20->P9->P4->P11->P1->P2->P7->P8->P17->P6->P13->P10->P5
17,AStarOnly,20,161.0,368.3333333333333,368.3333333333333,212.6255228710557,0.0,29.09252798417583,0.0,0.0,0.0,0.0,P9->P10->P6->P3->P14->P19->P1->P15->P17->P13->P7->P4->P8->P11->P5->P2->P16->P20->P12->P18
17,TSP-2opt,20,137.0,328.33333333333337,258.33333333333337,184.8980096519891,0.0,32.858638965990394,0.0,0.0,0.0,0.0,P9->P10->P5->P11->P8->P4->P6->P3->P14->P19->P1->P15->P17->P13->P7->P18->P12->P2->P16->P20
17,Greedy-PADS,20,203.0,438.3333333333334,236.66666666666669,214.08922582807395,0.0,29.26267101429403,0.0,0.0,0.0,0.0,P10->P9->P5->P11->P12->P2->P20->P16->P18->P1->P14->P3->P6->P17->P7->P13->P4->P8->P19->P15
17,Priority-Greedy,20,273.0,555.0,156.66666666666669,225.1109298290923,20.0,28.84470601566136,0.0,0.0,0.0,0.0,P5->P11->P12->P2->P18->P17->P10->P20->P16->P1->P4->P8->P3->P14->P6->P13->P7->P9->P19->P15
17,RH-PADS,20,206.0,443.3333333333334,266.6666666666667,197.93389957668813,0.0,510.65658999141306,0.0,0.0,0.0,0.0,P10->P12->P2->P16->P20->P5->P11->P8->P4->P17->P18->P1->P14->P3->P9->P6->P19->P15->P13->P7
17,RH-PADS-L,20,208.0,446.6666666666667,386.6666666666667,216.8055736730085,0.0,249.48300601681694,0.0,0.0,0.0,0.0,P5->P12->P2->P16->P20->P9->P10->P4->P17->P1->P14->P3->P6->P11->P8->P13->P18->P15->P19->P7
17,A-RH-PADS,20,191.0,418.33333333333337,356.6666666666667,189.05794438731422,0.0,64.80474700219929,0.5721465291737812,0.5193660834766489,0.6058284072330558,0.021006337525976162,P5->P10->P20->P16->P2->P12->P14->P19->P1->P15->P17->P3->P6->P4->P8->P11->P7->P13->P18->P9
17,A-RH-PADS-L,20,197.0,428.33333333333337,151.66666666666669,180.8498120561201,0.0,48.54819702450186,0.5581482918919396,0.49448224722538886,0.6058284072330558,0.03283124711454528,P10->P12->P2->P16->P20->P18->P17->P1->P19->P14->P3->P6->P4->P8->P11->P5->P7->P13->P15->P9
18,AStarOnly,20,184.0,406.66666666666663,267.77777777777777,182.4900441149442,0.0,40.928975970018655,0.0,0.0,0.0,0.0,P9->P18->P12->P6->P8->P14->P11->P10->P16->P5->P19->P15->P3->P1->P13->P4->P17->P20->P7->P2
18,TSP-2opt,20,178.0,396.6666666666667,257.22222222222223,208.373132335533,20.0,53.20515704806894,0.0,0.0,0.0,0.0,P18->P9->P12->P6->P4->P17->P13->P1->P3->P15->P19->P5->P16->P10->P11->P14->P8->P20->P7->P2
18,Greedy-PADS,20,230.0,483.3333333333334,254.44444444444449,228.5966375267724,20.0,43.04777801735327,0.0,0.0,0.0,0.0,P18->P9->P7->P5->P19->P15->P3->P1->P16->P10->P14->P11->P6->P12->P8->P20->P2->P13->P17->P4
18,Priority-Greedy,20,345.0,675.0000000000001,110.0,285.0858393683849,60.0,38.8124089804478,0.0,0.0,0.0,0.0,P7->P16->P5->P19->P4->P18->P14->P3->P1->P6->P12->P20->P2->P10->P15->P17->P13->P8->P11->P9
18,RH-PADS,20,221.0,468.3333333333333,188.33333333333334,209.52865733801352,40.0,800.9091289713979,0.0,0.0,0.0,0.0,P18->P7->P16->P5->P19->P15->P3->P1->P14->P6->P12->P9->P20->P2->P10->P11->P8->P4->P17->P13
18,RH-PADS-L,20,237.0,495.0,161.66666666666666,198.01030457498976,40.0,396.94981201319024,0.0,0.0,0.0,0.0,P18->P7->P2->P16->P5->P19->P15->P3->P1->P14->P6->P12->P20->P8->P4->P17->P13->P10->P11->P9
18,A-RH-PADS,20,241.0,501.6666666666667,220.55555555555554,196.1807561865628,20.0,82.4841900030151,0.5594533637145261,0.46756940447261686,0.6144176025137538,0.03918752583346937,P18->P12->P6->P14->P7->P16->P5->P19->P15->P1->P3->P10->P11->P8->P20->P9->P2->P4->P17->P13
18,A-RH-PADS-L,20,231.0,485.0,181.66666666666666,200.50341018612335,40.0,65.27439097408205,0.5530157327881401,0.4650441471957014,0.607775672905694,0.03956132568044948,P18->P7->P2->P16->P5->P19->P15->P3->P1->P14->P8->P6->P12->P20->P9->P13->P4->P17->P10->P11
19,AStarOnly,20,155.0,358.33333333333337,286.6666666666667,206.36070486299735,0.0,31.96327103069052,0.0,0.0,0.0,0.0,P15->P17->P14->P3->P5->P2->P6->P7->P19->P9->P8->P12->P20->P10->P16->P11->P13->P18->P4->P1
19,TSP-2opt,20,154.0,356.6666666666667,181.66666666666666,172.81933861111935,0.0,35.90007597813383,0.0,0.0,0.0,0.0,P15->P17->P14->P2->P3->P5->P1->P4->P18->P13->P11->P16->P10->P20->P12->P8->P9->P19->P6->P7
19,Greedy-PADS,20,231.0,485.0,81.0,198.94980146419985,80.0,32.711521023884416,0.0,0.0,0.0,0.0,P4->P16->P18->P10->P20->P8->P12->P11->P2->P3->P17->P15->P14->P5->P6->P7->P19->P9->P13->P1
19,Priority-Greedy,20,286.0,576.6666666666666,88.0,226.58813768495173,80.0,32.916661992203444,0.0,0.0,0.0,0.0,P4->P16->P20->P8->P11->P18->P3->P2->P15->P6->P7->P5->P10->P12->P13->P14->P17->P1->P19->P9
19,RH-PADS,20,229.0,481.6666666666667,114.0,191.38668072664277,60.0,688.5217590024695,0.0,0.0,0.0,0.0,P4->P18->P16->P11->P10->P20->P2->P14->P15->P3->P5->P17->P6->P13->P12->P8->P9->P19->P7->P1
19,RH-PADS-L,20,215.0,458.33333333333337,104.00000000000003,191.70224921109175,80.0,311.34780700085685,0.0,0.0,0.0,0.0,P4->P18->P16->P10->P20->P11->P3->P2->P14->P17->P15->P6->P13->P12->P8->P9->P19->P7->P5->P1
19,A-RH-PADS,20,211.0,451.6666666666667,76.66666666666667,178.49480734078904,60.0,69.82305599376559,0.5666841492501843,0.5036232187625103,0.6332107473720731,0.0423403333833386,P4->P18->P16->P11->P10->P20->P12->P8->P2->P14->P17->P3->P5->P15->P6->P7->P19->P9->P13->P1
19,A-RH-PADS-L,20,215.0,458.33333333333337,104.6666666666667,190.84351665431802,80.0,57.9052219982259,0.5723396485861236,0.5049579851402104,0.6332107473720731,0.036205139017471986,P4->P18->P16->P11->P20->P12->P10->P3->P14->P17->P15->P2->P5->P13->P8->P9->P19->P7->P6->P1
20,AStarOnly,20,157.0,361.6666666666667,138.33333333333331,180.43325678734055,40.0,29.472759983036667,0.0,0.0,0.0,0.0,P19->P17->P15->P4->P16->P10->P7->P9->P6->P14->P1->P20->P2->P11->P3->P5->P13->P8->P12->P18
20,TSP-2opt,20,149.0,348.3333333333333,125.33333333333334,169.7087337517026,40.0,31.059971952345222,0.0,0.0,0.0,0.0,P17->P19->P15->P4->P16->P10->P7->P9->P14->P6->P1->P20->P2->P11->P3->P5->P13->P8->P12->P18
20,Greedy-PADS,20,215.0,458.3333333333333,152.66666666666669,196.34976697823083,60.0,29.28015898214653,0.0,0.0,0.0,0.0,P19->P17->P15->P7->P9->P4->P20->P2->P1->P14->P6->P10->P18->P13->P8->P12->P11->P5->P3->P16
20,Priority-Greedy,20,273.0,555.0,112.66666666666667,198.20380822385562,60.0,29.05448101228103,0.0,0.0,0.0,0.0,P17->P15->P19->P20->P1->P7->P9->P11->P5->P13->P18->P4->P2->P14->P6->P10->P12->P8->P3->P16
20,RH-PADS,20,181.0,401.6666666666667,99.33333333333334,158.90516921699233,60.0,520.1036999933422,0.0,0.0,0.0,0.0,P17->P19->P15->P9->P7->P1->P20->P2->P11->P5->P3->P13->P18->P4->P16->P14->P6->P10->P12->P8
20,RH-PADS-L,20,173.0,388.3333333333333,99.33333333333334,158.44064988807045,60.0,242.25978198228404,0.0,0.0,0.0,0.0,P17->P19->P15->P9->P7->P1->P20->P2->P11->P3->P5->P13->P12->P18->P4->P10->P16->P6->P14->P8
20,A-RH-PADS,20,172.0,386.6666666666667,101.33333333333334,159.18982530977058,60.0,64.62075799936429,0.5594686624141145,0.5008594562072702,0.6205693429449863,0.04120149345088333,P17->P19->P15->P9->P7->P6->P1->P20->P2->P11->P3->P13->P12->P18->P4->P16->P10->P14->P8->P5
20,A-RH-PADS-L,20,171.0,385.0,99.33333333333334,158.2547440960374,60.0,52.99517698585987,0.5465755508765622,0.4864437429177154,0.6205693429449863,0.04893678966656025,P17->P19->P15->P9->P7->P1->P20->P2->P11->P3->P5->P13->P12->P18->P4->P16->P10->P6->P14->P8
21,AStarOnly,20,168.0,380.0,176.94444444444443,174.53489669854523,20.0,28.39433099143207,0.0,0.0,0.0,0.0,P16->P12->P18->P15->P10->P8->P2->P1->P9->P19->P11->P7->P5->P3->P13->P17->P6->P20->P4->P14
21,TSP-2opt,20,136.0,326.6666666666667,177.5,175.5523143166066,40.0,31.77625103853643,0.0,0.0,0.0,0.0,P16->P12->P18->P11->P19->P9->P1->P2->P15->P8->P10->P7->P20->P4->P6->P17->P13->P3->P5->P14
21,Greedy-PADS,20,267.0,545.0,185.2777777777778,219.01264845858162,20.0,28.43837800901383,0.0,0.0,0.0,0.0,P8->P15->P10->P2->P1->P12->P11->P7->P5->P13->P3->P14->P17->P20->P19->P4->P6->P16->P18->P9
21,Priority-Greedy,20,294.0,590.0,137.22222222222226,229.76593431041428,100.0,30.599894002079964,0.0,0.0,0.0,0.0,P8->P12->P11->P5->P13->P7->P20->P15->P10->P2->P18->P16->P14->P3->P4->P19->P9->P1->P17->P6
21,RH-PADS,20,222.0,470.00000000000006,151.38888888888889,176.65413710909587,40.0,627.1419250406325,0.0,0.0,0.0,0.0,P12->P8->P10->P15->P2->P7->P20->P4->P11->P1->P5->P3->P13->P14->P16->P18->P9->P19->P6->P17
21,RH-PADS-L,20,200.0,433.33333333333337,140.0,165.4643404149889,40.0,278.0855189776048,0.0,0.0,0.0,0.0,P12->P8->P10->P15->P2->P7->P5->P3->P13->P17->P4->P20->P11->P19->P9->P1->P18->P16->P14->P6
21,A-RH-PADS,20,196.0,426.6666666666667,140.83333333333334,163.52739873860634,40.0,66.18450401583686,0.5677204619579571,0.4524203942800961,0.6455264656462671,0.05370037128322015,P12->P8->P10->P15->P2->P7->P5->P3->P13->P17->P4->P20->P19->P11->P9->P1->P18->P16->P14->P6
21,A-RH-PADS-L,20,198.0,430.00000000000006,173.33333333333334,177.25470444187812,40.0,52.54949303343892,0.5792383817869132,0.4524203942800961,0.6455264656462671,0.044166931779202986,P12->P8->P10->P15->P2->P7->P5->P3->P17->P13->P14->P1->P9->P19->P11->P18->P16->P4->P20->P6
22,AStarOnly,20,220.0,466.6666666666667,276.6666666666667,231.75753780772646,20.0,33.09095598524436,0.0,0.0,0.0,0.0,P14->P20->P12->P6->P2->P7->P3->P18->P11->P15->P19->P13->P16->P4->P8->P9->P17->P1->P5->P10
22,TSP-2opt,20,166.0,376.6666666666667,279.16666666666663,224.3071423698652,0.0,38.436465023551136,0.0,0.0,0.0,0.0,P14->P20->P12->P11->P18->P4->P19->P15->P1->P5->P10->P17->P13->P16->P8->P3->P7->P6->P2->P9
22,Greedy-PADS,20,263.0,538.3333333333334,223.33333333333334,210.26483493021394,40.0,47.48918302357197,0.0,0.0,0.0,0.0,P14->P2->P6->P7->P13->P16->P18->P15->P1->P10->P5->P19->P17->P8->P3->P9->P11->P12->P20->P4
22,Priority-Greedy,20,311.0,618.3333333333333,145.00000000000003,247.85583103120737,60.0,33.103231980931014,0.0,0.0,0.0,0.0,P2->P6->P13->P10->P15->P14->P9->P7->P16->P18->P3->P8->P17->P5->P1->P19->P4->P11->P12->P20
22,RH-PADS,20,251.0,518.3333333333334,175.0,196.84543803671184,40.0,697.1627119928598,0.0,0.0,0.0,0.0,P2->P6->P7->P16->P13->P15->P10->P5->P1->P14->P12->P11->P18->P9->P3->P8->P4->P17->P19->P20
22,RH-PADS-L,20,235.0,491.66666666666663,195.41666666666666,189.2836936468287,20.0,339.6947379806079,0.0,0.0,0.0,0.0,P14->P12->P6->P2->P7->P13->P16->P15->P1->P5->P10->P17->P18->P11->P9->P3->P8->P4->P19->P20
22,A-RH-PADS,20,243.0,504.99999999999994,178.33333333333334,189.21626178472707,40.0,76.37935294769704,0.5639618449175937,0.5070961575794153,0.6171506151695771,0.03640533313215693,P14->P6->P2->P16->P13->P15->P1->P5->P10->P17->P18->P3->P7->P9->P12->P11->P20->P19->P4->P8
22,A-RH-PADS-L,20,221.0,468.33333333333326,218.33333333333331,189.63300722245884,20.0,59.22442895825952,0.5822792697134018,0.5168272916593428,0.6133773437205396,0.024677687258328206,P14->P12->P6->P2->P7->P3->P16->P13->P15->P1->P5->P10->P17->P19->P4->P18->P20->P11->P9->P8
23,AStarOnly,20,151.0,351.6666666666667,212.5,206.33745764216368,20.0,30.920787015929818,0.0,0.0,0.0,0.0,P7->P15->P2->P3->P17->P11->P6->P18->P12->P13->P9->P5->P10->P4->P20->P16->P14->P1->P19->P8
23,TSP-2opt,20,135.0,325.0,202.08333333333337,204.40838438878276,20.0,41.27246100688353,0.0,0.0,0.0,0.0,P7->P15->P2->P3->P17->P8->P19->P11->P6->P18->P1->P14->P12->P13->P9->P5->P10->P4->P20->P16
23,Greedy-PADS,20,311.0,618.3333333333333,231.66666666666666,239.70877775968728,60.0,31.811396998818964,0.0,0.0,0.0,0.0,P13->P1->P12->P5->P19->P6->P11->P18->P14->P9->P4->P10->P20->P8->P17->P15->P2->P7->P3->P16
23,Priority-Greedy,20,311.0,618.3333333333333,152.29166666666669,233.53695015198988,100.0,30.72701604105532,0.0,0.0,0.0,0.0,P15->P13->P12->P4->P19->P8->P1->P5->P20->P18->P6->P11->P14->P10->P9->P17->P2->P7->P3->P16
23,RH-PADS,20,229.0,481.66666666666674,136.25000000000003,180.21580004119315,80.0,589.1197330201976,0.0,0.0,0.0,0.0,P15->P19->P1->P13->P12->P4->P20->P10->P5->P9->P8->P14->P18->P6->P11->P17->P3->P2->P7->P16
23,RH-PADS-L,20,242.0,503.3333333333334,138.12500000000003,184.5717322026219,80.0,281.04204701958224,0.0,0.0,0.0,0.0,P15->P19->P1->P13->P12->P5->P10->P4->P20->P18->P6->P11->P8->P17->P3->P2->P14->P9->P16->P7
23,A-RH-PADS,20,237.0,495.00000000000006,154.79166666666666,188.2845114170012,80.0,67.94799002818763,0.5908464750671577,0.5019850749363108,0.6611209559929939,0.046844165715381005,P15->P12->P13->P1->P19->P5->P9->P10->P4->P20->P18->P6->P11->P14->P8->P17->P3->P2->P7->P16
23,A-RH-PADS-L,20,233.0,488.3333333333334,160.83333333333334,180.4731067014653,60.0,54.85276400577277,0.5930000085712224,0.5019850749363108,0.6611209559929939,0.04919411485540862,P15->P12->P13->P14->P1->P19->P11->P10->P5->P9->P4->P20->P18->P6->P8->P17->P3->P2->P7->P16
24,AStarOnly,20,154.0,356.66666666666674,164.54545454545453,150.66922791004328,60.0,30.46786703635007,0.0,0.0,0.0,0.0,P6->P12->P14->P16->P10->P9->P3->P11->P17->P15->P20->P2->P4->P7->P19->P5->P18->P8->P13->P1
24,TSP-2opt,20,145.0,341.66666666666663,157.57575757575756,145.61797917376578,60.0,32.209593045990914,0.0,0.0,0.0,0.0,P12->P6->P14->P16->P10->P9->P3->P11->P17->P15->P20->P2->P8->P19->P7->P4->P13->P1->P18->P5
24,Greedy-PADS,20,213.0,455.00000000000006,178.18181818181816,175.2937517948672,60.0,29.621198016684502,0.0,0.0,0.0,0.0,P6->P12->P14->P16->P2->P17->P11->P19->P10->P9->P15->P4->P8->P18->P5->P1->P13->P7->P3->P20
24,Priority-Greedy,20,306.0,610.0000000000001,232.87878787878782,255.68986035987203,80.0,29.19044200098142,0.0,0.0,0.0,0.0,P19->P2->P8->P11->P6->P14->P12->P15->P17->P9->P10->P18->P1->P4->P16->P13->P5->P7->P20->P3
24,RH-PADS,20,227.0,478.3333333333334,134.84848484848484,175.05307267436564,100.0,603.5334430052899,0.0,0.0,0.0,0.0,P6->P14->P10->P2->P8->P19->P11->P9->P17->P15->P4->P18->P5->P1->P13->P16->P12->P20->P3->P7
24,RH-PADS-L,20,199.0,431.66666666666674,148.03030303030303,161.48114123259657,80.0,269.16925399564207,0.0,0.0,0.0,0.0,P12->P6->P14->P10->P2->P8->P19->P11->P9->P17->P15->P4->P7->P18->P5->P1->P13->P16->P3->P20
24,A-RH-PADS,20,202.0,436.66666666666663,155.75757575757575,166.4638902541156,80.0,66.0476409830153,0.6040712494714865,0.5363405697878374,0.659637389482057,0.0386553704922318,P6->P14->P10->P2->P17->P9->P11->P4->P19->P7->P5->P18->P8->P16->P12->P15->P20->P3->P13->P1
24,A-RH-PADS-L,20,203.0,438.3333333333333,157.27272727272725,158.94223646008066,80.0,50.28071900596842,0.5986407109962288,0.49281738803202085,0.6591525720637772,0.05265459594495303,P12->P6->P14->P10->P9->P17->P11->P2->P8->P19->P7->P4->P3->P15->P16->P13->P1->P18->P5->P20
25,AStarOnly,20,184.0,406.6666666666666,148.74999999999997,166.02857600162218,60.0,31.734633026644588,0.0,0.0,0.0,0.0,P2->P18->P15->P11->P19->P5->P9->P14->P4->P6->P1->P16->P3->P20->P17->P12->P10->P13->P7->P8
25,TSP-2opt,20,172.0,386.66666666666663,173.95833333333334,177.10967917013505,40.0,35.74571799254045,0.0,0.0,0.0,0.0,P18->P2->P14->P4->P6->P9->P5->P11->P15->P19->P13->P10->P8->P7->P12->P20->P17->P1->P16->P3
25,Greedy-PADS,20,263.0,538.3333333333333,175.41666666666666,187.48871086722426,60.0,31.67113399831578,0.0,0.0,0.0,0.0,P2->P18->P16->P1->P4->P15->P19->P11->P5->P9->P12->P7->P8->P10->P6->P3->P14->P20->P17->P13
25,Priority-Greedy,20,339.0,665.0,194.79166666666669,259.5178694231641,80.0,30.996016052085906,0.0,0.0,0.0,0.0,P12->P15->P16->P4->P1->P17->P11->P19->P2->P18->P5->P9->P6->P20->P7->P8->P10->P14->P3->P13
25,RH-PADS,20,221.0,468.3333333333333,137.91666666666666,180.59130400277544,80.0,625.0549869728275,0.0,0.0,0.0,0.0,P18->P15->P11->P4->P1->P16->P3->P2->P19->P12->P5->P9->P14->P6->P20->P17->P7->P8->P10->P13
25,RH-PADS-L,20,241.0,501.66666666666663,139.99999999999997,186.78155148758123,80.0,315.0207829894498,0.0,0.0,0.0,0.0,P18->P15->P11->P4->P1->P16->P2->P19->P12->P5->P9->P6->P14->P3->P20->P17->P7->P8->P10->P13
25,A-RH-PADS,20,196.0,426.66666666666663,162.5,178.33774462871995,60.0,69.11192002007738,0.6139250738169849,0.5662992106988808,0.6608332890055468,0.03437006838723547,P2->P15->P11->P19->P12->P5->P4->P6->P1->P16->P3->P14->P9->P18->P13->P10->P8->P7->P20->P17
25,A-RH-PADS-L,20,228.0,480.0,187.29166666666669,196.48133638264213,40.0,55.8276730007492,0.6165880573440699,0.5594367118086263,0.6608332890055468,0.03605161316319134,P2->P15->P11->P19->P9->P4->P1->P16->P3->P18->P12->P5->P14->P6->P10->P13->P8->P7->P20->P17
26,AStarOnly,20,147.0,345.0,126.66666666666667,137.1042983330332,20.0,30.15408298233524,0.0,0.0,0.0,0.0,P1->P15->P7->P19->P12->P4->P9->P8->P17->P5->P13->P2->P10->P16->P11->P20->P18->P6->P3->P14
26,TSP-2opt,20,127.0,311.6666666666667,119.44444444444446,137.07692373604846,20.0,32.770123973023146,0.0,0.0,0.0,0.0,P1->P15->P7->P19->P12->P4->P2->P10->P16->P11->P20->P5->P17->P8->P13->P9->P18->P6->P3->P14
26,Greedy-PADS,20,185.0,408.33333333333337,106.66666666666667,145.07768205550295,20.0,29.989335977006704,0.0,0.0,0.0,0.0,P1->P15->P19->P12->P4->P9->P2->P20->P17->P8->P5->P13->P10->P11->P16->P7->P14->P6->P18->P3
26,Priority-Greedy,20,201.0,435.00000000000006,117.22222222222224,164.70717368171998,20.0,29.822648968547583,0.0,0.0,0.0,0.0,P1->P15->P2->P4->P9->P13->P20->P5->P17->P8->P12->P19->P10->P11->P16->P7->P14->P6->P18->P3
26,RH-PADS,20,187.0,411.6666666666666,86.11111111111113,154.709268263743,40.0,514.9248169618659,0.0,0.0,0.0,0.0,P1->P15->P4->P2->P20->P5->P17->P8->P13->P9->P12->P19->P10->P16->P11->P18->P6->P3->P14->P7
26,RH-PADS-L,20,163.0,371.6666666666667,99.44444444444446,148.87266217051842,20.0,243.4313740232028,0.0,0.0,0.0,0.0,P1->P15->P4->P2->P13->P8->P17->P5->P20->P11->P16->P10->P19->P12->P9->P18->P6->P3->P14->P7
26,A-RH-PADS,20,181.0,401.66666666666663,128.88888888888889,150.3959105959649,20.0,64.04526100959629,0.5498095039121261,0.46198569710295356,0.6026304820748996,0.044676062699399874,P1->P15->P4->P2->P13->P5->P17->P8->P9->P12->P19->P16->P10->P20->P11->P18->P6->P3->P14->P7
26,A-RH-PADS-L,20,195.0,425.0,197.22222222222226,165.83753323353608,20.0,48.92790800658986,0.5799556547156882,0.5566427359168735,0.6050169456508342,0.015620111278559931,P1->P15->P19->P4->P2->P10->P16->P9->P8->P17->P5->P13->P18->P6->P3->P12->P7->P14->P11->P20
27,AStarOnly,20,163.0,371.6666666666667,241.66666666666669,220.54240105862525,0.0,39.632764004636556,0.0,0.0,0.0,0.0,P7->P16->P13->P3->P1->P6->P2->P10->P18->P12->P11->P20->P17->P8->P19->P14->P15->P5->P9->P4
27,TSP-2opt,20,147.0,345.0,219.66666666666669,202.169668748917,0.0,47.580843965988606,0.0,0.0,0.0,0.0,P16->P7->P1->P13->P3->P2->P6->P10->P12->P18->P11->P20->P17->P8->P19->P15->P14->P5->P9->P4
27,Greedy-PADS,20,209.0,448.3333333333334,229.0,231.26025570060958,20.0,39.87571899779141,0.0,0.0,0.0,0.0,P2->P3->P1->P13->P16->P7->P6->P10->P18->P12->P11->P17->P8->P19->P14->P15->P9->P5->P4->P20
27,Priority-Greedy,20,320.0,633.3333333333334,126.33333333333334,230.69522550025695,60.0,40.13660701457411,0.0,0.0,0.0,0.0,P2->P18->P5->P19->P9->P4->P14->P10->P12->P15->P3->P16->P1->P6->P11->P20->P8->P17->P13->P7
27,RH-PADS,20,247.0,511.66666666666674,94.33333333333334,185.2219261375911,80.0,827.7293639839627,0.0,0.0,0.0,0.0,P2->P10->P18->P19->P15->P14->P5->P9->P4->P8->P12->P11->P20->P6->P3->P1->P13->P16->P7->P17
27,RH-PADS-L,20,251.0,518.3333333333334,98.0,199.5612049810954,80.0,406.25462302705273,0.0,0.0,0.0,0.0,P2->P10->P18->P14->P19->P15->P5->P9->P4->P12->P11->P20->P6->P3->P1->P13->P16->P7->P8->P17
27,A-RH-PADS,20,198.0,430.00000000000006,105.6666666666667,176.19888879571846,60.0,87.1175269712694,0.5687245950908926,0.5072910653481713,0.62141260965666,0.040147318460374073,P2->P10->P18->P12->P15->P5->P14->P19->P8->P9->P4->P17->P11->P20->P6->P3->P1->P13->P7->P16
27,A-RH-PADS-L,20,204.0,439.99999999999994,120.99999999999997,194.1497910099319,60.0,72.13362795300782,0.5747304382935277,0.5250375017114202,0.6147299683896538,0.03163982394863887,P2->P10->P18->P5->P14->P15->P19->P8->P17->P12->P11->P20->P9->P4->P1->P13->P3->P6->P7->P16
28,AStarOnly,20,189.0,415.0,139.25925925925924,154.20353997824085,40.0,33.140663988888264,0.0,0.0,0.0,0.0,P13->P6->P11->P18->P14->P5->P8->P10->P3->P1->P2->P20->P9->P16->P15->P4->P7->P19->P12->P17
28,TSP-2opt,20,167.0,378.33333333333326,225.18518518518513,209.40138322559196,40.0,43.00932795740664,0.0,0.0,0.0,0.0,P13->P6->P11->P18->P12->P19->P14->P5->P8->P10->P3->P1->P7->P4->P15->P16->P2->P20->P9->P17
28,Greedy-PADS,20,241.0,501.66666666666663,148.51851851851853,183.18860795028732,40.0,33.22211001068354,0.0,0.0,0.0,0.0,P13->P18->P6->P11->P14->P3->P2->P9->P20->P16->P8->P10->P5->P1->P4->P15->P7->P19->P12->P17
28,Priority-Greedy,20,309.0,615.0,151.2962962962963,216.576125150322,80.0,34.03356100898236,0.0,0.0,0.0,0.0,P18->P2->P3->P8->P10->P5->P16->P20->P9->P13->P6->P14->P12->P7->P4->P15->P1->P19->P11->P17
28,RH-PADS,20,213.0,455.00000000000006,100.92592592592592,159.43944534499482,80.0,598.2093350030482,0.0,0.0,0.0,0.0,P13->P18->P5->P8->P10->P3->P2->P16->P20->P9->P1->P4->P7->P19->P12->P14->P6->P11->P17->P15
28,RH-PADS-L,20,233.0,488.3333333333333,97.22222222222223,167.81316484082785,100.0,295.8308039815165,0.0,0.0,0.0,0.0,P13->P18->P5->P3->P2->P16->P20->P9->P10->P8->P14->P19->P7->P4->P15->P1->P17->P6->P11->P12
28,A-RH-PADS,20,218.0,463.33333333333337,100.55555555555556,156.4260285826314,80.0,69.22332802787423,0.585975354508372,0.5220100166775667,0.6508343380094405,0.04391549876763925,P13->P18->P5->P8->P10->P3->P16->P2->P20->P9->P15->P4->P1->P19->P12->P14->P11->P6->P17->P7
28,A-RH-PADS-L,20,229.0,481.66666666666663,108.14814814814814,173.20028741470955,100.0,55.889879004098475,0.5702775628267133,0.49709312125765126,0.6475618646286565,0.044246035203984034,P13->P18->P3->P2->P16->P20->P9->P10->P8->P5->P14->P1->P15->P4->P7->P19->P12->P11->P6->P17
29,AStarOnly,20,158.0,363.3333333333333,205.55555555555554,186.117491782272,0.0,29.683515953365713,0.0,0.0,0.0,0.0,P13->P5->P16->P14->P12->P17->P4->P3->P18->P19->P6->P7->P11->P2->P9->P20->P8->P1->P10->P15
29,TSP-2opt,20,133.0,321.6666666666667,146.66666666666666,164.1267685904698,20.0,31.47205797722563,0.0,0.0,0.0,0.0,P13->P2->P11->P7->P6->P19->P3->P18->P4->P17->P12->P15->P10->P5->P16->P14->P9->P20->P8->P1
29,Greedy-PADS,20,202.0,436.66666666666663,119.44444444444446,206.07382740396937,40.0,28.78342696931213,0.0,0.0,0.0,0.0,P13->P10->P12->P17->P20->P1->P8->P7->P19->P11->P2->P6->P3->P18->P4->P9->P14->P5->P16->P15
29,Priority-Greedy,20,280.0,566.6666666666667,174.44444444444446,252.6236919719695,40.0,27.577886008657515,0.0,0.0,0.0,0.0,P10->P12->P20->P8->P7->P13->P5->P15->P17->P2->P19->P18->P3->P1->P9->P4->P16->P14->P11->P6
29,RH-PADS,20,246.0,510.0,117.22222222222224,201.18177731778394,40.0,567.607044999022,0.0,0.0,0.0,0.0,P13->P10->P12->P17->P20->P8->P9->P7->P19->P11->P2->P5->P3->P18->P4->P1->P15->P14->P16->P6
29,RH-PADS-L,20,167.0,378.33333333333337,136.66666666666666,164.15588106826254,40.0,254.07923699822277,0.0,0.0,0.0,0.0,P13->P5->P10->P12->P17->P9->P20->P8->P1->P3->P18->P19->P7->P6->P11->P2->P15->P14->P16->P4
29,A-RH-PADS,20,189.0,415.0,116.66666666666669,195.71789547117055,40.0,67.5754210096784,0.5622946501865802,0.4865089914951636,0.6426243222908332,0.04431254637410853,P13->P10->P12->P17->P9->P20->P8->P19->P7->P6->P11->P2->P5->P16->P14->P15->P4->P18->P3->P1
29,A-RH-PADS-L,20,187.0,411.66666666666663,167.77777777777777,174.63129648559732,20.0,51.50598695036024,0.5695695498786773,0.4720972181618058,0.6448326192781604,0.06255769687108532,P13->P5->P12->P17->P20->P8->P9->P10->P15->P2->P11->P19->P7->P6->P18->P3->P4->P16->P14->P1
