seed,method,completed_task_num,total_path_length,total_inspection_time,high_priority_avg_response_time,priority_weighted_completion_time,high_priority_top5_rate,abnormal_priority_rate,abnormal_avg_response_time,replanning_count,lambda_before_abnormal,lambda_after_abnormal,lambda_change,lambda_mean,lambda_min,lambda_max,lambda_std,algorithm_runtime_ms,task_sequence
0,A-RH-PADS-Full,20,245.0,508.33333333333337,137.7777777777778,222.25984226708272,40.0,50.0,70.0,1,0.6054342372038419,0.7902752630674345,0.18484102586359252,0.6202796847435659,0.48661539036110296,0.7902752630674345,0.10601067156738377,77.2989250253886,P15->P4->P17->P9->P20->P13->P7->P14->P8->P11->P6->P3->P12->P10->P1->P19->P16->P2->P5->P18
0,A-RH-PADS-FixedLambda,20,245.0,508.33333333333337,137.7777777777778,222.25984226708272,40.0,50.0,70.0,1,0.55,0.55,0.0,0.55,0.55,0.55,0.0,77.02440599678084,P15->P4->P17->P9->P20->P13->P7->P14->P8->P11->P6->P3->P12->P10->P1->P19->P16->P2->P5->P18
0,A-RH-PADS-NoUrgencyPressure,20,245.0,508.33333333333337,137.7777777777778,222.25984226708272,40.0,50.0,70.0,1,0.427260496301703,0.6454857563217162,0.21822526002001325,0.49559499812616686,0.41674765910637357,0.6570040417792679,0.10059476767168751,76.14719500998035,P15->P4->P17->P9->P20->P13->P7->P14->P8->P11->P6->P3->P12->P10->P1->P19->P16->P2->P5->P18
0,A-RH-PADS-NoAbnormalPressure,20,245.0,508.33333333333337,137.7777777777778,222.25984226708272,40.0,50.0,70.0,1,0.6054342372038419,0.6512228243353142,0.04578858713147227,0.5711586613038249,0.48661539036110296,0.6512228243353142,0.04308744310829371,76.66616496862844,P15->P4->P17->P9->P20->P13->P7->P14->P8->P11->P6->P3->P12->P10->P1->P19->P16->P2->P5->P18
0,A-RH-PADS-NoPathPressure,20,245.0,508.33333333333337,137.7777777777778,222.25984226708272,40.0,50.0,70.0,1,0.6936561158559509,0.8169689127787991,0.12331279692284824,0.6939374884490643,0.5755838367540438,0.8169689127787991,0.08033697843530152,76.05791400419548,P15->P4->P17->P9->P20->P13->P7->P14->P8->P11->P6->P3->P12->P10->P1->P19->P16->P2->P5->P18
0,A-RH-PADS-ResponseOnly,20,282.0,570.0,103.8888888888889,251.25494388272028,40.0,50.0,106.25,1,0.85,0.85,0.0,0.85,0.85,0.85,0.0,73.8689069985412,P4->P9->P17->P7->P14->P8->P6->P15->P1->P10->P20->P13->P2->P19->P12->P3->P18->P11->P5->P16
0,A-RH-PADS-CostOnly,20,204.0,439.99999999999994,180.0,188.74141463586147,20.0,25.0,180.41666666666663,1,0.25,0.25,0.0,0.25,0.25,0.25,0.0,78.79404502455145,P3->P15->P10->P4->P17->P9->P20->P2->P13->P7->P14->P8->P11->P5->P18->P12->P6->P1->P19->P16
0,A-RH-PADS-NoFinishTimeResponse,20,304.0,606.6666666666666,126.66666666666667,289.82722554834754,40.0,75.0,139.16666666666663,1,0.5965931728191536,0.7811769599946335,0.18458378717547996,0.6404888266535501,0.5260098433765725,0.7811769599946335,0.10224710713695016,75.32348803943023,P4->P9->P17->P15->P7->P14->P8->P6->P13->P20->P10->P19->P16->P1->P3->P12->P18->P11->P5->P2
1,A-RH-PADS-Full,20,245.0,508.3333333333333,151.66666666666669,207.59645896829326,60.0,50.0,131.66666666666666,1,0.6285605660952109,0.7914847177960888,0.16292415170087782,0.6751239053159565,0.47738899606425866,0.7914847177960888,0.11631828328843062,74.62333899457008,P16->P1->P6->P17->P4->P12->P7->P11->P5->P9->P14->P19->P18->P15->P2->P13->P3->P20->P10->P8
1,A-RH-PADS-FixedLambda,20,209.0,448.33333333333326,155.83333333333331,190.46987041880286,40.0,50.0,139.99999999999997,1,0.55,0.55,0.0,0.55,0.55,0.55,0.0,74.27517202449962,P16->P1->P6->P20->P17->P4->P12->P7->P11->P5->P19->P18->P14->P9->P8->P15->P2->P13->P3->P10
1,A-RH-PADS-NoUrgencyPressure,20,209.0,448.33333333333326,155.83333333333331,190.46987041880286,40.0,50.0,139.99999999999997,1,0.4426380751278064,0.6394179240375968,0.1967798489097904,0.5794765005479943,0.42987679871222684,0.6727086697761921,0.10707032001261485,75.75728499796242,P16->P1->P6->P20->P17->P4->P12->P7->P11->P5->P19->P18->P14->P9->P8->P15->P2->P13->P3->P10
1,A-RH-PADS-NoAbnormalPressure,20,209.0,448.33333333333326,155.83333333333331,190.46987041880286,40.0,50.0,139.99999999999997,1,0.6285605660952109,0.6542278062844442,0.025667240189233276,0.5963687471863224,0.46718907262953424,0.6542278062844442,0.05129179998251774,75.4042019834742,P16->P1->P6->P20->P17->P4->P12->P7->P11->P5->P19->P18->P14->P9->P8->P15->P2->P13->P3->P10
1,A-RH-PADS-NoPathPressure,20,245.0,508.3333333333333,151.66666666666669,207.59645896829326,60.0,50.0,131.66666666666666,1,0.6984765312543848,0.8190104648700836,0.12053393361569875,0.7292527827741427,0.5659041329162176,0.8190104648700836,0.09097175097326564,72.12073297705501,P16->P1->P6->P17->P4->P12->P7->P11->P5->P9->P14->P19->P18->P15->P2->P13->P3->P20->P10->P8
1,A-RH-PADS-ResponseOnly,20,257.0,528.3333333333333,145.0,218.37177514502173,60.0,50.0,125.0,1,0.85,0.85,0.0,0.85,0.85,0.85,0.0,72.29837198974565,P16->P1->P6->P17->P4->P12->P7->P11->P5->P19->P14->P15->P2->P13->P3->P20->P8->P9->P18->P10
1,A-RH-PADS-CostOnly,20,219.0,465.0,147.91666666666669,180.80267085138541,40.0,25.0,165.41666666666666,1,0.25,0.25,0.0,0.25,0.25,0.25,0.0,79.19310597935691,P16->P1->P13->P2->P7->P11->P5->P19->P18->P14->P9->P12->P4->P17->P20->P6->P3->P15->P8->P10
1,A-RH-PADS-NoFinishTimeResponse,20,273.0,555.0,146.25,238.2833422329669,60.0,75.0,117.08333333333333,1,0.6285605660952109,0.7914847177960888,0.16292415170087782,0.6334586358126267,0.46718907262953424,0.7914847177960888,0.1228696798170058,74.88425698829815,P16->P1->P6->P17->P4->P12->P14->P11->P7->P5->P15->P2->P13->P3->P20->P19->P18->P9->P8->P10
2,A-RH-PADS-Full,20,182.0,403.33333333333326,139.83333333333331,158.51798909027633,80.0,75.0,76.25,1,0.6209489570795278,0.7926070554087769,0.17165809832924905,0.6489293112336487,0.4871336766673311,0.7989552406944957,0.09178141201974115,67.55812995834276,P20->P13->P5->P7->P1->P2->P10->P15->P8->P14->P17->P4->P9->P6->P19->P18->P12->P11->P3->P16
2,A-RH-PADS-FixedLambda,20,182.0,403.33333333333326,139.83333333333331,158.51798909027633,80.0,75.0,76.25,1,0.55,0.55,0.0,0.55,0.55,0.55,0.0,66.85087201185524,P20->P13->P5->P7->P1->P2->P10->P15->P8->P14->P17->P4->P9->P6->P19->P18->P12->P11->P3->P16
2,A-RH-PADS-NoUrgencyPressure,20,182.0,403.33333333333326,139.83333333333331,158.51798909027633,80.0,75.0,76.25,1,0.42779436569066936,0.6428057512876905,0.2150113855970211,0.49423579090816394,0.4266929660303024,0.6626988010873763,0.09296508010936197,66.52921799104661,P20->P13->P5->P7->P1->P2->P10->P15->P8->P14->P17->P4->P9->P6->P19->P18->P12->P11->P3->P16
2,A-RH-PADS-NoAbnormalPressure,20,182.0,403.33333333333326,139.83333333333331,158.51798909027633,80.0,75.0,76.25,1,0.6209489570795278,0.6570446440136237,0.03609568693409593,0.6156491756681836,0.4871336766673311,0.6735101394131162,0.04195638957191953,66.7994319810532,P20->P13->P5->P7->P1->P2->P10->P15->P8->P14->P17->P4->P9->P6->P19->P18->P12->P11->P3->P16
2,A-RH-PADS-NoPathPressure,20,176.0,393.3333333333333,134.66666666666666,155.03532669159114,80.0,75.0,76.25,1,0.7053758094733004,0.818909101857117,0.1135332923838166,0.7130422435473723,0.5845149406417589,0.818909101857117,0.06694258589934235,67.36286199884489,P20->P13->P5->P7->P1->P2->P10->P15->P8->P14->P18->P17->P4->P6->P9->P19->P16->P3->P11->P12
2,A-RH-PADS-ResponseOnly,20,179.0,398.3333333333333,138.16666666666669,174.51191733732966,80.0,100.0,67.5,1,0.85,0.85,0.0,0.85,0.85,0.85,0.0,66.99588301125914,P20->P5->P7->P11->P1->P2->P15->P8->P14->P18->P17->P4->P6->P19->P9->P13->P16->P3->P12->P10
2,A-RH-PADS-CostOnly,20,147.0,345.0,140.33333333333331,151.87661293419808,60.0,25.0,129.16666666666666,1,0.25,0.25,0.0,0.25,0.25,0.25,0.0,68.04307800484821,P20->P16->P13->P5->P9->P6->P4->P17->P18->P14->P8->P15->P10->P12->P2->P1->P11->P3->P7->P19
2,A-RH-PADS-NoFinishTimeResponse,20,197.0,428.3333333333333,135.66666666666669,172.13655119061872,80.0,100.0,67.5,1,0.6167888017518982,0.7934510785080036,0.17666227675610535,0.6152446063281469,0.5331984804381165,0.7946466247960462,0.0953199853661947,69.58971201675013,P20->P5->P7->P11->P1->P2->P15->P8->P14->P18->P17->P4->P6->P9->P13->P16->P3->P12->P10->P19
3,A-RH-PADS-Full,19,225.0,470.0,132.50000000000003,186.30153341602707,80.0,25.0,157.5,1,0.6150619587961494,0.7766022737881964,0.1615403149920469,0.7349875694763561,0.6073694188696793,0.7785824552568493,0.05490353007864171,81.70409995364025,P9->P16->P1->P15->P3->P12->P8->P14->P7->P6->P2->P17->P13->P18->P4->P10->P19->P5->P20
3,A-RH-PADS-FixedLambda,19,185.0,403.3333333333333,114.16666666666667,150.4977597353086,80.0,25.0,211.24999999999997,1,0.55,0.55,0.0,0.55,0.55,0.55,0.0,82.13305502431467,P9->P16->P1->P14->P15->P8->P3->P12->P19->P18->P17->P13->P2->P20->P5->P7->P6->P10->P4
3,A-RH-PADS-NoUrgencyPressure,19,189.0,410.0,117.22222222222223,158.98808237656507,80.0,25.0,216.25,1,0.4443937738101148,0.6572962947981695,0.21290252098805473,0.6193774398998976,0.42281219138713866,0.6714488816541073,0.08112321109473368,82.03684695763513,P9->P16->P1->P14->P15->P12->P3->P19->P18->P17->P13->P5->P2->P20->P8->P7->P6->P10->P4
3,A-RH-PADS-NoAbnormalPressure,19,189.0,410.0,114.72222222222223,159.05080677266642,80.0,25.0,216.25,1,0.6150619587961494,0.6193087257449497,0.004246766948800218,0.5980562691017434,0.5521072590696958,0.6214434241576577,0.02021438413205392,81.7142020096071,P9->P16->P1->P14->P15->P12->P3->P19->P18->P17->P13->P2->P20->P5->P8->P7->P6->P10->P4
3,A-RH-PADS-NoPathPressure,19,214.0,451.66666666666674,134.72222222222223,182.75793179651689,80.0,25.0,156.25,1,0.6858171708014967,0.8054087011082197,0.11959153030672298,0.7793568952214277,0.6858171708014967,0.8054087011082197,0.03988327542479688,80.90286602964625,P9->P16->P1->P15->P14->P3->P12->P8->P7->P6->P2->P17->P13->P18->P5->P20->P19->P4->P10
3,A-RH-PADS-ResponseOnly,19,208.0,441.6666666666667,131.38888888888889,182.3124034118378,80.0,75.0,129.58333333333331,1,0.85,0.85,0.0,0.85,0.85,0.85,0.0,80.00665000872687,P9->P16->P1->P15->P14->P7->P6->P12->P3->P8->P2->P17->P13->P18->P5->P20->P19->P4->P10
3,A-RH-PADS-CostOnly,19,184.0,401.66666666666663,139.44444444444443,166.21573095069928,40.0,25.0,193.74999999999997,1,0.25,0.25,0.0,0.25,0.25,0.25,0.0,81.26904297387227,P12->P9->P8->P16->P14->P1->P15->P19->P18->P2->P20->P5->P3->P4->P17->P13->P10->P6->P7
3,A-RH-PADS-NoFinishTimeResponse,19,200.0,428.3333333333333,146.94444444444443,184.18481140285633,80.0,75.0,136.66666666666669,1,0.6252351863963472,0.7767061124810486,0.15147092608470136,0.7355598487697632,0.6073694188696793,0.7767061124810486,0.05208538028703412,79.64906399138272,P1->P16->P9->P12->P15->P7->P6->P14->P8->P3->P17->P13->P18->P19->P2->P20->P5->P4->P10
4,A-RH-PADS-Full,20,223.0,471.6666666666667,123.33333333333331,206.0071086084917,0.0,25.0,133.75,1,0.5943661344807052,0.7856242121471331,0.19125807766642788,0.6634754439283868,0.4843480745912913,0.7856242121471331,0.1210867499608305,71.08118798350915,P20->P10->P9->P11->P17->P3->P16->P6->P5->P8->P12->P7->P1->P13->P15->P2->P18->P19->P14->P4
4,A-RH-PADS-FixedLambda,20,205.0,441.6666666666667,155.0,199.89071099165656,0.0,50.0,125.41666666666667,1,0.55,0.55,0.0,0.55,0.55,0.55,0.0,71.43160398118198,P20->P10->P9->P11->P17->P16->P6->P5->P3->P8->P12->P7->P1->P2->P13->P15->P18->P19->P14->P4
4,A-RH-PADS-NoUrgencyPressure,20,211.0,451.6666666666667,123.33333333333331,202.91088482445744,0.0,25.0,135.0,1,0.43651900511355185,0.651398067022938,0.21487906190938616,0.5648487663010496,0.4236545691441559,0.6746848216528387,0.11170305116934368,72.52581301145256,P20->P10->P9->P11->P17->P3->P16->P6->P5->P8->P12->P7->P1->P2->P13->P15->P18->P19->P14->P4
4,A-RH-PADS-NoAbnormalPressure,20,215.0,458.33333333333337,123.33333333333331,206.76379179011622,0.0,50.0,134.58333333333331,1,0.5943661344807052,0.6399530433030496,0.045586908822344396,0.5730014242005882,0.4843480745912913,0.6399530433030496,0.05072361751980216,73.22088099317625,P20->P10->P9->P11->P17->P3->P6->P5->P16->P8->P12->P7->P1->P2->P13->P15->P18->P19->P14->P4
4,A-RH-PADS-NoPathPressure,20,228.0,480.00000000000006,123.33333333333331,206.1340477131602,0.0,50.0,145.83333333333334,1,0.6758336180624587,0.8127451276792396,0.1369115096167809,0.74622308539694,0.5790585179227097,0.8127451276792396,0.08279946536213034,71.98504300322384,P20->P10->P9->P11->P17->P3->P6->P5->P8->P12->P7->P1->P16->P19->P18->P15->P13->P2->P4->P14
4,A-RH-PADS-ResponseOnly,20,233.0,488.33333333333337,118.33333333333334,194.69315319758113,20.0,25.0,133.75000000000003,1,0.85,0.85,0.0,0.85,0.85,0.85,0.0,72.98060302855447,P20->P9->P11->P17->P3->P6->P5->P12->P7->P1->P10->P13->P15->P18->P19->P14->P16->P8->P4->P2
4,A-RH-PADS-CostOnly,20,205.0,441.6666666666667,155.0,199.89071099165656,0.0,50.0,125.41666666666667,1,0.25,0.25,0.0,0.25,0.25,0.25,0.0,74.21169901499525,P20->P10->P9->P11->P17->P16->P6->P5->P3->P8->P12->P7->P1->P2->P13->P15->P18->P19->P14->P4
4,A-RH-PADS-NoFinishTimeResponse,20,281.0,568.3333333333333,213.33333333333334,257.81308068586685,0.0,75.0,119.58333333333333,1,0.5937215054459462,0.7723441193307524,0.17862261388480627,0.6352153951111444,0.45328872644100304,0.7773102443540776,0.1190968682005434,73.91497603384778,P20->P9->P11->P10->P12->P6->P5->P3->P16->P19->P17->P13->P15->P1->P7->P4->P8->P14->P18->P2
5,A-RH-PADS-Full,20,263.0,538.3333333333333,105.27777777777777,205.6798279919902,80.0,75.0,146.66666666666669,1,0.6416997900163667,0.7926188360714602,0.15091904605509354,0.7185786620755256,0.4764296269374744,0.7926188360714602,0.07320470792556774,76.33634499507025,P14->P9->P6->P1->P4->P7->P8->P19->P5->P10->P18->P12->P15->P2->P16->P13->P17->P11->P20->P3
5,A-RH-PADS-FixedLambda,20,219.0,464.99999999999994,117.49999999999999,192.6434683298932,60.0,75.0,133.74999999999997,1,0.55,0.55,0.0,0.55,0.55,0.55,0.0,78.42416502535343,P14->P9->P5->P1->P4->P7->P8->P19->P6->P10->P18->P3->P12->P15->P2->P16->P13->P17->P11->P20
5,A-RH-PADS-NoUrgencyPressure,20,223.0,471.6666666666666,117.49999999999999,194.11892046691574,60.0,75.0,135.41666666666663,1,0.4401710337406051,0.6615800061433286,0.22140897240272345,0.6137224057113341,0.42550240821825625,0.6615800061433286,0.07849462244086144,78.6437779897824,P14->P9->P5->P1->P4->P7->P8->P19->P6->P10->P18->P12->P3->P15->P2->P16->P13->P17->P11->P20
5,A-RH-PADS-NoAbnormalPressure,20,227.0,478.3333333333333,111.11111111111113,193.39347799876836,80.0,50.0,154.16666666666669,1,0.6416997900163667,0.6570743570429798,0.015374567026613106,0.5795516302152863,0.4961235961737147,0.6570743570429798,0.04669601317535876,78.95373995415866,P14->P9->P6->P19->P1->P4->P7->P8->P5->P10->P18->P3->P12->P15->P2->P16->P13->P17->P11->P20
5,A-RH-PADS-NoPathPressure,20,257.0,528.3333333333333,100.83333333333333,198.21550604207744,80.0,75.0,135.0,1,0.7080364294481372,0.8159083636882768,0.10787193424013963,0.7681533570899501,0.5648869319809138,0.8159083636882768,0.057477254732972397,75.99564897827804,P14->P6->P9->P1->P4->P7->P8->P19->P5->P10->P18->P12->P15->P2->P16->P13->P17->P11->P20->P3
5,A-RH-PADS-ResponseOnly,20,257.0,528.3333333333333,100.83333333333333,198.21550604207744,80.0,75.0,135.0,1,0.85,0.85,0.0,0.85,0.85,0.85,0.0,75.8334540296346,P14->P6->P9->P1->P4->P7->P8->P19->P5->P10->P18->P12->P15->P2->P16->P13->P17->P11->P20->P3
5,A-RH-PADS-CostOnly,20,227.0,478.33333333333326,130.55555555555554,195.513798166797,60.0,0.0,187.0833333333333,1,0.25,0.25,0.0,0.25,0.25,0.25,0.0,77.04738999018446,P14->P9->P5->P6->P10->P18->P19->P1->P4->P7->P8->P2->P12->P3->P15->P16->P13->P17->P11->P20
5,A-RH-PADS-NoFinishTimeResponse,20,277.0,561.6666666666666,100.83333333333333,201.07990715420135,80.0,75.0,124.58333333333333,1,0.6420695230185116,0.7911072425010708,0.14903771948255917,0.6840220895390428,0.4795419407500807,0.7911072425010708,0.11051923505347687,75.26638003764674,P14->P6->P9->P1->P4->P7->P8->P19->P10->P18->P12->P15->P16->P17->P11->P20->P5->P3->P2->P13
6,A-RH-PADS-Full,20,239.0,498.33333333333337,169.0,168.518258990372,40.0,75.0,95.00000000000001,1,0.6145142661892748,0.7893931483006795,0.17487888211140468,0.644951410526768,0.468765687170971,0.7931264945626876,0.11992057446879827,78.66289000958204,P10->P17->P20->P13->P5->P2->P18->P4->P12->P16->P9->P15->P6->P3->P11->P8->P1->P7->P14->P19
6,A-RH-PADS-FixedLambda,20,235.0,491.6666666666667,170.66666666666669,168.1042348556847,20.0,75.0,95.83333333333333,1,0.55,0.55,0.0,0.55,0.55,0.55,0.0,77.02391798375174,P10->P17->P20->P13->P15->P5->P2->P18->P4->P12->P16->P9->P6->P3->P11->P8->P1->P7->P14->P19
6,A-RH-PADS-NoUrgencyPressure,20,235.0,491.6666666666667,170.66666666666669,168.1042348556847,20.0,75.0,95.83333333333333,1,0.42420194210385687,0.629251635169872,0.20504969306601517,0.5388607978962442,0.42256631892638197,0.658611776743927,0.10548700004836054,76.62407302996144,P10->P17->P20->P13->P15->P5->P2->P18->P4->P12->P16->P9->P6->P3->P11->P8->P1->P7->P14->P19
6,A-RH-PADS-NoAbnormalPressure,20,231.0,485.0,167.66666666666669,167.5173067165712,20.0,75.0,92.08333333333333,1,0.6145142661892748,0.6490508227022894,0.03453655651301457,0.5638878086006857,0.4809454400442471,0.669686887732186,0.061210564885623056,76.31232496351004,P10->P17->P20->P13->P15->P5->P2->P18->P4->P12->P16->P6->P3->P11->P8->P1->P7->P9->P14->P19
6,A-RH-PADS-NoPathPressure,20,206.0,443.33333333333337,143.00000000000003,162.23256529961142,40.0,25.0,139.16666666666669,1,0.7035769980183628,0.8071433833868807,0.10356638536851792,0.7124808584611114,0.583133608900787,0.8071433833868807,0.08709293057758705,74.07522696303204,P10->P17->P5->P2->P18->P13->P20->P12->P16->P14->P9->P7->P6->P3->P8->P1->P11->P15->P19->P4
6,A-RH-PADS-ResponseOnly,20,232.0,486.6666666666667,131.33333333333334,161.5667814711972,40.0,25.0,201.66666666666666,1,0.85,0.85,0.0,0.85,0.85,0.85,0.0,76.94210298359394,P10->P5->P2->P15->P20->P13->P12->P16->P18->P8->P11->P3->P6->P17->P19->P4->P14->P9->P7->P1
6,A-RH-PADS-CostOnly,20,207.0,445.0,139.0,145.2571184464268,20.0,25.0,148.33333333333331,1,0.25,0.25,0.0,0.25,0.25,0.25,0.0,76.58376405015588,P10->P17->P20->P13->P4->P12->P16->P9->P18->P1->P8->P3->P6->P2->P5->P19->P15->P11->P7->P14
6,A-RH-PADS-NoFinishTimeResponse,20,272.0,553.3333333333334,160.66666666666669,176.6950974376761,40.0,50.0,179.58333333333337,1,0.6050561545095892,0.794533197788618,0.1894770432790288,0.6771990586512417,0.44076965483554,0.794533197788618,0.10554056708374614,77.00541999656707,P10->P20->P13->P5->P2->P18->P12->P16->P17->P15->P6->P3->P11->P8->P7->P9->P14->P4->P19->P1
7,A-RH-PADS-Full,20,200.0,433.33333333333337,90.41666666666666,173.03269619702638,40.0,75.0,90.83333333333334,1,0.6441907417713808,0.7910552642999983,0.14686452252861748,0.6284954770066751,0.5171781610611519,0.7910552642999983,0.10637246919624672,67.77707301080227,P12->P3->P15->P13->P16->P14->P11->P20->P6->P18->P17->P1->P8->P5->P10->P4->P7->P2->P19->P9
7,A-RH-PADS-FixedLambda,20,200.0,433.33333333333337,90.41666666666666,173.03269619702638,40.0,75.0,90.83333333333334,1,0.55,0.55,0.0,0.55,0.55,0.55,0.0,67.11980502586812,P12->P3->P15->P13->P16->P14->P11->P20->P6->P18->P17->P1->P8->P5->P10->P4->P7->P2->P19->P9
7,A-RH-PADS-NoUrgencyPressure,20,200.0,433.33333333333337,90.41666666666666,173.3511588115687,40.0,75.0,90.83333333333334,1,0.4628604910085689,0.6708950764237371,0.20803458541516823,0.50990742560302,0.4294267232448984,0.6722497402101558,0.09569697480434954,67.95335398055613,P12->P3->P15->P13->P16->P14->P11->P20->P6->P18->P17->P8->P1->P5->P10->P4->P7->P2->P19->P9
7,A-RH-PADS-NoAbnormalPressure,20,200.0,433.33333333333337,90.41666666666666,173.03269619702638,40.0,75.0,90.83333333333334,1,0.6441907417713808,0.653157197907626,0.008966456136245249,0.5812898110774504,0.5171781610611519,0.6543069969485884,0.047151902419742334,68.21641698479652,P12->P3->P15->P13->P16->P14->P11->P20->P6->P18->P17->P1->P8->P5->P10->P4->P7->P2->P19->P9
7,A-RH-PADS-NoPathPressure,20,200.0,433.33333333333337,90.41666666666666,173.03269619702638,40.0,75.0,90.83333333333334,1,0.6942382286774946,0.8108666936454371,0.11662846496794244,0.6878943861150505,0.6129908041351622,0.8108666936454371,0.08482658190507689,68.29411600483581,P12->P3->P15->P13->P16->P14->P11->P20->P6->P18->P17->P1->P8->P5->P10->P4->P7->P2->P19->P9
7,A-RH-PADS-ResponseOnly,20,212.0,453.3333333333333,90.41666666666666,174.85837431448957,40.0,75.0,90.83333333333334,1,0.85,0.85,0.0,0.85,0.85,0.85,0.0,68.33539996296167,P12->P3->P15->P13->P16->P14->P11->P20->P6->P4->P10->P5->P1->P18->P17->P8->P7->P2->P19->P9
7,A-RH-PADS-CostOnly,20,175.0,391.66666666666663,190.0,168.2828948227048,20.0,25.0,123.74999999999999,1,0.25,0.25,0.0,0.25,0.25,0.25,0.0,67.06140702590346,P12->P5->P10->P4->P6->P18->P17->P8->P3->P15->P13->P7->P2->P16->P14->P11->P9->P19->P20->P1
7,A-RH-PADS-NoFinishTimeResponse,20,254.0,523.3333333333334,139.58333333333334,225.4003591587941,60.0,75.0,98.75000000000001,1,0.5868513241588802,0.7659579827461256,0.1791066585872454,0.6118428442104867,0.5171781610611519,0.777235758563567,0.10064518911735247,80.03310702042654,P12->P20->P11->P13->P15->P5->P10->P14->P16->P4->P6->P18->P1->P8->P17->P3->P7->P2->P19->P9
8,A-RH-PADS-Full,20,222.0,470.00000000000006,93.33333333333334,190.10646262002794,20.0,25.0,146.66666666666666,1,0.6053252642529575,0.7689144155930571,0.16358915134009955,0.6511255919582358,0.4854689179179981,0.7756792808920907,0.11420604681864499,72.32400099746883,P8->P18->P6->P4->P5->P19->P11->P16->P14->P7->P10->P12->P1->P17->P3->P13->P20->P9->P2->P15
8,A-RH-PADS-FixedLambda,20,184.0,406.6666666666667,253.33333333333334,187.85311170091072,0.0,25.0,105.41666666666666,1,0.55,0.55,0.0,0.55,0.55,0.55,0.0,72.59338698349893,P6->P8->P18->P17->P1->P10->P12->P7->P14->P20->P13->P19->P11->P5->P15->P4->P3->P2->P16->P9
8,A-RH-PADS-NoUrgencyPressure,20,217.0,461.6666666666667,216.66666666666669,207.6907382741851,0.0,50.0,177.08333333333334,1,0.4394550909725139,0.6431392039357442,0.2036841129632303,0.6064935643364355,0.4291382770586062,0.6782890807190143,0.08933423005741763,72.92819599388167,P6->P8->P18->P10->P12->P7->P14->P19->P11->P5->P15->P4->P3->P13->P20->P16->P2->P9->P1->P17
8,A-RH-PADS-NoAbnormalPressure,20,226.0,476.66666666666663,93.33333333333334,197.29960795330277,20.0,50.0,149.99999999999997,1,0.6053252642529575,0.6028770591051267,-0.0024482051478308398,0.58679033706933,0.4912718796401346,0.6137390785332484,0.027485619116205496,72.19379802700132,P8->P18->P6->P4->P5->P19->P7->P10->P12->P1->P17->P3->P13->P20->P9->P16->P14->P2->P11->P15
8,A-RH-PADS-NoPathPressure,20,228.0,480.0000000000001,90.00000000000001,203.7343255563227,40.0,25.0,143.75,1,0.6892365248656667,0.8066311541986642,0.11739462933299749,0.7023787016773769,0.5758449074221705,0.8066311541986642,0.092223017083539,73.80153198027983,P8->P18->P4->P6->P19->P11->P16->P14->P7->P10->P12->P1->P17->P3->P13->P20->P9->P2->P5->P15
8,A-RH-PADS-ResponseOnly,20,228.0,480.0000000000001,90.00000000000001,203.7343255563227,40.0,25.0,143.75,1,0.85,0.85,0.0,0.85,0.85,0.85,0.0,74.3696570280008,P8->P18->P4->P6->P19->P11->P16->P14->P7->P10->P12->P1->P17->P3->P13->P20->P9->P2->P5->P15
8,A-RH-PADS-CostOnly,20,186.0,409.99999999999994,49.16666666666667,184.29073577843843,40.0,0.0,199.16666666666663,1,0.25,0.25,0.0,0.25,0.25,0.25,0.0,72.55757495295256,P6->P4->P15->P5->P19->P13->P3->P17->P1->P12->P10->P7->P14->P9->P20->P16->P2->P11->P8->P18
8,A-RH-PADS-NoFinishTimeResponse,20,296.0,593.3333333333334,130.83333333333334,227.91776785831303,20.0,50.0,214.58333333333331,1,0.6053252642529575,0.7729889196313979,0.1676636553784404,0.6713285921549176,0.47491933287802,0.7729889196313979,0.11169759518099831,71.48769003106281,P8->P18->P19->P13->P11->P4->P6->P17->P10->P12->P7->P9->P16->P20->P1->P5->P15->P3->P2->P14
9,A-RH-PADS-Full,20,186.0,410.00000000000006,186.66666666666666,167.68921859216624,40.0,50.0,120.83333333333333,1,0.6313287474723961,0.7814781092660182,0.15014936179362215,0.7317342042695765,0.4991138311505847,0.784282656902751,0.07544542673707273,73.94208898767829,P4->P15->P1->P14->P12->P2->P13->P10->P9->P5->P6->P20->P3->P17->P16->P18->P7->P19->P11->P8
9,A-RH-PADS-FixedLambda,20,168.0,380.0,207.7777777777778,168.8764324347688,20.0,25.0,100.41666666666666,1,0.55,0.55,0.0,0.55,0.55,0.55,0.0,64.57595597021282,P4->P15->P1->P14->P19->P12->P2->P13->P10->P9->P5->P6->P8->P20->P3->P11->P17->P16->P18->P7
9,A-RH-PADS-NoUrgencyPressure,20,184.0,406.6666666666667,199.44444444444446,171.29879508500423,40.0,50.0,92.91666666666664,1,0.44771359255930965,0.6559659089813425,0.2082523164220329,0.5534820421480975,0.41502031873924194,0.6779754453858492,0.11031008750833628,65.92419900698587,P4->P15->P1->P14->P12->P2->P13->P10->P9->P5->P6->P20->P3->P11->P19->P7->P18->P16->P17->P8
9,A-RH-PADS-NoAbnormalPressure,20,202.0,436.66666666666663,198.33333333333334,173.03600548058887,40.0,50.0,92.91666666666664,1,0.6313287474723961,0.6302737233344662,-0.0010550241379299052,0.5976724927044673,0.4991138311505847,0.6367842051991279,0.03856264664170912,65.17829798394814,P4->P15->P1->P14->P12->P2->P13->P10->P9->P5->P6->P20->P3->P11->P17->P16->P18->P7->P19->P8
9,A-RH-PADS-NoPathPressure,20,186.0,410.00000000000006,186.66666666666666,167.68921859216624,40.0,50.0,120.83333333333333,1,0.6963512671914718,0.8089119041995487,0.11256063700807695,0.7740891017186226,0.5884053220594065,0.8089119041995487,0.05831156985174566,65.60875097056851,P4->P15->P1->P14->P12->P2->P13->P10->P9->P5->P6->P20->P3->P17->P16->P18->P7->P19->P11->P8
9,A-RH-PADS-ResponseOnly,20,212.0,453.33333333333337,187.7777777777778,180.0355702814334,40.0,75.0,96.25,1,0.85,0.85,0.0,0.85,0.85,0.85,0.0,66.48036296246573,P4->P15->P1->P14->P12->P13->P10->P9->P5->P6->P20->P17->P3->P11->P19->P2->P7->P18->P16->P8
9,A-RH-PADS-CostOnly,20,150.0,350.0,193.33333333333334,160.2519648931403,40.0,25.0,80.0,1,0.25,0.25,0.0,0.25,0.25,0.25,0.0,66.7617250001058,P4->P13->P2->P12->P1->P14->P19->P11->P15->P10->P9->P5->P6->P8->P20->P3->P17->P16->P18->P7
9,A-RH-PADS-NoFinishTimeResponse,20,248.0,513.3333333333334,190.55555555555557,215.12086340093256,20.0,75.0,128.75,1,0.6313287474723961,0.7797705327862621,0.14844178531386598,0.6555512318022393,0.4876000035419582,0.7797705327862621,0.11980337193614726,66.29217095905915,P4->P15->P13->P9->P14->P1->P12->P7->P17->P20->P6->P5->P10->P2->P19->P11->P3->P18->P16->P8
10,A-RH-PADS-Full,19,185.0,403.33333333333326,112.66666666666666,152.085199512975,60.0,25.0,125.41666666666663,1,0.6527123109637024,0.7886162438775673,0.13590393291386493,0.7198410890108395,0.5681521413604997,0.7886162438775673,0.0744884643890772,87.31379604432732,P13->P8->P11->P7->P16->P4->P2->P1->P20->P19->P17->P9->P10->P5->P3->P18->P12->P14->P15
10,A-RH-PADS-FixedLambda,19,199.0,426.66666666666663,106.0,159.9094480623171,60.0,50.0,107.08333333333333,1,0.55,0.55,0.0,0.55,0.55,0.55,0.0,90.37307801190764,P13->P8->P7->P11->P4->P2->P1->P20->P19->P16->P14->P12->P3->P5->P10->P9->P17->P15->P18
10,A-RH-PADS-NoUrgencyPressure,19,197.0,423.33333333333337,100.99999999999999,162.504129634738,80.0,50.0,89.16666666666667,1,0.45516259084655686,0.6671780034382324,0.21201541259167556,0.5409100851083615,0.41797411379082017,0.6671780034382324,0.11256582714085284,90.53320501698181,P8->P7->P11->P4->P2->P1->P20->P19->P16->P13->P5->P10->P9->P17->P18->P3->P12->P14->P15
10,A-RH-PADS-NoAbnormalPressure,19,177.0,390.0,108.0,160.47337498131085,60.0,50.0,113.75,1,0.6527123109637024,0.6471514560267794,-0.005560854936923043,0.5934415008250082,0.5391921688327935,0.6527123109637024,0.029616164218597793,89.97929200995713,P13->P8->P11->P7->P4->P2->P1->P20->P19->P16->P14->P12->P3->P18->P5->P10->P9->P17->P15
10,A-RH-PADS-NoPathPressure,19,197.0,423.3333333333333,106.0,158.70561925380918,60.0,50.0,104.16666666666667,1,0.7064002401365577,0.8090203972947364,0.10262015715817874,0.7447318030613042,0.6456924590999158,0.8090203972947364,0.06703318285173436,88.19565799785778,P13->P8->P7->P11->P4->P2->P1->P20->P19->P16->P14->P12->P5->P10->P9->P17->P15->P3->P18
10,A-RH-PADS-ResponseOnly,19,201.0,429.99999999999994,112.66666666666666,161.18924603278464,60.0,25.0,117.91666666666663,1,0.85,0.85,0.0,0.85,0.85,0.85,0.0,87.01835601823404,P13->P8->P11->P7->P16->P4->P2->P1->P20->P19->P14->P12->P5->P10->P9->P17->P3->P18->P15
10,A-RH-PADS-CostOnly,19,172.0,381.6666666666666,121.66666666666666,151.78450964209244,60.0,50.0,82.49999999999996,1,0.25,0.25,0.0,0.25,0.25,0.25,0.0,87.960840028245,P10->P8->P7->P11->P4->P14->P16->P19->P15->P20->P1->P2->P18->P3->P5->P13->P9->P17->P12
10,A-RH-PADS-NoFinishTimeResponse,19,240.0,494.99999999999994,112.66666666666666,183.68869289996354,60.0,25.0,128.74999999999997,1,0.6418675610662006,0.7857827015549138,0.14391514048871323,0.6776922755157805,0.5536254356635427,0.7857827015549138,0.09612952231193539,89.2383040045388,P8->P11->P7->P4->P20->P2->P16->P19->P1->P13->P5->P10->P9->P17->P14->P15->P3->P18->P12
11,A-RH-PADS-Full,20,194.0,423.3333333333333,70.33333333333334,163.79358599401553,80.0,100.0,44.166666666666664,1,0.5923238958350139,0.7752989426135684,0.18297504677855447,0.5946679200287736,0.4744439738919275,0.7782823935002499,0.09969560013421505,70.23402099730447,P3->P20->P13->P2->P8->P10->P7->P4->P9->P6->P16->P19->P11->P18->P12->P17->P5->P14->P1->P15
11,A-RH-PADS-FixedLambda,20,194.0,423.3333333333333,70.33333333333334,163.79358599401553,80.0,100.0,44.166666666666664,1,0.55,0.55,0.0,0.55,0.55,0.55,0.0,70.95086300978437,P3->P20->P13->P2->P8->P10->P7->P4->P9->P6->P16->P19->P11->P18->P12->P17->P5->P14->P1->P15
11,A-RH-PADS-NoUrgencyPressure,20,185.0,408.3333333333333,70.33333333333334,157.17800577954276,80.0,100.0,44.166666666666664,1,0.43309450500640956,0.6416960586601439,0.20860155365373434,0.47871287557105624,0.4134246849664891,0.6561975170828387,0.08853151820079556,70.69316401612014,P3->P20->P13->P2->P8->P10->P7->P4->P15->P9->P6->P16->P19->P11->P18->P17->P12->P5->P1->P14
11,A-RH-PADS-NoAbnormalPressure,20,194.0,423.3333333333333,70.33333333333334,163.79358599401553,80.0,100.0,44.166666666666664,1,0.5923238958350139,0.6164510510426167,0.02412715520760278,0.56279358982984,0.4744439738919275,0.6230375785107167,0.04621204105233379,70.45103400014341,P3->P20->P13->P2->P8->P10->P7->P4->P9->P6->P16->P19->P11->P18->P12->P17->P5->P14->P1->P15
11,A-RH-PADS-NoPathPressure,20,194.0,423.3333333333333,70.33333333333334,164.65713432766034,80.0,100.0,44.166666666666664,1,0.6774205965649507,0.8092440970738235,0.13182350050887282,0.6682361499238768,0.5811015136111883,0.8092440970738235,0.07820616614257168,70.48716000281274,P3->P20->P13->P2->P8->P10->P7->P4->P9->P6->P16->P19->P11->P17->P12->P18->P5->P14->P1->P15
11,A-RH-PADS-ResponseOnly,20,220.0,466.6666666666667,70.33333333333334,168.94075480761555,80.0,100.0,44.166666666666664,1,0.85,0.85,0.0,0.85,0.85,0.85,0.0,69.83242597198114,P3->P20->P13->P2->P8->P10->P7->P4->P9->P6->P19->P11->P17->P18->P16->P15->P1->P14->P5->P12
11,A-RH-PADS-CostOnly,20,165.0,374.99999999999994,75.99999999999999,145.82560586858642,80.0,75.0,47.91666666666664,1,0.25,0.25,0.0,0.25,0.25,0.25,0.0,71.67664502048865,P3->P20->P13->P2->P18->P8->P10->P7->P15->P1->P4->P9->P6->P16->P19->P11->P17->P12->P5->P14
11,A-RH-PADS-NoFinishTimeResponse,20,228.0,479.99999999999994,68.66666666666666,173.39955100511264,80.0,75.0,75.0,1,0.5923238958350139,0.7752989426135684,0.18297504677855447,0.622121889751005,0.4616373641628819,0.7752989426135684,0.12457070119366055,69.12680499954149,P3->P20->P13->P2->P10->P7->P4->P6->P9->P19->P8->P18->P17->P12->P11->P16->P15->P1->P14->P5
12,A-RH-PADS-Full,20,198.0,429.9999999999999,155.92592592592592,173.36421115318797,100.0,75.0,110.41666666666669,1,0.63506861705913,0.7828918909040051,0.14782327384487515,0.6683351019451055,0.5085187499459614,0.7828918909040051,0.10901378456185257,66.14942499436438,P7->P19->P16->P18->P6->P10->P20->P4->P9->P5->P2->P14->P3->P1->P8->P17->P12->P15->P11->P13
12,A-RH-PADS-FixedLambda,20,198.0,429.99999999999994,113.70370370370371,149.795897217629,100.0,25.0,125.41666666666669,1,0.55,0.55,0.0,0.55,0.55,0.55,0.0,68.87207500403747,P7->P19->P16->P14->P18->P17->P6->P10->P20->P4->P13->P9->P5->P2->P3->P1->P12->P15->P8->P11
12,A-RH-PADS-NoUrgencyPressure,20,198.0,430.00000000000006,166.48148148148147,179.60556057421428,80.0,75.0,82.08333333333334,1,0.4412403987189465,0.6372545468785022,0.19601414815955576,0.48637526144619886,0.41136485711171183,0.6535642127950552,0.09037196048292834,65.25176600553095,P7->P19->P16->P3->P18->P6->P10->P20->P4->P9->P5->P2->P14->P8->P1->P12->P15->P17->P11->P13
12,A-RH-PADS-NoAbnormalPressure,20,202.0,436.6666666666667,151.4814814814815,175.7722956834591,80.0,75.0,82.08333333333334,1,0.63506861705913,0.6335366154554447,-0.0015320016036852735,0.5733436143539142,0.4493682610274782,0.6464058889052964,0.04939505568501052,65.8706960384734,P7->P19->P16->P3->P18->P6->P10->P20->P4->P13->P9->P5->P2->P14->P8->P1->P15->P12->P17->P11
12,A-RH-PADS-NoPathPressure,20,198.0,429.9999999999999,153.5185185185185,171.9507317753999,100.0,75.0,110.41666666666669,1,0.704904862871041,0.8147204667787767,0.1098156039077357,0.7237723166484074,0.5353283673053433,0.8147204667787767,0.09022750432606891,66.7808290454559,P7->P19->P16->P18->P6->P10->P20->P4->P9->P5->P2->P14->P3->P1->P8->P17->P12->P15->P13->P11
12,A-RH-PADS-ResponseOnly,20,242.0,503.3333333333333,176.48148148148147,202.8690548298999,80.0,75.0,86.66666666666666,1,0.85,0.85,0.0,0.85,0.85,0.85,0.0,67.37402902217582,P19->P16->P18->P6->P20->P4->P9->P5->P2->P14->P3->P7->P17->P12->P15->P10->P13->P11->P8->P1
12,A-RH-PADS-CostOnly,20,209.0,448.33333333333326,139.44444444444443,174.8745065031787,100.0,25.0,244.16666666666663,1,0.25,0.25,0.0,0.25,0.25,0.25,0.0,69.09830000950024,P7->P19->P16->P14->P18->P17->P20->P4->P5->P9->P8->P1->P15->P12->P6->P10->P13->P11->P2->P3
12,A-RH-PADS-NoFinishTimeResponse,20,281.0,568.3333333333331,215.37037037037032,245.0578781631043,80.0,75.0,78.33333333333331,1,0.6113726506682502,0.7778383478773907,0.1664656972091405,0.60917505155741,0.494828260163673,0.7778383478773907,0.10264888674057036,68.45654605422169,P19->P16->P18->P6->P20->P9->P5->P3->P7->P14->P12->P17->P10->P2->P13->P4->P11->P8->P1->P15
13,A-RH-PADS-Full,20,264.0,540.0000000000001,149.66666666666669,198.21286331743005,20.0,50.0,140.0,1,0.6212147401883352,0.7920005856692467,0.17078584548091147,0.6585972018568943,0.48739453138489197,0.7963757122192605,0.12161241907935931,85.46916401246563,P8->P10->P11->P9->P18->P7->P14->P3->P4->P12->P2->P5->P13->P16->P15->P1->P20->P6->P19->P17
13,A-RH-PADS-FixedLambda,20,207.0,445.0,168.66666666666666,171.89220947756013,20.0,75.0,100.83333333333333,1,0.55,0.55,0.0,0.55,0.55,0.55,0.0,80.94012399669737,P8->P13->P10->P11->P9->P18->P7->P6->P14->P3->P4->P17->P12->P2->P5->P16->P20->P15->P1->P19
13,A-RH-PADS-NoUrgencyPressure,20,207.0,445.0,168.66666666666666,171.89220947756013,20.0,75.0,100.83333333333333,1,0.441830226994795,0.6489873019547789,0.20715707495998392,0.5451661046919788,0.41381719185071375,0.6703402890242999,0.11061070126086793,80.87645197520033,P8->P13->P10->P11->P9->P18->P7->P6->P14->P3->P4->P17->P12->P2->P5->P16->P20->P15->P1->P19
13,A-RH-PADS-NoAbnormalPressure,20,215.0,458.33333333333337,153.66666666666669,176.2354926587331,20.0,50.0,147.08333333333337,1,0.6212147401883352,0.6555191200047135,0.03430437981637824,0.5907391832889403,0.4919865609903872,0.6667079406688927,0.05047245108711863,83.16609199391678,P8->P10->P11->P9->P18->P7->P6->P14->P3->P4->P17->P12->P2->P5->P16->P13->P20->P15->P1->P19
13,A-RH-PADS-NoPathPressure,20,241.0,501.6666666666666,134.33333333333331,232.96394332355646,60.0,50.0,115.41666666666664,1,0.6943555312274925,0.8143714456015603,0.12001591437406778,0.7081490318006667,0.624809590280631,0.8143714456015603,0.08265775614979268,86.56702301232144,P11->P9->P18->P7->P3->P4->P17->P12->P2->P5->P10->P16->P15->P1->P6->P14->P19->P20->P8->P13
13,A-RH-PADS-ResponseOnly,20,238.0,496.66666666666663,142.33333333333331,237.16836892157914,60.0,50.0,149.58333333333331,1,0.85,0.85,0.0,0.85,0.85,0.85,0.0,84.27580801071599,P11->P9->P7->P18->P3->P4->P12->P2->P5->P10->P8->P13->P20->P16->P15->P1->P6->P14->P19->P17
13,A-RH-PADS-CostOnly,20,167.0,378.3333333333333,168.33333333333331,173.58817167163284,20.0,50.0,98.74999999999999,1,0.25,0.25,0.0,0.25,0.25,0.25,0.0,80.58586402330548,P13->P8->P10->P11->P15->P18->P1->P7->P6->P14->P3->P19->P4->P17->P12->P5->P2->P9->P16->P20
13,A-RH-PADS-NoFinishTimeResponse,20,303.0,605.0,162.33333333333331,273.4996481713504,60.0,50.0,180.41666666666669,1,0.6324078776804255,0.7764535786625982,0.14404570098217273,0.6268796960131501,0.5112965325210016,0.7764535786625982,0.10798538421849393,83.16881401697174,P11->P9->P7->P18->P4->P3->P12->P2->P13->P8->P10->P16->P15->P1->P6->P14->P19->P17->P5->P20
14,A-RH-PADS-Full,20,243.0,504.99999999999994,164.7222222222222,218.9226977999212,60.0,50.0,155.83333333333331,1,0.6275230281216093,0.7900915547022702,0.1625685265806609,0.7346532053011973,0.6250661736564536,0.7900915547022702,0.04894373950210245,75.86740900296718,P15->P17->P19->P12->P14->P6->P16->P10->P9->P18->P7->P11->P3->P2->P20->P5->P4->P13->P1->P8
14,A-RH-PADS-FixedLambda,20,270.0,550.0,172.5,218.3922469109254,60.0,50.0,170.0,1,0.55,0.55,0.0,0.55,0.55,0.55,0.0,75.89796400861815,P11->P12->P14->P19->P6->P17->P15->P4->P10->P9->P18->P7->P3->P20->P5->P13->P1->P16->P8->P2
14,A-RH-PADS-NoUrgencyPressure,20,270.0,550.0,172.5,218.3922469109254,60.0,50.0,170.0,1,0.4436169945929622,0.6626914665219072,0.21907447192894502,0.6073579374424554,0.4360153113234325,0.6626914665219072,0.08647535865284578,76.41178398625925,P11->P12->P14->P19->P6->P17->P15->P4->P10->P9->P18->P7->P3->P20->P5->P13->P1->P16->P8->P2
14,A-RH-PADS-NoAbnormalPressure,20,240.0,499.9999999999999,172.77777777777774,206.3069373185102,60.0,25.0,170.8333333333333,1,0.6275230281216093,0.65076912507359,0.023246096951980655,0.590629230255989,0.5217272593330258,0.65076912507359,0.02981384863944904,76.73886104021221,P15->P17->P19->P12->P14->P10->P9->P18->P7->P3->P11->P20->P5->P4->P6->P13->P1->P16->P8->P2
14,A-RH-PADS-NoPathPressure,20,245.0,508.3333333333333,166.94444444444446,209.11065498754198,60.0,50.0,173.74999999999997,1,0.6969346101775249,0.8075257743088827,0.11059116413135783,0.7800860806077499,0.6969346101775249,0.8075257743088827,0.03574868633203,77.06646097358316,P15->P12->P14->P19->P17->P6->P13->P16->P10->P9->P18->P7->P11->P3->P2->P20->P5->P4->P1->P8
14,A-RH-PADS-ResponseOnly,20,249.0,515.0,175.83333333333334,208.73020343012314,60.0,50.0,114.16666666666667,1,0.85,0.85,0.0,0.85,0.85,0.85,0.0,72.95954099390656,P15->P12->P14->P19->P17->P6->P13->P16->P10->P9->P8->P7->P11->P3->P2->P20->P5->P4->P1->P18
14,A-RH-PADS-CostOnly,20,231.0,485.0,172.5,193.29705364410347,40.0,0.0,202.08333333333334,1,0.25,0.25,0.0,0.25,0.25,0.25,0.0,73.09468003222719,P20->P5->P15->P17->P12->P14->P19->P6->P13->P1->P10->P9->P18->P7->P3->P2->P11->P4->P16->P8
14,A-RH-PADS-NoFinishTimeResponse,20,307.0,611.6666666666667,193.33333333333334,266.5820513985787,60.0,75.0,101.24999999999999,1,0.623585786762784,0.7887573187816412,0.16517153201885726,0.6463750920031571,0.5055806142419523,0.7887573187816412,0.11192830296742873,73.91192996874452,P15->P14->P19->P12->P6->P17->P7->P11->P16->P10->P9->P8->P3->P2->P20->P5->P4->P13->P1->P18
15,A-RH-PADS-Full,20,210.0,450.00000000000006,102.91666666666667,185.3057259412515,60.0,0.0,172.50000000000003,1,0.6202450875350294,0.7839922434689969,0.1637471559339675,0.6605069548938016,0.47032626260471105,0.7847999794320374,0.12300101697774614,69.33662900701165,P6->P20->P4->P13->P19->P17->P8->P1->P14->P16->P7->P11->P2->P18->P10->P12->P3->P9->P15->P5
15,A-RH-PADS-FixedLambda,20,222.0,469.99999999999994,114.16666666666666,192.1477621743733,60.0,0.0,217.91666666666663,1,0.55,0.55,0.0,0.55,0.55,0.55,0.0,72.76039296993986,P6->P20->P4->P13->P19->P17->P8->P3->P12->P7->P16->P14->P1->P11->P2->P18->P10->P5->P15->P9
15,A-RH-PADS-NoUrgencyPressure,20,206.0,443.33333333333337,118.33333333333334,161.76938915491706,40.0,25.0,116.25,1,0.43962239907503675,0.6647388213449221,0.22511642226988537,0.5322203242191406,0.42049675749032633,0.6785540835312707,0.11248447259245159,68.44173703575507,P16->P7->P6->P20->P4->P13->P19->P17->P8->P3->P1->P14->P11->P2->P10->P12->P18->P5->P15->P9
15,A-RH-PADS-NoAbnormalPressure,20,208.0,446.6666666666667,105.0,188.02264252598633,60.0,0.0,180.83333333333331,1,0.6202450875350294,0.6361029274196539,0.015857839884624525,0.5738812429937212,0.46567297405082253,0.6428129560935207,0.05438966440683261,72.03492597909644,P6->P20->P4->P13->P19->P17->P8->P3->P1->P14->P16->P7->P11->P2->P18->P10->P12->P5->P15->P9
15,A-RH-PADS-NoPathPressure,20,235.0,491.66666666666674,102.91666666666667,192.16173631915797,60.0,0.0,169.58333333333337,1,0.6856918075385612,0.8077503315864444,0.1220585240478832,0.7107569158252338,0.5737886480431049,0.8077503315864444,0.09826430018245683,69.72564401803538,P6->P20->P4->P13->P19->P17->P8->P1->P14->P16->P7->P2->P18->P10->P12->P3->P9->P15->P5->P11
15,A-RH-PADS-ResponseOnly,20,248.0,513.3333333333333,106.66666666666667,194.00894604892727,60.0,0.0,194.16666666666669,1,0.85,0.85,0.0,0.85,0.85,0.85,0.0,69.6465369546786,P6->P20->P4->P13->P8->P17->P19->P7->P16->P14->P1->P15->P3->P12->P18->P10->P2->P11->P5->P9
15,A-RH-PADS-CostOnly,20,192.0,420.00000000000006,162.50000000000003,171.18202592108685,40.0,0.0,250.4166666666667,1,0.25,0.25,0.0,0.25,0.25,0.25,0.0,70.89010602794588,P7->P6->P20->P4->P12->P19->P17->P8->P3->P15->P5->P13->P10->P18->P2->P11->P16->P14->P1->P9
15,A-RH-PADS-NoFinishTimeResponse,20,255.0,525.0,89.16666666666667,204.2140016087556,60.0,50.0,155.0,1,0.6202450875350294,0.7839922434689969,0.1637471559339675,0.6152066765128328,0.4738860837808545,0.7847999794320374,0.1255332143233549,68.18112602923065,P6->P20->P4->P13->P19->P14->P1->P16->P7->P18->P10->P17->P8->P3->P15->P5->P9->P12->P2->P11
16,A-RH-PADS-Full,20,203.0,438.33333333333337,143.33333333333334,213.6406954565533,0.0,50.0,123.33333333333334,1,0.575131716619711,0.7658175488380298,0.1906858322183188,0.6889410264035994,0.5087630378445159,0.7678208464922248,0.08939691427090915,74.16319998446852,P16->P15->P18->P12->P5->P19->P4->P11->P14->P9->P20->P3->P1->P2->P7->P8->P17->P6->P13->P10
16,A-RH-PADS-FixedLambda,20,201.0,435.00000000000006,143.33333333333334,212.57658444101708,0.0,50.0,122.50000000000001,1,0.55,0.55,0.0,0.55,0.55,0.55,0.0,73.72934999875724,P16->P15->P18->P12->P5->P19->P4->P11->P14->P9->P20->P3->P2->P1->P7->P8->P17->P6->P13->P10
16,A-RH-PADS-NoUrgencyPressure,20,203.0,438.33333333333337,143.33333333333334,213.6406954565533,0.0,50.0,123.33333333333334,1,0.4395743140379218,0.6586589558259838,0.21908464178806197,0.5934042209912193,0.42237535571935503,0.6673897943392804,0.09584175507503656,74.90392099134624,P16->P15->P18->P12->P5->P19->P4->P11->P14->P9->P20->P3->P1->P2->P7->P8->P17->P6->P13->P10
16,A-RH-PADS-NoAbnormalPressure,20,201.0,435.00000000000006,143.33333333333334,212.57658444101708,0.0,50.0,122.50000000000001,1,0.575131716619711,0.596536252697283,0.02140453607757209,0.5471894650483483,0.48417151318882456,0.6006203621301618,0.038541880488079404,74.00443794904277,P16->P15->P18->P12->P5->P19->P4->P11->P14->P9->P20->P3->P2->P1->P7->P8->P17->P6->P13->P10
16,A-RH-PADS-NoPathPressure,20,203.0,438.33333333333337,143.33333333333334,214.23283575227302,0.0,50.0,111.66666666666667,1,0.6562437131320548,0.7979482809117667,0.14170456777971197,0.7380399443680871,0.6000370552230001,0.7979482809117667,0.07410491292882161,73.95530201029032,P16->P15->P18->P12->P5->P19->P4->P11->P9->P20->P3->P14->P1->P2->P10->P13->P6->P17->P8->P7
16,A-RH-PADS-ResponseOnly,20,232.0,486.6666666666667,125.00000000000001,222.06528326530244,0.0,25.0,118.75,1,0.85,0.85,0.0,0.85,0.85,0.85,0.0,72.59116199566051,P16->P15->P18->P12->P19->P4->P11->P9->P20->P3->P5->P1->P6->P17->P8->P7->P2->P14->P10->P13
16,A-RH-PADS-CostOnly,20,197.0,428.33333333333337,133.33333333333334,210.69589188456413,0.0,25.0,158.33333333333334,1,0.25,0.25,0.0,0.25,0.25,0.25,0.0,74.13907197769731,P16->P15->P18->P12->P14->P11->P4->P19->P2->P1->P5->P3->P20->P9->P7->P8->P17->P6->P13->P10
16,A-RH-PADS-NoFinishTimeResponse,20,232.0,486.6666666666667,125.00000000000001,222.06528326530244,0.0,25.0,118.75,1,0.575131716619711,0.7658175488380298,0.1906858322183188,0.6348772745841844,0.5005856744024618,0.7667636322401996,0.11553487712024228,71.26350898761302,P16->P15->P18->P12->P19->P4->P11->P9->P20->P3->P5->P1->P6->P17->P8->P7->P2->P14->P10->P13
17,A-RH-PADS-Full,20,206.0,443.3333333333334,315.00000000000006,201.32404996909267,0.0,50.0,133.33333333333334,1,0.5904742398844129,0.7786844366076219,0.18821019672320893,0.7214028312954411,0.5478293155488925,0.7786844366076219,0.07083049684449287,65.43910503387451,P5->P10->P20->P2->P12->P14->P1->P17->P11->P8->P4->P6->P3->P19->P15->P18->P13->P7->P9->P16
17,A-RH-PADS-FixedLambda,20,171.0,385.0,305.0,198.5632646857205,0.0,25.0,137.5,1,0.55,0.55,0.0,0.55,0.55,0.55,0.0,65.05187699804083,P10->P12->P2->P16->P20->P9->P5->P11->P8->P4->P3->P14->P19->P1->P15->P18->P17->P13->P7->P6
17,A-RH-PADS-NoUrgencyPressure,20,171.0,385.0,305.0,198.5632646857205,0.0,25.0,137.5,1,0.43502948428810984,0.6428057512876905,0.20777626699958063,0.5642080230046034,0.42690299683432226,0.6722225462010931,0.11077209143858355,63.88461199821904,P10->P12->P2->P16->P20->P9->P5->P11->P8->P4->P3->P14->P19->P1->P15->P18->P17->P13->P7->P6
17,A-RH-PADS-NoAbnormalPressure,20,181.0,401.66666666666674,190.00000000000003,178.20629126074897,0.0,50.0,151.25000000000003,1,0.5904742398844129,0.623937497221132,0.033463257336719066,0.5822596456234522,0.5467122277659184,0.623937497221132,0.02117300883037699,65.12566399760544,P5->P10->P20->P16->P2->P12->P14->P19->P1->P15->P18->P17->P3->P6->P4->P8->P11->P7->P13->P9
17,A-RH-PADS-NoPathPressure,20,197.0,428.33333333333337,330.0,223.03136646688765,0.0,50.0,109.58333333333334,1,0.6818125015344747,0.8110046643531464,0.12919216281867174,0.7219496790642547,0.5872043835712963,0.8110046643531464,0.08389788483919323,62.67778901383281,P5->P10->P12->P2->P20->P16->P9->P4->P8->P11->P1->P14->P19->P15->P18->P13->P7->P17->P6->P3
17,A-RH-PADS-ResponseOnly,20,222.0,470.0000000000001,355.00000000000006,210.14981831635362,0.0,50.0,95.41666666666669,1,0.85,0.85,0.0,0.85,0.85,0.85,0.0,66.03032303974032,P5->P10->P20->P2->P12->P14->P1->P17->P4->P8->P11->P9->P16->P18->P3->P6->P19->P15->P13->P7
17,A-RH-PADS-CostOnly,20,147.0,344.99999999999994,173.33333333333334,186.48417096268747,0.0,50.0,121.66666666666664,1,0.25,0.25,0.0,0.25,0.25,0.25,0.0,66.72971398802474,P9->P10->P20->P16->P2->P12->P14->P19->P1->P15->P18->P17->P13->P7->P6->P3->P4->P8->P5->P11
17,A-RH-PADS-NoFinishTimeResponse,20,242.0,503.33333333333337,448.33333333333337,264.8821289662452,0.0,75.0,110.83333333333334,1,0.591422410647788,0.755269925645207,0.163847514997419,0.6412958171316417,0.5327043920635863,0.77229034887847,0.09830178702934306,65.5800670501776,P10->P12->P2->P9->P3->P5->P8->P11->P17->P1->P15->P14->P19->P4->P13->P7->P6->P18->P20->P16
18,A-RH-PADS-Full,20,273.0,555.0,190.0,210.50643902120123,20.0,50.0,134.99999999999997,1,0.6101032629349366,0.7755625547016833,0.16545929176674679,0.6615846612540279,0.46706332966332986,0.78870751793259,0.12895979532595025,84.62747698649764,P18->P12->P6->P10->P16->P5->P7->P14->P8->P1->P3->P19->P15->P4->P17->P9->P20->P2->P11->P13
18,A-RH-PADS-FixedLambda,20,211.0,451.6666666666667,245.0,185.72596407836633,0.0,50.0,182.91666666666666,1,0.55,0.55,0.0,0.55,0.55,0.55,0.0,83.25626101577654,P18->P12->P6->P14->P10->P16->P5->P19->P15->P3->P1->P2->P7->P20->P11->P8->P9->P4->P17->P13
18,A-RH-PADS-NoUrgencyPressure,20,249.0,515.0,265.55555555555554,207.10932057766652,0.0,50.0,198.33333333333331,1,0.42924045230104513,0.6408369668391327,0.2115965145380876,0.5912261323222061,0.42429467470384147,0.6672956821130993,0.09595767440182185,84.76120798150077,P18->P12->P6->P14->P10->P16->P5->P1->P3->P15->P19->P7->P20->P11->P8->P9->P2->P4->P17->P13
18,A-RH-PADS-NoAbnormalPressure,20,215.0,458.3333333333333,249.44444444444443,191.42269258585588,0.0,50.0,186.24999999999997,1,0.6101032629349366,0.617026609746949,0.006923346812012454,0.5915142720483569,0.46756940447261686,0.6441307594420542,0.042806423153089995,89.24741903319955,P18->P12->P6->P14->P10->P16->P5->P1->P3->P15->P19->P2->P7->P20->P11->P8->P9->P4->P17->P13
18,A-RH-PADS-NoPathPressure,20,265.0,541.6666666666666,155.0,211.40997813561464,40.0,50.0,167.91666666666663,1,0.6955587760849677,0.8071877626966889,0.11162898661172116,0.7272427307871232,0.5553950253148379,0.8071877626966889,0.09326973412669536,86.51043195277452,P18->P12->P7->P16->P5->P10->P14->P1->P3->P19->P15->P4->P17->P6->P8->P11->P2->P20->P9->P13
18,A-RH-PADS-ResponseOnly,20,291.0,585.0000000000001,119.44444444444444,245.45455673386635,40.0,50.0,95.41666666666669,1,0.85,0.85,0.0,0.85,0.85,0.85,0.0,84.6439540036954,P18->P7->P16->P5->P10->P1->P3->P4->P6->P14->P8->P12->P20->P2->P19->P15->P11->P9->P13->P17
18,A-RH-PADS-CostOnly,20,192.0,419.99999999999994,260.55555555555554,182.86808306619974,0.0,50.0,132.08333333333331,1,0.25,0.25,0.0,0.25,0.25,0.25,0.0,81.92569098901004,P18->P12->P6->P8->P14->P11->P10->P16->P5->P19->P15->P3->P1->P2->P7->P20->P9->P13->P17->P4
18,A-RH-PADS-NoFinishTimeResponse,20,295.0,591.6666666666667,108.8888888888889,252.98151959566476,60.0,50.0,116.66666666666669,1,0.5905319763216923,0.7780067148908214,0.1874747385691291,0.6075559452166099,0.4823607110583142,0.7780067148908214,0.11130517088081983,85.63444303581491,P18->P7->P16->P5->P4->P3->P1->P10->P14->P8->P6->P12->P20->P2->P19->P15->P11->P9->P13->P17
19,A-RH-PADS-Full,20,202.0,436.6666666666667,68.33333333333334,181.71987916885564,80.0,50.0,159.16666666666663,1,0.6178309566467242,0.7775281873933672,0.159697230746643,0.7009546525076082,0.5153330896064617,0.7775281873933672,0.08790394452725951,72.60732096619904,P4->P18->P16->P11->P20->P8->P13->P2->P14->P17->P15->P3->P5->P1->P10->P12->P9->P19->P6->P7
19,A-RH-PADS-FixedLambda,20,206.0,443.33333333333337,69.33333333333334,180.55028696565392,80.0,25.0,225.41666666666669,1,0.55,0.55,0.0,0.55,0.55,0.55,0.0,73.75902700005099,P4->P18->P16->P11->P20->P12->P8->P2->P14->P17->P15->P3->P5->P1->P10->P13->P6->P7->P19->P9
19,A-RH-PADS-NoUrgencyPressure,20,202.0,436.6666666666667,68.33333333333334,181.71987916885564,80.0,50.0,159.16666666666663,1,0.4484160531789032,0.6635704184796296,0.2151543653007264,0.5909348436605786,0.4175933380458889,0.6759854535796719,0.10234839821680455,74.57200798671693,P4->P18->P16->P11->P20->P8->P13->P2->P14->P17->P15->P3->P5->P1->P10->P12->P9->P19->P6->P7
19,A-RH-PADS-NoAbnormalPressure,20,214.0,456.6666666666667,68.33333333333334,186.06053088369222,80.0,25.0,195.0,1,0.6178309566467242,0.6213573645659756,0.0035264079192514064,0.576929052859864,0.5153330896064617,0.6332107473720731,0.03242433043907432,73.94395698793232,P4->P18->P16->P11->P20->P8->P2->P14->P17->P15->P3->P5->P1->P13->P10->P12->P9->P19->P6->P7
19,A-RH-PADS-NoPathPressure,20,210.0,450.0,75.66666666666667,179.51592381165662,60.0,25.0,192.08333333333334,1,0.6844980193665442,0.8039875582334478,0.11948953886690361,0.7655277057353078,0.612076271216985,0.8039875582334478,0.053306368180500954,71.25946396263316,P4->P18->P16->P11->P10->P20->P8->P13->P2->P14->P17->P15->P3->P5->P1->P6->P7->P19->P9->P12
19,A-RH-PADS-ResponseOnly,20,210.0,450.0,75.66666666666667,179.51592381165662,60.0,25.0,192.08333333333334,1,0.85,0.85,0.0,0.85,0.85,0.85,0.0,70.52981900051236,P4->P18->P16->P11->P10->P20->P8->P13->P2->P14->P17->P15->P3->P5->P1->P6->P7->P19->P9->P12
19,A-RH-PADS-CostOnly,20,178.0,396.66666666666674,186.33333333333334,183.1000770290914,0.0,0.0,246.66666666666669,1,0.25,0.25,0.0,0.25,0.25,0.25,0.0,71.72146596712992,P15->P17->P14->P2->P3->P5->P16->P11->P20->P10->P18->P4->P1->P13->P12->P8->P9->P19->P6->P7
19,A-RH-PADS-NoFinishTimeResponse,20,238.0,496.66666666666663,110.0,203.1564238635805,80.0,25.0,189.16666666666666,1,0.6192158235820908,0.7783657170965429,0.15914989351445208,0.7055256515282587,0.4983034224561919,0.7783657170965429,0.08337728808879469,71.32140902103856,P4->P16->P11->P20->P8->P10->P3->P14->P2->P15->P17->P18->P1->P5->P6->P7->P19->P9->P12->P13
20,A-RH-PADS-Full,20,200.0,433.3333333333333,107.33333333333334,171.82863534475547,60.0,50.0,145.83333333333331,1,0.6205693429449863,0.7906017384489366,0.17003239550395022,0.6504378170093431,0.48992582799738305,0.7940139791460471,0.11726068315210904,64.66818996705115,P17->P19->P15->P18->P7->P1->P20->P2->P11->P14->P9->P10->P16->P4->P12->P8->P13->P5->P3->P6
20,A-RH-PADS-FixedLambda,20,174.0,390.0,123.33333333333334,169.87103169571637,60.0,50.0,88.75000000000001,1,0.55,0.55,0.0,0.55,0.55,0.55,0.0,65.66767900949344,P17->P19->P15->P9->P7->P10->P16->P4->P18->P1->P20->P2->P11->P3->P5->P8->P12->P13->P14->P6
20,A-RH-PADS-NoUrgencyPressure,20,172.0,386.66666666666663,116.33333333333334,164.18243264634955,40.0,50.0,125.0,1,0.4495166930934807,0.6600192119388837,0.210502518845403,0.5951623392004858,0.43142859993565763,0.6712524821661336,0.09417881483137125,66.51701300870627,P17->P19->P15->P18->P16->P7->P9->P1->P20->P2->P11->P3->P5->P13->P8->P12->P4->P10->P6->P14
20,A-RH-PADS-NoAbnormalPressure,20,175.0,391.66666666666663,116.33333333333334,165.72264881615996,40.0,50.0,128.33333333333334,1,0.6205693429449863,0.6520308863455749,0.0314615434005886,0.570913456163004,0.49076593804559343,0.6606148517096726,0.06273389640080675,67.2639129916206,P17->P19->P15->P18->P16->P7->P9->P1->P20->P2->P11->P3->P5->P8->P13->P14->P6->P10->P4->P12
20,A-RH-PADS-NoPathPressure,20,200.0,433.3333333333333,107.33333333333334,171.82863534475547,60.0,50.0,145.83333333333331,1,0.685813798924626,0.8135781391796034,0.1277643402549774,0.7126914196638624,0.5790120105655087,0.8135781391796034,0.09068111370813633,65.20108896074817,P17->P19->P15->P18->P7->P1->P20->P2->P11->P14->P9->P10->P16->P4->P12->P8->P13->P5->P3->P6
20,A-RH-PADS-ResponseOnly,20,209.0,448.33333333333326,113.33333333333334,164.58974737375033,60.0,25.0,172.08333333333331,1,0.85,0.85,0.0,0.85,0.85,0.85,0.0,65.82878500921652,P17->P19->P15->P18->P7->P9->P1->P20->P2->P11->P5->P13->P10->P4->P12->P16->P6->P14->P8->P3
20,A-RH-PADS-CostOnly,20,167.0,378.3333333333333,185.33333333333331,173.61149365671352,40.0,25.0,111.25,1,0.25,0.25,0.0,0.25,0.25,0.25,0.0,67.43990001268685,P17->P19->P9->P7->P16->P10->P4->P18->P13->P14->P6->P1->P20->P2->P11->P3->P5->P8->P12->P15
20,A-RH-PADS-NoFinishTimeResponse,20,200.0,433.3333333333333,131.33333333333334,184.6435159774588,40.0,50.0,142.08333333333331,1,0.6205693429449863,0.7906017384489366,0.17003239550395022,0.6384457571182434,0.49104025001528745,0.7940139791460471,0.11704774082918858,67.51115998486057,P17->P19->P15->P18->P1->P20->P2->P11->P7->P9->P10->P16->P4->P12->P8->P13->P5->P3->P14->P6
21,A-RH-PADS-Full,20,241.0,501.6666666666667,146.66666666666666,192.303507887985,40.0,25.0,151.25,1,0.5930235948483377,0.7687675346178151,0.17574393976947744,0.6302083547531283,0.4772387367094391,0.773564671934706,0.12295377356457227,67.89387803291902,P12->P8->P10->P15->P7->P20->P11->P18->P5->P14->P13->P17->P3->P2->P1->P9->P19->P4->P6->P16
21,A-RH-PADS-FixedLambda,20,196.0,426.66666666666663,156.94444444444443,167.52340913855264,40.0,0.0,177.91666666666663,1,0.55,0.55,0.0,0.55,0.55,0.55,0.0,68.41605203226209,P12->P8->P10->P15->P2->P1->P7->P5->P3->P13->P14->P17->P20->P4->P19->P9->P11->P18->P16->P6
21,A-RH-PADS-NoUrgencyPressure,20,218.0,463.33333333333337,159.1666666666667,182.260701582368,40.0,0.0,146.25000000000003,1,0.42076220406399756,0.63700744675856,0.21624524269456247,0.5496329298172287,0.42076220406399756,0.6581009964129916,0.10548759256635962,67.52787402365357,P12->P8->P10->P15->P2->P1->P7->P20->P5->P14->P13->P17->P3->P18->P16->P11->P9->P19->P4->P6
21,A-RH-PADS-NoAbnormalPressure,20,198.0,430.00000000000006,155.2777777777778,173.59827652335312,40.0,0.0,164.16666666666666,1,0.5930235948483377,0.6025728228242786,0.009549227975940933,0.5798077434432485,0.4524203942800961,0.6455264656462671,0.05282392464334286,68.43337800819427,P12->P8->P10->P15->P2->P1->P7->P5->P14->P13->P17->P20->P4->P19->P9->P11->P18->P16->P3->P6
21,A-RH-PADS-NoPathPressure,20,241.0,501.6666666666667,146.66666666666666,192.303507887985,40.0,25.0,151.25,1,0.6898771395877576,0.8068235884032628,0.1169464488155052,0.7004903585774082,0.5657449640996193,0.8068235884032628,0.09702777366736068,66.47928897291422,P12->P8->P10->P15->P7->P20->P11->P18->P5->P14->P13->P17->P3->P2->P1->P9->P19->P4->P6->P16
21,A-RH-PADS-ResponseOnly,20,241.0,501.6666666666667,146.66666666666666,192.303507887985,40.0,25.0,151.25,1,0.85,0.85,0.0,0.85,0.85,0.85,0.0,65.27002603979781,P12->P8->P10->P15->P7->P20->P11->P18->P5->P14->P13->P17->P3->P2->P1->P9->P19->P4->P6->P16
21,A-RH-PADS-CostOnly,20,194.0,423.3333333333333,161.94444444444443,169.93242487093374,40.0,0.0,174.16666666666666,1,0.25,0.25,0.0,0.25,0.25,0.25,0.0,66.78073800867423,P12->P8->P10->P15->P2->P1->P7->P5->P14->P3->P13->P17->P4->P20->P19->P9->P11->P18->P16->P6
21,A-RH-PADS-NoFinishTimeResponse,20,268.0,546.6666666666667,147.7777777777778,208.1000720048965,60.0,25.0,197.91666666666669,1,0.5930235948483377,0.7687675346178151,0.17574393976947744,0.6497785269623598,0.4524203942800961,0.7763702499153238,0.12076747983298809,63.84412001352757,P12->P8->P10->P7->P5->P20->P11->P18->P15->P2->P1->P14->P13->P17->P3->P4->P19->P9->P16->P6
22,A-RH-PADS-Full,20,239.0,498.33333333333326,140.0,190.6418228398035,60.0,100.0,91.66666666666667,1,0.6171506151695771,0.7883690799735985,0.17121846480402136,0.5858577586753837,0.5028680380070841,0.7883690799735985,0.10113760048828281,74.31020197691396,P14->P6->P2->P9->P13->P15->P1->P5->P10->P17->P16->P4->P18->P3->P7->P11->P12->P20->P19->P8
22,A-RH-PADS-FixedLambda,20,243.0,504.99999999999994,181.66666666666666,199.24912456696862,40.0,75.0,122.91666666666664,1,0.55,0.55,0.0,0.55,0.55,0.55,0.0,80.6837790296413,P14->P6->P2->P13->P15->P1->P5->P10->P17->P16->P18->P11->P12->P9->P7->P3->P8->P4->P19->P20
22,A-RH-PADS-NoUrgencyPressure,20,250.0,516.6666666666665,225.41666666666663,212.56674463879364,40.0,75.0,115.83333333333331,1,0.43194810956177515,0.6620160734258766,0.2300679638641015,0.5270206876935818,0.42337131169325626,0.6703402870576799,0.11382706041726531,76.36505301343277,P14->P12->P6->P2->P13->P15->P1->P5->P10->P16->P8->P3->P7->P11->P18->P4->P19->P17->P20->P9
22,A-RH-PADS-NoAbnormalPressure,20,243.0,504.99999999999994,181.66666666666666,199.24912456696862,40.0,75.0,122.91666666666664,1,0.6171506151695771,0.6465498375740077,0.029399222404430603,0.5754568069038039,0.4599612914295633,0.6465498375740077,0.06329044874328726,76.68579602614045,P14->P6->P2->P13->P15->P1->P5->P10->P17->P16->P18->P11->P12->P9->P7->P3->P8->P4->P19->P20
22,A-RH-PADS-NoPathPressure,20,239.0,498.33333333333326,140.0,190.6418228398035,60.0,100.0,91.66666666666667,1,0.6819767257863197,0.8117877825036386,0.12981105671731885,0.6663007914506617,0.5936653794486437,0.8117877825036386,0.07694013393568505,74.79413301916793,P14->P6->P2->P9->P13->P15->P1->P5->P10->P17->P16->P4->P18->P3->P7->P11->P12->P20->P19->P8
22,A-RH-PADS-ResponseOnly,20,249.0,515.0,140.0,191.12957543864871,60.0,100.0,91.66666666666667,1,0.85,0.85,0.0,0.85,0.85,0.85,0.0,73.07833404047415,P14->P6->P2->P9->P13->P15->P1->P5->P10->P17->P16->P18->P3->P7->P12->P11->P20->P19->P4->P8
22,A-RH-PADS-CostOnly,20,209.0,448.3333333333334,219.16666666666669,200.23935749122862,20.0,0.0,177.91666666666669,1,0.25,0.25,0.0,0.25,0.25,0.25,0.0,75.96894900780171,P14->P20->P15->P19->P13->P16->P18->P11->P12->P6->P2->P9->P7->P3->P4->P17->P10->P5->P1->P8
22,A-RH-PADS-NoFinishTimeResponse,20,251.0,518.3333333333333,142.5,193.14874130346635,60.0,75.0,99.16666666666667,1,0.6171506151695771,0.7883690799735985,0.17121846480402136,0.5958802310982727,0.4993740924387581,0.7883690799735985,0.10813993206720476,73.49330198485404,P14->P6->P2->P9->P13->P16->P15->P1->P10->P5->P17->P18->P3->P7->P12->P11->P20->P19->P4->P8
23,A-RH-PADS-Full,20,225.0,475.00000000000006,151.04166666666666,173.40853436617408,60.0,75.0,87.50000000000001,1,0.6611209559929939,0.8008201290542131,0.13969917306121915,0.7028862753718064,0.5019850749363108,0.8008201290542131,0.10660847662023355,70.08541299728677,P15->P12->P13->P14->P1->P19->P9->P5->P10->P4->P20->P18->P6->P11->P8->P17->P3->P2->P7->P16
23,A-RH-PADS-FixedLambda,20,233.0,488.3333333333334,160.83333333333334,174.97214190133698,60.0,50.0,91.25,1,0.55,0.55,0.0,0.55,0.55,0.55,0.0,71.09021302312613,P15->P12->P13->P9->P5->P14->P1->P19->P11->P6->P18->P10->P4->P20->P8->P17->P3->P2->P7->P16
23,A-RH-PADS-NoUrgencyPressure,20,225.0,475.00000000000006,151.04166666666666,173.40853436617408,60.0,75.0,87.50000000000001,1,0.4577700068870602,0.673654185650047,0.21588417876298677,0.5764253620680443,0.40686817259209807,0.673654185650047,0.10843761868125243,86.27363695995882,P15->P12->P13->P14->P1->P19->P9->P5->P10->P4->P20->P18->P6->P11->P8->P17->P3->P2->P7->P16
23,A-RH-PADS-NoAbnormalPressure,20,238.0,496.66666666666674,159.58333333333334,177.4569533008488,60.0,75.0,88.75000000000001,1,0.6611209559929939,0.6785265066862608,0.01740555069326688,0.609800566307909,0.52936862456997,0.6785265066862608,0.04409793865076617,70.75951795559376,P15->P12->P13->P14->P1->P19->P9->P5->P10->P4->P20->P18->P6->P11->P2->P3->P17->P8->P16->P7
23,A-RH-PADS-NoPathPressure,20,241.0,501.6666666666667,164.58333333333334,186.37622967316778,60.0,75.0,78.75,1,0.7125185101888636,0.8168625657228751,0.10434405553401149,0.7314800969204536,0.5913046686433783,0.8168625657228751,0.08384518543544459,69.8971000383608,P15->P12->P13->P14->P1->P19->P9->P5->P10->P4->P20->P8->P17->P2->P3->P11->P6->P18->P7->P16
23,A-RH-PADS-ResponseOnly,20,251.0,518.3333333333334,158.54166666666669,183.6000875753508,60.0,75.0,78.75,1,0.85,0.85,0.0,0.85,0.85,0.85,0.0,69.48902900330722,P15->P12->P13->P14->P1->P19->P9->P5->P10->P4->P20->P8->P17->P11->P18->P6->P7->P2->P3->P16
23,A-RH-PADS-CostOnly,20,216.0,460.0,199.79166666666669,187.0447891342526,60.0,25.0,90.41666666666667,1,0.25,0.25,0.0,0.25,0.25,0.25,0.0,70.9068609867245,P15->P11->P12->P13->P9->P5->P10->P14->P1->P19->P6->P18->P2->P3->P17->P8->P4->P16->P20->P7
23,A-RH-PADS-NoFinishTimeResponse,20,285.0,575.0,207.29166666666669,254.0301804082531,80.0,75.0,111.25,1,0.6448845316453793,0.7996391747595332,0.15475464311415388,0.6347273063082772,0.4732250289552291,0.7996391747595332,0.11806467463184848,74.45748901227489,P12->P13->P1->P19->P15->P4->P10->P5->P8->P17->P11->P6->P18->P14->P9->P20->P16->P7->P2->P3
24,A-RH-PADS-Full,20,220.0,466.6666666666667,146.81818181818184,183.04543049116538,100.0,75.0,67.91666666666669,1,0.6351161265678927,0.8075318892186208,0.1724157626507281,0.6591467800387337,0.5364255908683455,0.8075318892186208,0.1050525344000409,69.3615329801105,P6->P14->P10->P2->P8->P19->P11->P17->P15->P9->P16->P4->P13->P1->P18->P5->P7->P3->P20->P12
24,A-RH-PADS-FixedLambda,20,206.0,443.3333333333333,155.30303030303028,177.5280467669203,80.0,25.0,90.0,1,0.55,0.55,0.0,0.55,0.55,0.55,0.0,67.74946500081569,P6->P14->P10->P2->P17->P9->P11->P8->P19->P7->P4->P16->P13->P1->P18->P5->P3->P15->P20->P12
24,A-RH-PADS-NoUrgencyPressure,20,185.0,408.33333333333337,170.15151515151513,168.30961925968927,60.0,100.0,52.083333333333336,1,0.43920825724999824,0.6482629137656684,0.20905465651567012,0.48136359702265563,0.4116694687061668,0.688635148786646,0.09736233557814468,68.53041803697124,P12->P6->P14->P16->P2->P8->P19->P10->P9->P11->P3->P17->P4->P7->P5->P18->P1->P13->P15->P20
24,A-RH-PADS-NoAbnormalPressure,20,217.0,461.6666666666667,153.18181818181822,173.37584676080033,100.0,75.0,75.41666666666669,1,0.6351161265678927,0.6973013596916406,0.06218523312374791,0.594575355443874,0.49281738803202085,0.6973013596916406,0.05672750119567363,76.22610201360658,P6->P14->P10->P2->P8->P19->P11->P9->P3->P17->P15->P12->P16->P4->P7->P5->P18->P1->P13->P20
24,A-RH-PADS-NoPathPressure,20,212.0,453.33333333333337,153.03030303030306,184.2299150839534,100.0,75.0,67.91666666666669,1,0.7088910436671852,0.8219909712014235,0.11309992753423825,0.7176626515282644,0.628867635772079,0.8219909712014235,0.07730216990763288,66.44377601332963,P6->P14->P10->P2->P8->P19->P11->P17->P15->P9->P16->P13->P1->P18->P5->P7->P4->P3->P20->P12
24,A-RH-PADS-ResponseOnly,20,221.0,468.33333333333337,164.84848484848484,182.42357857267257,100.0,50.0,159.16666666666669,1,0.85,0.85,0.0,0.85,0.85,0.85,0.0,66.70791300712153,P6->P14->P2->P19->P10->P9->P11->P17->P15->P12->P16->P4->P8->P5->P18->P1->P13->P7->P3->P20
24,A-RH-PADS-CostOnly,20,162.0,369.99999999999994,171.81818181818178,156.20159751076235,60.0,50.0,92.91666666666666,1,0.25,0.25,0.0,0.25,0.25,0.25,0.0,65.85371500113979,P12->P6->P14->P16->P2->P10->P9->P11->P3->P17->P7->P19->P18->P5->P8->P20->P15->P4->P13->P1
24,A-RH-PADS-NoFinishTimeResponse,20,233.0,488.33333333333337,181.81818181818184,195.21942656301437,100.0,50.0,151.25000000000003,1,0.6351161265678927,0.8057645342171459,0.17064840764925315,0.7227298685118864,0.49281738803202085,0.8057645342171459,0.07237944214996275,65.97824802156538,P6->P14->P2->P19->P9->P17->P11->P10->P16->P12->P15->P4->P8->P5->P18->P1->P13->P7->P3->P20
25,A-RH-PADS-Full,20,226.0,476.66666666666663,167.91666666666666,184.59392458040543,60.0,75.0,53.75000000000001,1,0.6444809927533344,0.7954566601493455,0.1509756673960111,0.6650224063473047,0.5341671249354508,0.8011108214546113,0.09290987123916514,67.30955297825858,P2->P15->P11->P9->P5->P4->P1->P16->P14->P18->P19->P10->P13->P7->P8->P12->P17->P20->P6->P3
25,A-RH-PADS-FixedLambda,20,186.0,410.0,176.45833333333337,184.2582811026899,60.0,100.0,38.74999999999999,1,0.55,0.55,0.0,0.55,0.55,0.55,0.0,65.04314497578889,P2->P15->P11->P5->P9->P14->P4->P6->P1->P16->P3->P18->P19->P10->P13->P8->P7->P12->P20->P17
25,A-RH-PADS-NoUrgencyPressure,20,186.0,410.0,176.45833333333337,184.2582811026899,60.0,100.0,38.74999999999999,1,0.4400497433327473,0.6527862246176412,0.21273648128489392,0.48590506896945507,0.4221999041647305,0.6669189618564015,0.09029543726910542,65.99512498360127,P2->P15->P11->P5->P9->P14->P4->P6->P1->P16->P3->P18->P19->P10->P13->P8->P7->P12->P20->P17
25,A-RH-PADS-NoAbnormalPressure,20,208.0,446.66666666666663,182.0833333333333,192.82030589625364,60.0,100.0,38.74999999999999,1,0.6444809927533344,0.6643217796558238,0.01984078690248947,0.6353601543609962,0.5662992106988808,0.6770039645927564,0.03181155692326597,74.6251160162501,P2->P15->P11->P5->P9->P14->P4->P16->P3->P1->P6->P19->P10->P13->P18->P12->P8->P7->P20->P17
25,A-RH-PADS-NoPathPressure,20,263.0,538.3333333333334,158.75,178.58804976016833,60.0,75.0,53.75000000000001,1,0.7133207267335129,0.8183653104008501,0.10504458366733727,0.7105133030002736,0.5450613260345428,0.8183653104008501,0.08173429108377289,69.03326296014711,P2->P15->P11->P9->P5->P4->P1->P16->P14->P18->P19->P10->P12->P7->P8->P17->P20->P6->P3->P13
25,A-RH-PADS-ResponseOnly,20,254.0,523.3333333333334,161.66666666666669,182.23873525269914,40.0,50.0,101.66666666666669,1,0.85,0.85,0.0,0.85,0.85,0.85,0.0,69.59081499371678,P2->P16->P1->P4->P6->P5->P15->P11->P19->P12->P10->P18->P14->P9->P20->P17->P7->P8->P13->P3
25,A-RH-PADS-CostOnly,20,182.0,403.3333333333333,160.41666666666666,176.10078455204857,80.0,50.0,80.83333333333333,1,0.25,0.25,0.0,0.25,0.25,0.25,0.0,70.9229750209488,P2->P18->P15->P11->P5->P9->P6->P4->P14->P3->P16->P1->P19->P13->P10->P8->P7->P12->P20->P17
25,A-RH-PADS-NoFinishTimeResponse,20,273.0,555.0,172.08333333333331,222.96452432277582,100.0,50.0,92.49999999999997,1,0.6519225956288741,0.7894441669482785,0.13752157131940435,0.6432298533172335,0.4581082240180425,0.7894441669482785,0.11148241747993258,67.7276459755376,P16->P4->P12->P15->P11->P5->P9->P1->P3->P14->P2->P18->P19->P8->P7->P17->P20->P6->P10->P13
26,A-RH-PADS-Full,20,177.0,395.00000000000006,111.66666666666667,148.2651186330018,20.0,75.0,54.58333333333333,1,0.5922058005493427,0.7727683680152237,0.18056256746588106,0.6262129116454209,0.4807770704397032,0.7797359727084883,0.12192389546094684,64.19908202951774,P1->P15->P4->P9->P13->P8->P17->P5->P2->P10->P16->P11->P20->P19->P12->P14->P18->P6->P3->P7
26,A-RH-PADS-FixedLambda,20,157.0,361.66666666666663,121.11111111111113,133.52181268206147,20.0,25.0,146.24999999999997,1,0.55,0.55,0.0,0.55,0.55,0.55,0.0,66.53594103408977,P1->P15->P19->P12->P4->P9->P13->P8->P17->P5->P2->P10->P11->P20->P16->P7->P14->P3->P6->P18
26,A-RH-PADS-NoUrgencyPressure,20,157.0,361.66666666666663,118.33333333333333,133.77401698715516,20.0,25.0,146.24999999999997,1,0.4247174948429965,0.6506654800382355,0.22594798519523906,0.579953042211624,0.42129168710467335,0.6708792409507128,0.10121863928845089,64.71434101695195,P1->P15->P19->P12->P4->P9->P13->P8->P17->P5->P2->P10->P20->P11->P16->P7->P14->P3->P6->P18
26,A-RH-PADS-NoAbnormalPressure,20,177.0,395.00000000000006,111.66666666666667,148.2651186330018,20.0,75.0,54.58333333333333,1,0.5922058005493427,0.6109877705260023,0.018781969976659596,0.5590056300172338,0.4807770704397032,0.6263053205469229,0.04866720194707682,64.57868299912661,P1->P15->P4->P9->P13->P8->P17->P5->P2->P10->P16->P11->P20->P19->P12->P14->P18->P6->P3->P7
26,A-RH-PADS-NoPathPressure,20,183.0,405.00000000000006,120.55555555555556,155.78547752854845,20.0,75.0,57.08333333333333,1,0.6854104121793452,0.8088554701597754,0.12344505798043026,0.6927182867103944,0.5694802837039872,0.8088554701597754,0.09711899442085895,74.23746603308246,P1->P15->P4->P9->P8->P13->P5->P17->P2->P10->P16->P20->P11->P19->P12->P14->P18->P6->P3->P7
26,A-RH-PADS-ResponseOnly,20,177.0,395.00000000000006,139.44444444444446,161.4388230165608,20.0,75.0,45.0,1,0.85,0.85,0.0,0.85,0.85,0.85,0.0,61.82642700150609,P1->P15->P4->P9->P8->P13->P2->P16->P10->P11->P20->P5->P17->P12->P19->P7->P14->P6->P3->P18
26,A-RH-PADS-CostOnly,20,179.0,398.3333333333333,121.11111111111113,133.5588751339137,20.0,25.0,172.49999999999997,1,0.25,0.25,0.0,0.25,0.25,0.25,0.0,65.52310602273792,P1->P15->P19->P12->P4->P9->P13->P8->P17->P5->P2->P10->P11->P20->P16->P14->P18->P6->P3->P7
26,A-RH-PADS-NoFinishTimeResponse,20,198.0,430.0,113.88888888888891,159.71936530236692,20.0,75.0,74.58333333333334,1,0.5922058005493427,0.7727683680152237,0.18056256746588106,0.6210462008198233,0.4719375244744508,0.7797359727084883,0.12323013422882433,63.84593702387065,P1->P15->P4->P9->P2->P13->P8->P17->P5->P20->P16->P10->P19->P12->P14->P6->P18->P3->P7->P11
27,A-RH-PADS-Full,20,232.0,486.66666666666674,100.66666666666666,199.8035680098138,60.0,0.0,251.25000000000003,1,0.6065229883057783,0.773591664354259,0.16706867604848064,0.710222145947461,0.52951754289787,0.7738899224267946,0.08239182670268984,88.27367099002004,P2->P10->P18->P5->P14->P15->P19->P9->P4->P1->P3->P6->P12->P11->P20->P17->P8->P13->P7->P16
27,A-RH-PADS-FixedLambda,20,228.0,480.0000000000001,102.6666666666667,179.53971720819405,60.0,0.0,222.08333333333337,1,0.55,0.55,0.0,0.55,0.55,0.55,0.0,89.94176599662751,P2->P10->P18->P12->P15->P5->P14->P19->P9->P4->P1->P13->P3->P6->P11->P8->P17->P20->P7->P16
27,A-RH-PADS-NoUrgencyPressure,20,230.0,483.3333333333334,100.66666666666666,194.24956019904684,60.0,0.0,219.16666666666666,1,0.43253323138549093,0.6574846020622666,0.22495137067677562,0.5997222297224021,0.4233828807855241,0.6701372157143122,0.09912451547274646,89.55743897240609,P2->P10->P18->P5->P14->P15->P19->P9->P4->P1->P13->P3->P6->P12->P11->P8->P17->P20->P7->P16
27,A-RH-PADS-NoAbnormalPressure,20,228.0,480.0000000000001,102.6666666666667,179.53971720819405,60.0,0.0,222.08333333333337,1,0.6065229883057783,0.6127529927042352,0.00623000439845689,0.5844459226261416,0.52951754289787,0.6241167190323478,0.03131221923815532,88.80407299147919,P2->P10->P18->P12->P15->P5->P14->P19->P9->P4->P1->P13->P3->P6->P11->P8->P17->P20->P7->P16
27,A-RH-PADS-NoPathPressure,20,232.0,486.66666666666674,100.66666666666666,199.8035680098138,60.0,0.0,251.25000000000003,1,0.6896533909176928,0.8034134420165597,0.11376005109886689,0.7605567647823247,0.6182691328268923,0.8034134420165597,0.060261189436413044,86.455765995197,P2->P10->P18->P5->P14->P15->P19->P9->P4->P1->P3->P6->P12->P11->P20->P17->P8->P13->P7->P16
27,A-RH-PADS-ResponseOnly,20,262.0,536.6666666666667,175.00000000000003,236.95840319274066,60.0,25.0,158.75,1,0.85,0.85,0.0,0.85,0.85,0.85,0.0,84.30118102114648,P2->P18->P14->P5->P19->P9->P12->P10->P6->P3->P1->P15->P17->P20->P11->P8->P4->P13->P7->P16
27,A-RH-PADS-CostOnly,20,224.0,473.33333333333326,154.33333333333331,199.18866163850188,60.0,0.0,202.08333333333331,1,0.25,0.25,0.0,0.25,0.25,0.25,0.0,86.30587300285697,P2->P10->P18->P12->P15->P5->P14->P19->P8->P17->P20->P11->P6->P3->P1->P16->P7->P13->P4->P9
27,A-RH-PADS-NoFinishTimeResponse,20,297.0,595.0,178.66666666666669,271.6077137123279,60.0,25.0,260.41666666666674,1,0.613264528912153,0.7737050175859855,0.16044048867383254,0.6944891877542257,0.5009967259259951,0.7764770029077245,0.09689251011101425,87.83205796498805,P2->P18->P5->P9->P19->P14->P1->P4->P20->P11->P12->P10->P15->P3->P13->P16->P7->P6->P8->P17
28,A-RH-PADS-Full,20,225.0,475.0,112.5925925925926,170.6293788146547,80.0,75.0,82.5,1,0.6345539445337991,0.8015574443432024,0.16700349980940332,0.6668272970573956,0.49709312125765126,0.8047973889259815,0.11577231986616333,71.05308800237253,P13->P18->P5->P14->P3->P2->P16->P20->P9->P8->P10->P1->P4->P15->P7->P19->P12->P11->P6->P17
28,A-RH-PADS-FixedLambda,20,233.0,488.33333333333326,96.85185185185186,170.35204374850227,100.0,50.0,118.74999999999999,1,0.55,0.55,0.0,0.55,0.55,0.55,0.0,70.86018502013758,P13->P18->P5->P3->P2->P20->P9->P16->P10->P8->P14->P19->P7->P1->P4->P15->P17->P6->P11->P12
28,A-RH-PADS-NoUrgencyPressure,20,225.0,475.0,115.00000000000003,172.2171467783233,80.0,75.0,87.91666666666666,1,0.43162822390089695,0.6492016895737387,0.21757346567284175,0.5556676647784511,0.4209747399649052,0.6687573082467886,0.11539877932262874,69.27995895966887,P13->P18->P5->P14->P3->P2->P20->P16->P9->P10->P8->P1->P15->P4->P7->P19->P12->P11->P6->P17
28,A-RH-PADS-NoAbnormalPressure,20,229.0,481.66666666666663,118.33333333333333,174.31826181410653,80.0,75.0,64.58333333333334,1,0.6345539445337991,0.6805331895235022,0.04597924498970307,0.5822069146969416,0.4861942611857883,0.6895122683573329,0.06339442003461535,71.77751802373677,P13->P18->P5->P14->P3->P2->P20->P9->P16->P4->P1->P10->P8->P6->P11->P12->P19->P7->P15->P17
28,A-RH-PADS-NoPathPressure,20,237.0,495.0,103.88888888888889,175.09617853508146,100.0,50.0,103.75,1,0.7125804786389077,0.8226050563179892,0.11002457767908147,0.7271826682886071,0.5863546162614659,0.8226050563179892,0.08681617195312152,76.04718301445246,P13->P18->P8->P3->P2->P16->P20->P9->P10->P5->P14->P1->P4->P15->P7->P19->P12->P11->P6->P17
28,A-RH-PADS-ResponseOnly,20,249.0,515.0,103.88888888888889,178.0493575527377,100.0,50.0,103.75,1,0.85,0.85,0.0,0.85,0.85,0.85,0.0,71.83926296420395,P13->P18->P8->P3->P2->P16->P20->P9->P10->P5->P14->P1->P4->P7->P19->P12->P6->P11->P17->P15
28,A-RH-PADS-CostOnly,20,239.0,498.33333333333337,96.48148148148147,166.45267704979082,100.0,50.0,160.83333333333334,1,0.25,0.25,0.0,0.25,0.25,0.25,0.0,70.37195196608081,P13->P18->P5->P3->P16->P2->P20->P9->P10->P8->P6->P11->P14->P19->P7->P1->P17->P15->P4->P12
28,A-RH-PADS-NoFinishTimeResponse,20,284.0,573.3333333333334,158.14814814814812,221.22777314166686,100.0,75.0,102.50000000000001,1,0.6348458492227763,0.8011834829659953,0.16633763374321897,0.6520033148649039,0.488412506648376,0.8011834829659953,0.11746151182529006,71.9613570254296,P18->P2->P16->P3->P5->P14->P13->P8->P10->P20->P9->P4->P7->P19->P12->P6->P11->P17->P15->P1
29,A-RH-PADS-Full,20,239.0,498.33333333333337,173.8888888888889,227.01727675432895,20.0,50.0,97.91666666666667,1,0.6025604853741444,0.7876361049196386,0.18507561954549423,0.6259520999112859,0.47488436819158303,0.7876361049196386,0.11255041996605468,66.23055099043995,P13->P10->P12->P20->P8->P19->P7->P6->P2->P5->P17->P14->P16->P9->P1->P18->P3->P4->P15->P11
29,A-RH-PADS-FixedLambda,20,181.0,401.66666666666663,126.11111111111113,178.9195842691147,40.0,25.0,133.75,1,0.55,0.55,0.0,0.55,0.55,0.55,0.0,66.21015700511634,P13->P10->P12->P17->P9->P20->P8->P4->P3->P18->P19->P7->P6->P11->P2->P5->P16->P14->P15->P1
29,A-RH-PADS-NoUrgencyPressure,20,189.0,415.0,116.66666666666669,195.71789547117055,40.0,25.0,112.50000000000003,1,0.43204611237443724,0.6577993408860643,0.22575322851162705,0.5391754211785867,0.4137350794814645,0.6778001008436113,0.11209677327450841,66.19982101256028,P13->P10->P12->P17->P9->P20->P8->P19->P7->P6->P11->P2->P5->P16->P14->P15->P4->P18->P3->P1
29,A-RH-PADS-NoAbnormalPressure,20,181.0,401.66666666666663,126.11111111111113,178.9195842691147,40.0,25.0,133.75,1,0.6025604853741444,0.6447731634390952,0.04221267806495077,0.5919985942737251,0.521239758215546,0.6478359384813102,0.03778092897994945,66.62720296299085,P13->P10->P12->P17->P9->P20->P8->P4->P3->P18->P19->P7->P6->P11->P2->P5->P16->P14->P15->P1
29,A-RH-PADS-NoPathPressure,20,239.0,498.3333333333333,182.77777777777774,215.42939696851346,20.0,50.0,157.91666666666666,1,0.6868793691894384,0.8122853245106476,0.12540595532120924,0.7355627482202474,0.5348194378559306,0.8122853245106476,0.08998033732235297,67.166359978728,P13->P10->P12->P20->P8->P19->P7->P2->P5->P15->P17->P9->P1->P4->P18->P3->P6->P11->P16->P14
29,A-RH-PADS-ResponseOnly,20,249.0,515.0,182.77777777777774,216.64996138051356,20.0,50.0,154.99999999999997,1,0.85,0.85,0.0,0.85,0.85,0.85,0.0,66.60343403927982,P13->P10->P12->P20->P8->P19->P7->P2->P5->P15->P17->P9->P1->P3->P18->P6->P11->P4->P16->P14
29,A-RH-PADS-CostOnly,20,162.0,370.0,214.99999999999997,174.8477141888224,20.0,25.0,113.74999999999999,1,0.25,0.25,0.0,0.25,0.25,0.25,0.0,67.20224401215091,P13->P5->P12->P17->P9->P20->P8->P1->P3->P18->P19->P6->P7->P11->P2->P16->P14->P4->P10->P15
29,A-RH-PADS-NoFinishTimeResponse,20,259.0,531.6666666666665,219.44444444444443,230.82033101065628,20.0,50.0,150.0,1,0.6093595490826673,0.7818979184814907,0.1725383693988234,0.6780905248771433,0.443056393197493,0.7818979184814907,0.11178969610621571,64.95961098698899,P10->P12->P20->P8->P5->P13->P2->P7->P19->P18->P3->P15->P17->P9->P1->P4->P6->P11->P16->P14
