map_type,seed,method,completed_task_num,total_path_length,total_inspection_time,high_priority_avg_response_time,priority_weighted_completion_time,high_priority_top5_rate,algorithm_runtime_ms,task_sequence
corridor,0,AStarOnly,20,180.0,400.0,175.33333333333331,158.95946909714928,20.0,22.02223800122738,P17->P18->P19->P16->P15->P8->P5->P20->P1->P6->P3->P13->P7->P11->P4->P12->P14->P10->P2->P9
corridor,0,Proposed-Balanced,20,272.0,553.3333333333334,221.0,238.25556354391082,40.0,21.71579498099163,P3->P7->P11->P2->P1->P18->P17->P15->P16->P8->P19->P6->P20->P10->P4->P14->P12->P13->P5->P9
corridor,0,RH-Proposed-v2,20,244.0,506.6666666666667,111.66666666666667,175.03380374131422,40.0,443.11991397989914,P19->P16->P15->P18->P6->P3->P7->P4->P11->P1->P2->P20->P17->P8->P14->P12->P13->P10->P5->P9
corridor,0,Priority-Greedy,20,316.0,626.6666666666666,161.66666666666666,259.62877375684815,60.0,22.161144006531686,P2->P3->P4->P11->P14->P6->P1->P18->P16->P15->P19->P17->P8->P7->P12->P20->P10->P9->P5->P13
corridor,0,TSP-2opt,20,172.0,386.66666666666674,229.33333333333334,193.35962416627777,20.0,28.99309096392244,P18->P17->P19->P16->P15->P8->P5->P20->P10->P2->P14->P12->P4->P11->P7->P13->P3->P1->P6->P9
corridor,0,DRF-RH-Full,20,220.0,466.6666666666667,113.66666666666667,171.66965567349024,40.0,68.47769598243758,P19->P16->P15->P18->P6->P1->P3->P7->P4->P11->P2->P20->P17->P8->P9->P5->P10->P13->P12->P14
corridor,0,DRF-RH-Light,20,200.0,433.33333333333337,139.66666666666669,171.26416412124595,20.0,41.34352703113109,P18->P19->P16->P8->P15->P20->P6->P1->P3->P7->P4->P11->P13->P2->P10->P5->P17->P9->P12->P14
corridor,1,AStarOnly,20,178.0,396.66666666666663,143.0952380952381,157.5848011774365,60.0,19.719238043762743,P3->P10->P16->P12->P2->P13->P8->P11->P19->P9->P15->P5->P6->P4->P1->P14->P20->P7->P17->P18
corridor,1,Proposed-Balanced,20,276.0,560.0,182.14285714285717,208.6169556508143,60.0,19.64233204489574,P12->P10->P2->P13->P19->P11->P8->P17->P7->P5->P6->P20->P14->P4->P16->P18->P3->P9->P15->P1
corridor,1,RH-Proposed-v2,20,224.0,473.33333333333337,75.0,157.09011748200624,100.0,418.0010879645124,P3->P10->P12->P8->P19->P11->P2->P7->P17->P18->P16->P4->P6->P5->P14->P20->P13->P15->P9->P1
corridor,1,Priority-Greedy,20,282.0,570.0000000000001,121.9047619047619,223.15868753464096,80.0,19.95309500489384,P12->P10->P17->P19->P11->P8->P2->P3->P18->P16->P20->P4->P6->P5->P14->P13->P15->P9->P7->P1
corridor,1,TSP-2opt,20,164.0,373.33333333333337,165.95238095238096,173.93508663206896,80.0,29.20372801600024,P3->P10->P16->P12->P17->P7->P2->P13->P20->P14->P5->P6->P4->P1->P11->P15->P19->P9->P8->P18
corridor,1,DRF-RH-Full,20,226.0,476.66666666666674,74.76190476190477,159.4895468670928,100.0,64.7839389857836,P3->P10->P12->P8->P19->P11->P2->P17->P7->P18->P16->P4->P6->P5->P14->P20->P13->P15->P9->P1
corridor,1,DRF-RH-Light,20,228.0,480.0,101.19047619047619,172.92615775024433,60.0,39.67261203797534,P10->P12->P8->P2->P11->P19->P9->P7->P17->P3->P18->P16->P4->P6->P5->P14->P20->P13->P15->P1
corridor,2,AStarOnly,20,191.0,418.33333333333337,207.33333333333334,207.3291999617252,20.0,24.820238002575934,P18->P20->P16->P6->P12->P15->P19->P17->P7->P10->P9->P8->P2->P14->P3->P13->P1->P5->P4->P11
corridor,2,Proposed-Balanced,20,306.0,610.0,260.6666666666667,298.0904022987738,40.0,23.808913014363497,P6->P15->P12->P13->P5->P19->P17->P9->P7->P8->P10->P2->P3->P14->P16->P4->P11->P18->P20->P1
corridor,2,RH-Proposed-v2,20,269.0,548.3333333333334,103.0,225.02582530266793,60.0,546.5097829583101,P6->P12->P15->P19->P17->P7->P11->P4->P18->P16->P13->P5->P1->P2->P14->P8->P9->P10->P3->P20
corridor,2,Priority-Greedy,20,296.0,593.3333333333333,101.0,249.5605292497274,100.0,23.984786006622016,P15->P19->P6->P11->P4->P18->P13->P5->P12->P3->P14->P2->P7->P8->P17->P10->P9->P16->P20->P1
corridor,2,TSP-2opt,20,187.0,411.66666666666663,258.3333333333333,211.55737129681683,20.0,36.10406699590385,P18->P20->P16->P6->P5->P1->P13->P12->P15->P14->P2->P8->P9->P10->P7->P17->P19->P3->P11->P4
corridor,2,DRF-RH-Full,20,269.0,548.3333333333334,103.0,225.02582530266793,60.0,74.83047305140644,P6->P12->P15->P19->P17->P7->P11->P4->P18->P16->P13->P5->P1->P2->P14->P8->P9->P10->P3->P20
corridor,2,DRF-RH-Light,20,301.0,601.6666666666666,114.33333333333334,227.39210044045598,60.0,50.08585401810706,P6->P12->P15->P19->P7->P17->P8->P11->P4->P18->P16->P13->P5->P1->P2->P14->P3->P10->P9->P20
corridor,3,AStarOnly,20,155.0,358.3333333333334,167.7777777777778,162.45311393051222,20.0,19.951110996771604,P16->P6->P5->P19->P2->P12->P17->P13->P9->P11->P15->P18->P8->P20->P4->P7->P10->P14->P1->P3
corridor,3,Proposed-Balanced,20,299.0,598.3333333333333,228.88888888888883,234.41386662315773,20.0,19.642354047391564,P13->P9->P15->P11->P18->P8->P20->P14->P6->P16->P17->P7->P12->P2->P19->P5->P1->P10->P3->P4
corridor,3,RH-Proposed-v2,20,251.0,518.3333333333334,110.0,161.54116337619243,40.0,415.80996703123674,P16->P14->P13->P9->P11->P8->P20->P15->P19->P5->P6->P1->P12->P2->P10->P7->P17->P18->P4->P3
corridor,3,Priority-Greedy,20,297.0,595.0,139.44444444444449,190.44196694999061,20.0,20.332150044851005,P14->P16->P13->P11->P8->P9->P15->P20->P19->P5->P12->P1->P6->P7->P10->P17->P18->P4->P2->P3
corridor,3,TSP-2opt,20,155.0,358.3333333333334,167.7777777777778,162.45311393051222,20.0,22.228367044590414,P16->P6->P5->P19->P2->P12->P17->P13->P9->P11->P15->P18->P8->P20->P4->P7->P10->P14->P1->P3
corridor,3,DRF-RH-Full,20,209.0,448.33333333333337,58.88888888888889,147.07286598303395,60.0,65.34345098771155,P16->P14->P5->P13->P9->P11->P15->P8->P20->P7->P10->P19->P12->P2->P6->P1->P3->P17->P18->P4
corridor,3,DRF-RH-Light,20,209.0,448.33333333333326,58.88888888888889,150.27512487476645,60.0,41.43412597477436,P16->P14->P5->P13->P9->P11->P15->P8->P20->P10->P7->P19->P6->P1->P3->P12->P2->P17->P18->P4
corridor,4,AStarOnly,20,130.0,316.66666666666674,109.33333333333334,123.33041842608503,40.0,15.749201003927737,P4->P8->P18->P11->P5->P17->P3->P14->P10->P20->P6->P12->P1->P19->P2->P7->P13->P9->P16->P15
corridor,4,Proposed-Balanced,20,197.0,428.33333333333326,170.99999999999997,216.32753284402332,60.0,15.745452023111284,P17->P5->P20->P1->P9->P13->P3->P6->P10->P12->P14->P2->P19->P7->P18->P8->P4->P15->P11->P16
corridor,4,RH-Proposed-v2,20,196.0,426.66666666666663,105.0,157.87356704595652,60.0,356.18041799170896,P5->P17->P1->P9->P3->P19->P7->P2->P14->P10->P20->P12->P18->P11->P4->P15->P8->P16->P13->P6
corridor,4,Priority-Greedy,20,288.0,579.9999999999999,118.33333333333334,212.5600037065174,60.0,16.039855021517724,P5->P9->P1->P17->P18->P4->P10->P12->P3->P7->P19->P14->P20->P2->P16->P11->P15->P13->P6->P8
corridor,4,TSP-2opt,20,118.0,296.66666666666674,159.3333333333334,150.39270467061286,40.0,24.037558992858976,P4->P11->P18->P16->P17->P12->P6->P20->P10->P14->P3->P1->P19->P9->P13->P7->P2->P5->P8->P15
corridor,4,DRF-RH-Full,20,184.0,406.66666666666663,103.0,138.38455457608637,40.0,58.26447799336165,P18->P5->P17->P1->P19->P9->P7->P2->P3->P14->P10->P20->P12->P11->P4->P15->P8->P16->P13->P6
corridor,4,DRF-RH-Light,20,186.0,410.0,110.66666666666667,146.39220540772664,40.0,34.89225299563259,P18->P5->P17->P1->P19->P9->P7->P3->P10->P12->P20->P14->P13->P2->P11->P4->P15->P8->P16->P6
corridor,5,AStarOnly,20,181.0,401.66666666666674,104.58333333333334,165.59411070013945,40.0,19.53711296664551,P20->P10->P12->P18->P1->P16->P15->P7->P6->P17->P11->P8->P3->P13->P19->P4->P9->P14->P2->P5
corridor,5,Proposed-Balanced,20,256.0,526.6666666666667,135.41666666666669,200.9540271747676,40.0,19.719364994671196,P12->P10->P20->P17->P11->P3->P19->P13->P8->P14->P16->P9->P7->P6->P15->P1->P18->P2->P5->P4
corridor,5,RH-Proposed-v2,20,228.0,479.99999999999994,110.0,173.26629152401352,60.0,426.0396580211818,P20->P10->P12->P3->P13->P19->P11->P14->P9->P16->P15->P7->P6->P1->P18->P2->P5->P8->P17->P4
corridor,5,Priority-Greedy,20,272.0,553.3333333333333,195.83333333333334,265.41913340771964,60.0,19.325016997754574,P3->P19->P13->P12->P10->P20->P5->P14->P9->P6->P7->P15->P16->P11->P8->P17->P1->P18->P2->P4
corridor,5,TSP-2opt,20,136.0,326.6666666666666,146.24999999999997,188.808080537141,40.0,24.94821499567479,P5->P20->P10->P12->P18->P2->P1->P6->P7->P15->P16->P14->P9->P4->P11->P17->P8->P3->P13->P19
corridor,5,DRF-RH-Full,20,232.0,486.6666666666667,95.0,202.04869687850928,60.0,64.50292002409697,P10->P12->P3->P13->P19->P9->P14->P6->P7->P15->P16->P20->P5->P18->P2->P1->P11->P8->P17->P4
corridor,5,DRF-RH-Light,20,231.0,484.9999999999999,111.66666666666666,166.23853798378818,60.0,43.15535497153178,P20->P10->P12->P3->P11->P13->P19->P8->P9->P14->P16->P15->P6->P7->P1->P18->P2->P5->P4->P17
corridor,6,AStarOnly,20,156.0,360.0,232.77777777777774,146.88027662481002,0.0,18.056138011161238,P11->P16->P14->P3->P18->P15->P10->P9->P5->P2->P4->P8->P6->P13->P1->P12->P17->P7->P20->P19
corridor,6,Proposed-Balanced,20,289.0,581.6666666666666,245.55555555555557,257.96831175319255,20.0,17.78582198312506,P16->P15->P11->P19->P12->P8->P6->P1->P9->P5->P2->P13->P10->P7->P14->P20->P3->P18->P4->P17
corridor,6,RH-Proposed-v2,20,237.0,495.0,145.00000000000003,168.98467783575245,20.0,413.190743944142,P16->P15->P9->P8->P6->P13->P12->P5->P7->P14->P11->P19->P3->P18->P10->P4->P2->P20->P1->P17
corridor,6,Priority-Greedy,20,284.0,573.3333333333334,118.33333333333333,219.90874029440965,40.0,17.763587995432317,P8->P12->P6->P13->P15->P16->P7->P9->P5->P4->P14->P19->P11->P10->P3->P20->P18->P2->P17->P1
corridor,6,TSP-2opt,20,146.0,343.33333333333326,137.2222222222222,184.39228634908883,0.0,30.185013019945472,P11->P16->P14->P3->P20->P7->P17->P12->P1->P8->P6->P13->P5->P2->P4->P9->P10->P15->P18->P19
corridor,6,DRF-RH-Full,20,202.0,436.6666666666667,177.7777777777778,157.96639072053864,20.0,62.10875598480925,P16->P15->P8->P6->P13->P9->P7->P14->P11->P19->P10->P4->P2->P5->P12->P17->P1->P18->P3->P20
corridor,6,DRF-RH-Light,20,237.0,495.00000000000006,145.00000000000003,168.78857327266678,20.0,39.87783699994907,P16->P15->P9->P8->P6->P13->P12->P5->P7->P14->P11->P19->P18->P3->P10->P4->P2->P20->P1->P17
corridor,7,AStarOnly,20,149.0,348.33333333333337,134.44444444444443,153.42612935158243,20.0,19.10416199825704,P10->P4->P1->P9->P15->P8->P12->P6->P3->P11->P14->P19->P13->P2->P16->P7->P5->P20->P17->P18
corridor,7,Proposed-Balanced,20,240.0,499.9999999999999,215.0,249.9006331710732,20.0,19.113099027890712,P6->P15->P2->P3->P14->P11->P8->P12->P18->P9->P5->P17->P7->P20->P4->P10->P1->P19->P13->P16
corridor,7,RH-Proposed-v2,20,210.0,450.0,102.22222222222221,168.51903070138886,20.0,423.2232890208252,P9->P15->P6->P11->P3->P14->P12->P20->P5->P7->P10->P4->P1->P8->P18->P2->P13->P19->P16->P17
corridor,7,Priority-Greedy,20,224.0,473.33333333333326,171.66666666666666,207.97889151589766,20.0,19.608783011790365,P14->P6->P11->P3->P15->P9->P20->P5->P10->P4->P1->P12->P8->P18->P7->P17->P2->P13->P19->P16
corridor,7,TSP-2opt,20,124.0,306.6666666666667,181.1111111111111,175.9222956015687,20.0,26.206934009678662,P1->P4->P10->P9->P15->P8->P18->P19->P13->P2->P16->P14->P3->P11->P6->P12->P7->P5->P20->P17
corridor,7,DRF-RH-Full,20,210.0,450.0,102.22222222222221,168.037468239753,20.0,63.065291033126414,P9->P15->P6->P3->P11->P14->P12->P20->P5->P7->P10->P4->P1->P8->P18->P2->P13->P19->P16->P17
corridor,7,DRF-RH-Light,20,210.0,450.0,96.66666666666667,168.9926354201498,40.0,41.17989703081548,P9->P6->P3->P11->P14->P12->P15->P7->P5->P20->P10->P4->P1->P8->P18->P2->P13->P19->P16->P17
corridor,8,AStarOnly,20,156.0,360.0,159.81481481481484,164.9016836989649,20.0,27.787959028501064,P4->P2->P8->P13->P16->P19->P15->P11->P12->P17->P1->P9->P20->P6->P7->P10->P5->P14->P18->P3
corridor,8,Proposed-Balanced,20,224.0,473.33333333333337,172.03703703703704,231.77149432020363,60.0,20.622684038244188,P15->P4->P2->P13->P12->P11->P17->P1->P20->P6->P14->P7->P18->P10->P9->P5->P19->P8->P16->P3
corridor,8,RH-Proposed-v2,20,226.0,476.6666666666667,102.40740740740743,171.09541317684912,100.0,430.23282795911655,P4->P15->P12->P11->P1->P6->P14->P18->P17->P3->P19->P8->P13->P2->P7->P10->P20->P9->P5->P16
corridor,8,Priority-Greedy,20,232.0,486.66666666666663,117.96296296296298,183.66106234321947,100.0,20.371285965666175,P4->P15->P12->P17->P1->P6->P18->P14->P11->P3->P19->P8->P13->P2->P10->P7->P20->P9->P5->P16
corridor,8,TSP-2opt,20,140.0,333.33333333333337,150.74074074074076,160.18347900495218,20.0,27.715270989574492,P4->P2->P13->P8->P16->P19->P15->P12->P11->P18->P14->P5->P1->P9->P20->P6->P10->P7->P17->P3
corridor,8,DRF-RH-Full,20,197.0,428.3333333333333,103.88888888888889,161.52761895104973,100.0,64.53015300212428,P4->P15->P11->P12->P1->P14->P18->P6->P10->P7->P17->P3->P19->P8->P13->P2->P16->P20->P9->P5
corridor,8,DRF-RH-Light,20,217.0,461.6666666666667,104.62962962962965,163.27854494987815,100.0,43.44057699199766,P4->P15->P11->P12->P17->P1->P6->P14->P18->P20->P10->P7->P8->P19->P3->P16->P2->P13->P9->P5
corridor,9,AStarOnly,20,162.0,370.00000000000006,179.72222222222226,167.67795213550744,20.0,18.6324929818511,P18->P17->P8->P3->P1->P7->P14->P9->P2->P13->P5->P15->P12->P10->P11->P20->P16->P19->P4->P6
corridor,9,Proposed-Balanced,20,201.0,435.0000000000001,216.11111111111117,204.59126849803735,20.0,17.865079978946596,P18->P1->P8->P4->P17->P3->P9->P13->P12->P10->P11->P5->P16->P20->P2->P19->P15->P6->P14->P7
corridor,9,RH-Proposed-v2,20,226.0,476.66666666666663,132.7777777777778,214.999205105666,80.0,361.27814394421875,P12->P11->P20->P5->P13->P16->P6->P8->P18->P3->P19->P9->P2->P15->P10->P7->P1->P14->P17->P4
corridor,9,Priority-Greedy,20,225.0,475.00000000000006,136.66666666666666,204.82899533383645,100.0,17.836621031165123,P6->P5->P12->P11->P20->P16->P13->P2->P19->P8->P18->P3->P4->P1->P10->P15->P9->P7->P14->P17
corridor,9,TSP-2opt,20,142.0,336.66666666666674,198.61111111111117,200.57810291798953,20.0,29.99379503307864,P3->P18->P17->P6->P14->P9->P13->P16->P11->P20->P10->P12->P15->P5->P2->P19->P7->P1->P8->P4
corridor,9,DRF-RH-Full,20,216.0,459.9999999999999,131.11111111111111,191.60649233770508,80.0,61.06121599441394,P5->P12->P11->P20->P15->P13->P16->P2->P6->P8->P18->P3->P1->P7->P19->P9->P10->P14->P17->P4
corridor,9,DRF-RH-Light,20,214.0,456.66666666666663,129.44444444444446,202.35263793247304,80.0,38.71239302679896,P5->P12->P11->P20->P15->P13->P16->P6->P8->P18->P3->P1->P7->P9->P19->P2->P10->P14->P17->P4
corridor,10,AStarOnly,20,159.0,365.0,145.62500000000003,151.64361091620353,60.0,19.903127977158874,P20->P8->P7->P5->P4->P17->P2->P18->P15->P12->P3->P16->P11->P10->P14->P19->P9->P1->P13->P6
corridor,10,Proposed-Balanced,20,292.0,586.6666666666667,234.79166666666674,225.756612766209,20.0,20.148346957284957,P4->P18->P15->P2->P9->P16->P12->P11->P10->P3->P19->P13->P20->P5->P8->P7->P17->P1->P6->P14
corridor,10,RH-Proposed-v2,20,219.0,464.99999999999994,153.95833333333331,161.20683579176173,40.0,453.1386779854074,P20->P4->P2->P18->P15->P12->P3->P13->P9->P5->P7->P8->P19->P16->P11->P10->P14->P1->P17->P6
corridor,10,Priority-Greedy,20,283.0,571.6666666666666,147.29166666666666,189.784879536414,60.0,20.268691005185246,P20->P4->P12->P18->P15->P16->P3->P13->P5->P7->P8->P2->P9->P10->P11->P19->P14->P1->P17->P6
corridor,10,TSP-2opt,20,147.0,345.00000000000006,163.75000000000003,167.41648629611882,60.0,30.383277975488454,P20->P8->P7->P5->P13->P1->P9->P19->P3->P16->P11->P10->P14->P12->P15->P18->P2->P4->P17->P6
corridor,10,DRF-RH-Full,20,213.0,455.0,147.70833333333334,172.2615887857037,60.0,64.35234704986215,P20->P4->P18->P15->P12->P3->P2->P13->P7->P5->P8->P19->P16->P11->P10->P14->P9->P1->P17->P6
corridor,10,DRF-RH-Light,20,201.0,435.00000000000006,137.29166666666666,161.24319566188774,40.0,40.3882089885883,P20->P4->P2->P18->P15->P12->P3->P16->P11->P10->P14->P7->P5->P8->P13->P9->P1->P19->P17->P6
corridor,11,AStarOnly,20,177.0,395.0000000000001,185.6666666666667,157.4038349438657,20.0,21.44931600196287,P5->P19->P17->P2->P15->P16->P13->P4->P18->P14->P20->P7->P11->P1->P10->P9->P12->P3->P6->P8
corridor,11,Proposed-Balanced,20,274.0,556.6666666666666,235.0,244.41087071074188,40.0,21.226838987786323,P16->P6->P13->P14->P4->P18->P11->P12->P9->P1->P10->P7->P15->P17->P2->P5->P8->P19->P20->P3
corridor,11,RH-Proposed-v2,20,229.0,481.66666666666674,123.33333333333333,192.80072803138054,60.0,477.5185220059939,P2->P13->P14->P16->P6->P15->P17->P8->P5->P7->P9->P12->P3->P11->P10->P1->P4->P18->P20->P19
corridor,11,Priority-Greedy,20,323.0,638.3333333333333,155.33333333333331,242.60831563724142,60.0,21.642726962454617,P14->P13->P2->P6->P16->P17->P8->P5->P15->P12->P9->P10->P18->P4->P7->P11->P3->P1->P20->P19
corridor,11,TSP-2opt,20,163.0,371.6666666666667,212.33333333333334,192.46642027733589,40.0,32.187610981054604,P5->P13->P16->P20->P14->P18->P4->P7->P11->P1->P10->P9->P3->P12->P6->P15->P2->P17->P19->P8
corridor,11,DRF-RH-Full,20,202.0,436.66666666666674,120.66666666666667,173.50386696813123,60.0,67.9455809877254,P2->P13->P16->P14->P18->P6->P15->P17->P8->P19->P5->P7->P12->P3->P9->P11->P1->P10->P4->P20
corridor,11,DRF-RH-Light,20,204.0,440.00000000000006,122.33333333333334,174.2584147901746,60.0,42.336511018220335,P2->P13->P16->P14->P18->P6->P15->P17->P8->P19->P5->P7->P9->P12->P3->P11->P1->P10->P4->P20
corridor,12,AStarOnly,20,172.0,386.66666666666663,197.22222222222226,178.87380869020222,0.0,20.14782599871978,P13->P7->P18->P12->P6->P5->P9->P8->P4->P2->P10->P14->P15->P3->P16->P19->P20->P1->P11->P17
corridor,12,Proposed-Balanced,20,266.0,543.3333333333333,142.22222222222226,192.97633145590882,20.0,20.753633987624198,P13->P7->P5->P4->P8->P9->P14->P10->P3->P15->P19->P20->P2->P11->P1->P12->P18->P6->P17->P16
corridor,12,RH-Proposed-v2,20,240.0,500.00000000000006,108.8888888888889,190.89763890668686,60.0,450.1468220259994,P11->P14->P15->P3->P8->P4->P9->P12->P6->P2->P10->P5->P1->P13->P7->P18->P17->P20->P19->P16
corridor,12,Priority-Greedy,20,328.0,646.6666666666667,110.00000000000001,226.08556608836244,60.0,20.63083997927606,P3->P15->P14->P4->P8->P11->P7->P12->P2->P9->P13->P18->P6->P5->P10->P19->P20->P1->P17->P16
corridor,12,TSP-2opt,20,152.0,353.3333333333333,202.77777777777774,182.55692486468485,0.0,27.507452992722392,P18->P7->P13->P12->P6->P4->P8->P2->P10->P19->P16->P3->P20->P15->P14->P5->P9->P1->P11->P17
corridor,12,DRF-RH-Full,20,270.0,550.0000000000001,108.8888888888889,196.9652492115187,60.0,66.79334602085873,P11->P14->P15->P3->P8->P4->P9->P12->P6->P7->P13->P2->P5->P1->P18->P17->P10->P20->P19->P16
corridor,12,DRF-RH-Light,20,242.0,503.33333333333337,120.55555555555556,168.59955942716135,20.0,42.21202799817547,P13->P11->P12->P8->P4->P3->P15->P14->P2->P9->P6->P1->P7->P18->P5->P10->P20->P19->P16->P17
corridor,13,AStarOnly,20,180.0,400.00000000000006,180.00000000000003,180.73029971045244,20.0,24.84329999424517,P17->P5->P2->P8->P19->P1->P14->P15->P3->P12->P4->P9->P11->P20->P10->P16->P6->P7->P18->P13
corridor,13,Proposed-Balanced,20,285.0,575.0000000000001,176.25,211.23254244027842,20.0,25.796931993681937,P17->P5->P19->P1->P8->P2->P14->P11->P9->P12->P4->P20->P16->P10->P6->P18->P7->P13->P3->P15
corridor,13,RH-Proposed-v2,20,238.0,496.66666666666674,112.08333333333334,193.01794698890015,20.0,517.9462300147861,P17->P8->P19->P1->P14->P12->P9->P4->P11->P20->P18->P10->P16->P6->P7->P3->P2->P5->P15->P13
corridor,13,Priority-Greedy,20,365.0,708.3333333333334,159.58333333333334,278.7147391225382,60.0,25.935775018297136,P11->P20->P16->P9->P12->P4->P19->P1->P5->P17->P8->P14->P3->P2->P18->P7->P6->P13->P10->P15
corridor,13,TSP-2opt,20,181.0,401.6666666666667,158.33333333333334,169.38726973642622,0.0,30.128394020721316,P5->P17->P2->P15->P14->P1->P19->P8->P12->P9->P4->P11->P7->P6->P16->P10->P20->P18->P13->P3
corridor,13,DRF-RH-Full,20,238.0,496.66666666666674,112.08333333333334,193.01794698890015,20.0,70.86539198644459,P17->P8->P19->P1->P14->P12->P9->P4->P11->P20->P18->P10->P16->P6->P7->P3->P2->P5->P15->P13
corridor,13,DRF-RH-Light,20,271.0,551.6666666666666,145.0,207.93232321604995,20.0,47.46680299285799,P17->P19->P1->P14->P8->P12->P11->P20->P18->P10->P7->P16->P6->P4->P9->P5->P2->P3->P13->P15
corridor,14,AStarOnly,20,151.0,351.6666666666667,215.0,193.26288843959057,20.0,24.224038003012538,P3->P5->P20->P14->P16->P12->P6->P17->P15->P1->P2->P19->P10->P4->P11->P18->P7->P13->P8->P9
corridor,14,Proposed-Balanced,20,287.0,578.3333333333333,158.0,211.40568748455172,40.0,24.606973049230874,P20->P14->P16->P4->P10->P13->P7->P18->P8->P2->P1->P6->P17->P5->P3->P15->P12->P19->P11->P9
corridor,14,RH-Proposed-v2,20,229.0,481.6666666666667,95.33333333333334,161.54252323500745,80.0,507.38154602004215,P20->P16->P6->P4->P13->P8->P7->P18->P10->P2->P1->P14->P3->P17->P15->P5->P12->P19->P11->P9
corridor,14,Priority-Greedy,20,326.0,643.3333333333335,131.00000000000003,221.92985232939392,80.0,24.79036303702742,P20->P4->P13->P16->P6->P2->P1->P7->P10->P8->P18->P9->P19->P14->P3->P17->P15->P12->P5->P11
corridor,14,TSP-2opt,20,153.0,355.0,173.66666666666669,165.33801393407052,20.0,29.721400002017617,P3->P5->P20->P14->P1->P2->P9->P8->P13->P7->P18->P11->P4->P10->P19->P16->P12->P6->P15->P17
corridor,14,DRF-RH-Full,20,229.0,481.6666666666667,90.33333333333334,159.3508555399896,80.0,72.9535139980726,P20->P16->P6->P4->P7->P13->P8->P18->P10->P2->P1->P14->P3->P17->P15->P5->P12->P19->P11->P9
corridor,14,DRF-RH-Light,20,224.0,473.3333333333333,90.33333333333334,156.19344750986986,80.0,46.522076008841395,P20->P16->P6->P4->P7->P13->P8->P9->P18->P10->P2->P1->P14->P3->P17->P15->P5->P12->P19->P11
corridor,15,AStarOnly,20,166.0,376.66666666666663,242.08333333333334,213.19588967299902,20.0,19.14437796222046,P12->P7->P4->P18->P17->P10->P8->P1->P19->P13->P16->P5->P3->P20->P9->P11->P14->P15->P2->P6
corridor,15,Proposed-Balanced,20,291.0,585.0,227.5,228.70809072750296,40.0,19.633723015431315,P4->P8->P15->P18->P7->P10->P1->P13->P16->P19->P5->P9->P20->P11->P14->P2->P6->P3->P17->P12
corridor,15,RH-Proposed-v2,20,250.0,516.6666666666667,138.75,167.94668650572922,20.0,435.61997200595215,P4->P15->P1->P8->P16->P11->P9->P14->P2->P18->P7->P12->P10->P13->P20->P3->P5->P19->P6->P17
corridor,15,Priority-Greedy,20,279.0,565.0000000000001,96.25,176.5142675918582,80.0,19.629638991318643,P7->P15->P4->P9->P14->P11->P8->P1->P16->P2->P18->P10->P20->P13->P5->P19->P3->P6->P17->P12
corridor,15,TSP-2opt,20,146.0,343.3333333333333,172.5,203.95848066729226,20.0,28.972172003705055,P12->P7->P6->P2->P1->P19->P3->P20->P11->P9->P14->P13->P5->P16->P8->P15->P4->P18->P17->P10
corridor,15,DRF-RH-Full,20,248.0,513.3333333333333,140.83333333333334,166.9019195944997,20.0,64.05045604333282,P4->P15->P1->P8->P11->P9->P14->P16->P2->P18->P10->P7->P12->P19->P20->P3->P13->P5->P6->P17
corridor,15,DRF-RH-Light,20,226.0,476.66666666666663,140.41666666666669,166.56877175548996,40.0,41.768110007978976,P4->P15->P1->P8->P9->P14->P11->P16->P2->P18->P10->P17->P7->P12->P19->P20->P3->P13->P5->P6
corridor,16,AStarOnly,20,172.0,386.6666666666667,93.88888888888887,194.59091336827598,40.0,21.296045975759625,P6->P11->P4->P13->P20->P14->P17->P12->P16->P19->P3->P2->P9->P5->P8->P1->P10->P18->P7->P15
corridor,16,Proposed-Balanced,20,244.0,506.6666666666667,76.66666666666667,211.46848563741412,40.0,21.52812696294859,P6->P11->P13->P20->P1->P14->P2->P3->P8->P9->P5->P16->P12->P17->P10->P4->P18->P7->P15->P19
corridor,16,RH-Proposed-v2,20,203.0,438.3333333333333,58.888888888888886,175.50067408728114,60.0,457.1356489905156,P11->P6->P14->P20->P2->P3->P8->P5->P13->P1->P10->P4->P18->P15->P7->P17->P16->P12->P19->P9
corridor,16,Priority-Greedy,20,271.0,551.6666666666667,102.77777777777779,238.26287234817477,40.0,21.83547697495669,P11->P2->P8->P14->P1->P6->P20->P13->P5->P3->P19->P18->P15->P7->P4->P10->P17->P16->P12->P9
corridor,16,TSP-2opt,20,146.0,343.3333333333333,149.44444444444443,167.63210303307622,20.0,25.276506028603762,P15->P7->P18->P4->P11->P6->P14->P13->P20->P17->P16->P12->P19->P3->P9->P2->P5->P8->P1->P10
corridor,16,DRF-RH-Full,20,205.0,441.6666666666667,61.666666666666664,173.79218318977914,40.0,68.13584204064682,P11->P6->P14->P20->P13->P2->P3->P8->P5->P1->P10->P18->P15->P7->P4->P17->P16->P12->P19->P9
corridor,16,DRF-RH-Light,20,203.0,438.3333333333333,57.22222222222222,177.45129026931502,60.0,45.03688198747113,P11->P6->P14->P2->P3->P8->P5->P20->P13->P17->P1->P10->P18->P7->P15->P4->P16->P12->P19->P9
corridor,17,AStarOnly,20,131.0,318.3333333333333,150.27777777777777,155.1644537033274,20.0,17.385563987772912,P11->P9->P2->P16->P20->P17->P3->P5->P18->P19->P4->P7->P10->P1->P12->P6->P15->P13->P14->P8
corridor,17,Proposed-Balanced,20,245.0,508.33333333333337,162.50000000000003,202.48114460942182,40.0,17.96903501963243,P11->P20->P17->P18->P3->P10->P13->P12->P1->P15->P6->P14->P5->P9->P16->P19->P2->P7->P4->P8
corridor,17,RH-Proposed-v2,20,179.0,398.3333333333333,72.77777777777777,163.21294653929834,80.0,386.76741800736636,P9->P17->P3->P5->P12->P13->P14->P15->P1->P6->P18->P19->P4->P20->P7->P2->P16->P11->P10->P8
corridor,17,Priority-Greedy,20,221.0,468.33333333333337,73.33333333333333,188.53962941975524,100.0,17.933288007043302,P9->P5->P17->P3->P13->P14->P15->P12->P19->P4->P18->P2->P20->P6->P1->P8->P10->P11->P7->P16
corridor,17,TSP-2opt,20,107.0,278.33333333333337,149.16666666666669,148.43341072464113,20.0,22.26785395760089,P2->P16->P9->P11->P7->P4->P19->P18->P5->P3->P17->P20->P6->P14->P13->P15->P1->P10->P12->P8
corridor,17,DRF-RH-Full,20,179.0,398.3333333333333,70.55555555555556,162.47511919777185,80.0,60.934366018045694,P9->P17->P3->P5->P15->P14->P13->P12->P1->P6->P18->P19->P4->P20->P7->P11->P2->P16->P10->P8
corridor,17,DRF-RH-Light,20,183.0,405.0,68.88888888888889,159.11961028903505,100.0,40.88660702109337,P9->P17->P3->P5->P13->P14->P15->P6->P12->P10->P1->P18->P19->P4->P20->P7->P11->P2->P16->P8
corridor,18,AStarOnly,20,163.0,371.66666666666663,94.16666666666669,134.8559453116324,40.0,20.281573000829667,P20->P7->P18->P6->P9->P5->P10->P19->P2->P4->P17->P15->P1->P13->P8->P3->P11->P14->P12->P16
corridor,18,Proposed-Balanced,20,273.0,554.9999999999999,197.5,237.26683691793278,40.0,20.161268999800086,P6->P20->P7->P8->P11->P14->P4->P17->P13->P1->P10->P16->P19->P15->P18->P9->P5->P2->P3->P12
corridor,18,RH-Proposed-v2,20,243.0,505.0,160.83333333333334,190.99938823483683,20.0,460.13183798640966,P10->P4->P17->P15->P13->P1->P8->P11->P6->P18->P7->P20->P9->P5->P19->P2->P14->P3->P12->P16
corridor,18,Priority-Greedy,20,253.0,521.6666666666666,138.75,200.7072447791027,40.0,20.190931973047554,P10->P4->P8->P11->P17->P15->P18->P20->P9->P5->P7->P6->P19->P13->P1->P12->P14->P3->P2->P16
corridor,18,TSP-2opt,20,151.0,351.66666666666663,97.08333333333333,130.2137298374287,40.0,24.68249900266528,P20->P9->P5->P18->P7->P6->P10->P19->P2->P15->P17->P4->P1->P13->P8->P3->P14->P11->P12->P16
corridor,18,DRF-RH-Full,20,195.0,425.0,55.41666666666667,140.27991338057777,60.0,64.98801300767809,P20->P18->P10->P19->P4->P17->P15->P13->P8->P11->P14->P3->P1->P6->P7->P9->P5->P16->P2->P12
corridor,18,DRF-RH-Light,20,215.0,458.3333333333333,54.16666666666667,148.2122148473384,60.0,41.28870501881465,P20->P18->P10->P4->P17->P15->P13->P8->P3->P11->P1->P19->P6->P7->P9->P5->P16->P2->P12->P14
corridor,19,AStarOnly,20,136.0,326.6666666666667,169.58333333333334,150.9410432830182,0.0,20.268635009415448,P15->P12->P18->P8->P16->P13->P14->P9->P6->P1->P3->P2->P17->P20->P7->P11->P10->P19->P5->P4
corridor,19,Proposed-Balanced,20,208.0,446.6666666666667,231.25,213.22811929807966,20.0,20.501267979852855,P15->P9->P1->P3->P17->P11->P20->P19->P4->P2->P6->P13->P16->P8->P14->P18->P12->P7->P10->P5
corridor,19,RH-Proposed-v2,20,196.0,426.66666666666663,126.66666666666667,178.5356542406297,40.0,405.6531229871325,P15->P18->P13->P1->P9->P3->P2->P19->P20->P11->P7->P4->P6->P14->P8->P12->P16->P17->P10->P5
corridor,19,Priority-Greedy,20,214.0,456.66666666666674,171.66666666666669,240.19767005221945,40.0,19.573588971979916,P1->P19->P4->P3->P20->P11->P7->P2->P9->P6->P14->P13->P15->P18->P8->P12->P16->P17->P10->P5
corridor,19,TSP-2opt,20,116.0,293.3333333333333,154.16666666666666,147.44212422851507,0.0,25.2972089801915,P15->P12->P18->P8->P16->P13->P14->P6->P9->P1->P2->P10->P19->P5->P20->P11->P7->P17->P3->P4
corridor,19,DRF-RH-Full,20,198.0,430.0,125.0,164.46965926589917,40.0,69.93730395333841,P15->P18->P13->P14->P1->P9->P3->P2->P19->P20->P7->P11->P17->P4->P6->P8->P12->P16->P10->P5
corridor,19,DRF-RH-Light,20,208.0,446.66666666666663,152.91666666666669,179.94160567155458,20.0,42.42805001558736,P15->P14->P13->P18->P9->P1->P4->P3->P2->P19->P20->P7->P11->P17->P6->P8->P12->P16->P10->P5
room_corridor,0,AStarOnly,20,203.0,438.3333333333333,197.0,227.40809971981682,40.0,41.78070602938533,P1->P6->P7->P9->P19->P14->P18->P3->P2->P15->P16->P10->P5->P12->P20->P17->P8->P13->P4->P11
room_corridor,0,Proposed-Balanced,20,255.0,525.0,223.66666666666666,247.17455221588443,40.0,41.81099700508639,P18->P3->P2->P16->P15->P10->P5->P6->P7->P9->P14->P19->P1->P12->P17->P20->P8->P4->P11->P13
room_corridor,0,RH-Proposed-v2,20,300.0,599.9999999999999,140.0,232.47342862892677,60.0,953.2196950167418,P6->P3->P18->P2->P15->P16->P1->P14->P19->P4->P11->P12->P20->P17->P8->P13->P7->P9->P10->P5
room_corridor,0,Priority-Greedy,20,412.0,786.6666666666667,190.66666666666666,311.89097894525247,60.0,42.30156703852117,P2->P3->P18->P4->P11->P14->P6->P7->P1->P19->P16->P15->P17->P8->P12->P20->P13->P10->P9->P5
room_corridor,0,TSP-2opt,20,201.0,434.9999999999999,199.33333333333331,235.01539754491608,20.0,45.149844023399055,P9->P7->P6->P1->P14->P19->P3->P18->P13->P4->P11->P12->P20->P17->P8->P5->P15->P2->P16->P10
room_corridor,0,DRF-RH-Full,20,274.0,556.6666666666666,149.0,226.50533022392906,60.0,99.38488301122561,P6->P3->P18->P15->P2->P16->P1->P14->P19->P7->P9->P4->P11->P12->P20->P17->P8->P13->P10->P5
room_corridor,0,DRF-RH-Light,20,287.0,578.3333333333334,151.0,234.01095526080405,60.0,71.97821099543944,P6->P3->P18->P15->P2->P16->P1->P19->P14->P7->P9->P12->P4->P11->P20->P17->P8->P13->P5->P10
room_corridor,1,AStarOnly,20,228.0,480.0,328.75,277.5347493894343,0.0,48.445349966641515,P3->P19->P20->P18->P11->P1->P5->P2->P17->P15->P4->P7->P14->P13->P8->P12->P16->P6->P10->P9
room_corridor,1,Proposed-Balanced,20,287.0,578.3333333333334,310.0,295.26940411080966,20.0,46.605440962594,P5->P2->P17->P19->P16->P6->P10->P9->P12->P15->P4->P14->P7->P8->P13->P20->P18->P11->P1->P3
room_corridor,1,RH-Proposed-v2,20,333.0,655.0,118.75,243.19383390286393,80.0,986.017188988626,P14->P7->P15->P16->P12->P6->P10->P9->P19->P20->P18->P11->P1->P2->P5->P3->P17->P8->P13->P4
room_corridor,1,Priority-Greedy,20,383.0,738.3333333333334,160.83333333333334,302.36053969755704,80.0,45.498470950406045,P16->P14->P7->P15->P12->P6->P10->P9->P8->P2->P19->P20->P11->P1->P18->P5->P3->P17->P13->P4
room_corridor,1,TSP-2opt,20,244.0,506.6666666666666,248.74999999999994,250.31248753538637,0.0,51.51701800059527,P3->P19->P20->P18->P11->P1->P5->P15->P4->P7->P14->P13->P8->P12->P16->P6->P10->P9->P2->P17
room_corridor,1,DRF-RH-Full,20,307.0,611.6666666666666,118.75,238.8951610126786,80.0,110.9913939726539,P14->P7->P15->P16->P12->P6->P10->P9->P19->P20->P18->P11->P1->P2->P17->P5->P3->P8->P13->P4
room_corridor,1,DRF-RH-Light,20,323.0,638.3333333333334,118.75,244.17989108719607,80.0,79.39401501789689,P14->P7->P15->P16->P12->P6->P10->P9->P19->P20->P18->P11->P1->P13->P8->P5->P2->P17->P3->P4
room_corridor,2,AStarOnly,20,245.0,508.33333333333337,323.33333333333337,246.84113476415618,0.0,33.71542802779004,P19->P18->P16->P17->P5->P4->P11->P14->P8->P20->P12->P10->P3->P13->P2->P6->P7->P15->P9->P1
room_corridor,2,Proposed-Balanced,20,277.0,561.6666666666667,310.0,264.01357601303476,0.0,34.06340000219643,P19->P18->P5->P17->P16->P4->P11->P14->P20->P10->P12->P2->P7->P6->P15->P8->P13->P3->P9->P1
room_corridor,2,RH-Proposed-v2,20,311.0,618.3333333333334,137.5,238.98344721780842,20.0,777.3479460156523,P19->P14->P12->P20->P10->P13->P6->P7->P2->P17->P5->P16->P4->P11->P18->P8->P3->P9->P15->P1
room_corridor,2,Priority-Greedy,20,357.0,695.0,105.83333333333333,282.20482821536115,40.0,34.81738601112738,P19->P20->P12->P7->P14->P10->P13->P5->P17->P4->P11->P18->P16->P6->P9->P2->P15->P8->P3->P1
room_corridor,2,TSP-2opt,20,195.0,425.0,319.1666666666667,249.30917691029447,0.0,40.04086001077667,P1->P18->P11->P4->P5->P17->P16->P19->P14->P8->P12->P13->P3->P10->P20->P2->P15->P7->P6->P9
room_corridor,2,DRF-RH-Full,20,319.0,631.6666666666666,143.33333333333334,241.6395999884228,20.0,99.79101800126955,P19->P14->P20->P12->P10->P13->P6->P7->P2->P17->P5->P16->P4->P11->P18->P9->P8->P3->P15->P1
room_corridor,2,DRF-RH-Light,20,295.0,591.6666666666667,110.83333333333331,241.8080009551323,40.0,67.00456398539245,P19->P14->P20->P12->P7->P6->P2->P17->P5->P16->P18->P4->P11->P10->P13->P3->P8->P9->P15->P1
room_corridor,3,AStarOnly,20,212.0,453.33333333333337,279.58333333333337,231.38749211300942,20.0,39.502630999777466,P4->P11->P17->P12->P2->P15->P18->P5->P20->P13->P7->P9->P16->P10->P14->P1->P6->P19->P8->P3
room_corridor,3,Proposed-Balanced,20,250.0,516.6666666666666,255.41666666666666,243.44716643558556,40.0,43.06726501090452,P7->P13->P14->P1->P16->P10->P9->P11->P17->P4->P2->P18->P15->P12->P5->P20->P6->P19->P8->P3
room_corridor,3,RH-Proposed-v2,20,299.0,598.3333333333334,201.66666666666669,227.7444069742227,40.0,883.0582989612594,P14->P1->P13->P16->P10->P9->P2->P18->P15->P11->P17->P7->P6->P19->P8->P3->P20->P4->P12->P5
room_corridor,3,Priority-Greedy,20,517.0,961.6666666666667,191.25,281.34708006634156,40.0,43.048157007433474,P16->P14->P1->P13->P9->P11->P2->P18->P19->P17->P10->P7->P6->P3->P15->P12->P4->P20->P5->P8
room_corridor,3,TSP-2opt,20,213.0,455.0,262.9166666666667,238.39933235137707,0.0,52.849932049866766,P4->P11->P17->P9->P10->P16->P14->P1->P3->P8->P19->P6->P7->P13->P20->P12->P2->P15->P18->P5
room_corridor,3,DRF-RH-Full,20,319.0,631.6666666666669,185.83333333333337,237.04947559643384,40.0,97.81631198711693,P16->P13->P14->P1->P9->P2->P15->P18->P11->P17->P7->P19->P8->P3->P6->P10->P20->P4->P12->P5
room_corridor,3,DRF-RH-Light,20,321.0,635.0000000000001,187.91666666666669,236.4028847827243,40.0,71.40912802424282,P16->P13->P14->P1->P9->P2->P15->P18->P11->P17->P20->P7->P19->P8->P3->P6->P10->P4->P12->P5
room_corridor,4,AStarOnly,20,252.0,520.0,246.94444444444446,282.8930758593862,40.0,43.822741019539535,P16->P10->P14->P5->P8->P11->P2->P9->P12->P17->P7->P3->P15->P20->P6->P1->P18->P4->P13->P19
room_corridor,4,Proposed-Balanced,20,250.0,516.6666666666667,230.0,271.45284225254886,40.0,44.31988199939951,P16->P2->P12->P9->P14->P5->P8->P11->P10->P7->P3->P17->P15->P20->P6->P4->P18->P1->P13->P19
room_corridor,4,RH-Proposed-v2,20,316.0,626.6666666666666,155.83333333333334,227.89437837296066,60.0,905.7994629838504,P16->P2->P12->P9->P5->P8->P13->P19->P4->P20->P6->P18->P1->P14->P11->P7->P15->P17->P3->P10
room_corridor,4,Priority-Greedy,20,406.0,776.6666666666666,147.2222222222222,247.3607747732427,80.0,41.88719199737534,P2->P12->P5->P8->P19->P13->P4->P6->P20->P16->P15->P7->P3->P14->P11->P9->P18->P1->P10->P17
room_corridor,4,TSP-2opt,20,240.0,499.99999999999994,219.44444444444443,235.26944939105078,20.0,50.02345400862396,P4->P18->P1->P6->P20->P10->P14->P5->P8->P11->P16->P2->P9->P12->P7->P3->P17->P15->P13->P19
room_corridor,4,DRF-RH-Full,20,302.0,603.3333333333334,158.61111111111111,227.4772282766897,60.0,103.26380503829569,P16->P2->P12->P9->P5->P8->P11->P13->P19->P4->P20->P6->P18->P1->P14->P7->P15->P17->P3->P10
room_corridor,4,DRF-RH-Light,20,314.0,623.3333333333334,161.3888888888889,229.28985493412105,80.0,72.8951150085777,P2->P12->P16->P5->P8->P11->P14->P6->P4->P20->P1->P18->P13->P19->P9->P7->P15->P17->P3->P10
room_corridor,5,AStarOnly,20,235.0,491.66666666666663,216.16666666666669,236.66674385865446,80.0,41.527652996592224,P1->P12->P10->P18->P6->P2->P14->P13->P3->P17->P15->P11->P20->P4->P16->P8->P7->P19->P9->P5
room_corridor,5,Proposed-Balanced,20,275.0,558.3333333333334,199.6666666666667,246.2236215362443,100.0,40.567553020082414,P6->P18->P10->P12->P14->P17->P15->P3->P11->P20->P13->P19->P5->P9->P4->P16->P8->P7->P1->P2
room_corridor,5,RH-Proposed-v2,20,289.0,581.6666666666667,159.33333333333334,215.00456813829348,100.0,849.4001849903725,P12->P10->P6->P18->P14->P17->P15->P3->P11->P8->P7->P16->P4->P19->P5->P9->P13->P20->P1->P2
room_corridor,5,Priority-Greedy,20,439.0,831.6666666666667,206.33333333333334,288.05190820705735,100.0,44.54303102102131,P6->P10->P12->P14->P17->P15->P11->P7->P8->P5->P19->P16->P18->P1->P3->P20->P4->P9->P13->P2
room_corridor,5,TSP-2opt,20,253.0,521.6666666666666,300.83333333333337,281.7827258164006,40.0,63.629683980252594,P1->P20->P11->P15->P17->P13->P3->P14->P7->P8->P16->P4->P19->P9->P5->P12->P6->P18->P10->P2
room_corridor,5,DRF-RH-Full,20,289.0,581.6666666666667,157.00000000000003,213.5325744536671,100.0,94.71346897771582,P12->P10->P18->P6->P14->P17->P15->P3->P11->P8->P7->P16->P4->P19->P5->P9->P13->P20->P1->P2
room_corridor,5,DRF-RH-Light,20,261.0,535.0,173.33333333333337,213.91353375923075,100.0,67.75574403582141,P12->P10->P18->P6->P14->P3->P15->P17->P13->P8->P7->P16->P4->P19->P5->P9->P11->P20->P1->P2
room_corridor,6,AStarOnly,20,230.0,483.3333333333333,210.83333333333331,232.96449710926794,40.0,32.68175799166784,P12->P16->P19->P4->P14->P3->P15->P11->P10->P9->P2->P18->P20->P17->P13->P1->P8->P7->P6->P5
room_corridor,6,Proposed-Balanced,20,253.0,521.6666666666667,204.16666666666666,231.71696806049295,40.0,32.7613620320335,P12->P16->P19->P4->P14->P3->P18->P20->P17->P10->P2->P9->P15->P1->P13->P11->P8->P5->P7->P6
room_corridor,6,RH-Proposed-v2,20,285.0,575.0,162.08333333333334,205.61732641469604,80.0,739.1304490156472,P12->P14->P18->P20->P13->P15->P1->P9->P2->P10->P11->P3->P8->P5->P6->P7->P16->P19->P4->P17
room_corridor,6,Priority-Greedy,20,372.0,719.9999999999999,144.16666666666669,224.01085914017307,100.0,35.0124150281772,P12->P18->P20->P13->P1->P2->P9->P14->P5->P16->P15->P10->P17->P3->P11->P8->P6->P19->P4->P7
room_corridor,6,TSP-2opt,20,217.0,461.66666666666663,233.54166666666666,248.99047337458936,40.0,43.36436802987009,P16->P19->P4->P12->P5->P15->P11->P10->P9->P2->P1->P18->P20->P17->P13->P3->P14->P8->P7->P6
room_corridor,6,DRF-RH-Full,20,277.0,561.6666666666666,154.79166666666669,199.9072208100162,80.0,84.86593997804448,P12->P14->P18->P20->P13->P15->P1->P9->P10->P2->P11->P3->P8->P5->P16->P19->P4->P6->P7->P17
room_corridor,6,DRF-RH-Light,20,281.0,568.3333333333333,155.62500000000003,201.10808497538105,80.0,58.060926967300475,P12->P14->P18->P20->P13->P1->P15->P10->P9->P2->P11->P3->P5->P8->P16->P19->P4->P6->P7->P17
room_corridor,7,AStarOnly,20,193.0,421.66666666666674,179.33333333333331,198.37245168114347,40.0,37.837490963283926,P3->P17->P20->P2->P10->P4->P13->P14->P9->P6->P18->P5->P19->P16->P8->P11->P1->P12->P15->P7
room_corridor,7,Proposed-Balanced,20,254.0,523.3333333333334,179.66666666666669,225.7164623055007,40.0,36.91667097155005,P3->P17->P2->P10->P4->P13->P6->P9->P5->P18->P14->P16->P19->P8->P11->P1->P12->P15->P7->P20
room_corridor,7,RH-Proposed-v2,20,264.0,540.0,83.00000000000001,247.64051886068773,80.0,773.6951939878054,P17->P2->P13->P16->P8->P12->P1->P11->P15->P7->P3->P4->P10->P19->P5->P9->P6->P18->P14->P20
room_corridor,7,Priority-Greedy,20,388.0,746.6666666666665,173.33333333333334,320.79395261613587,60.0,36.30391199840233,P13->P16->P12->P8->P7->P4->P2->P17->P3->P10->P5->P6->P9->P19->P20->P11->P1->P15->P14->P18
room_corridor,7,TSP-2opt,20,212.0,453.3333333333334,130.33333333333331,196.34891125519462,60.0,41.6237449971959,P17->P20->P2->P3->P13->P14->P18->P6->P9->P5->P19->P16->P12->P1->P11->P8->P15->P7->P4->P10
room_corridor,7,DRF-RH-Full,20,268.0,546.6666666666667,83.00000000000001,249.4003991285352,80.0,90.6294789747335,P17->P2->P13->P16->P8->P12->P1->P11->P15->P7->P3->P4->P10->P5->P9->P6->P18->P14->P19->P20
room_corridor,7,DRF-RH-Light,20,229.0,481.66666666666674,132.0,209.08219288266642,60.0,64.75690001389012,P17->P3->P13->P2->P20->P4->P10->P19->P16->P8->P11->P12->P1->P15->P7->P5->P9->P6->P18->P14
room_corridor,8,AStarOnly,20,234.0,490.0,262.77777777777777,237.38919728041432,20.0,42.66221000580117,P19->P4->P10->P16->P9->P11->P14->P20->P2->P13->P5->P15->P7->P6->P18->P17->P12->P3->P1->P8
room_corridor,8,Proposed-Balanced,20,337.0,661.6666666666666,265.0,318.39356977211725,60.0,43.13171695685014,P20->P2->P13->P5->P15->P7->P4->P16->P11->P9->P10->P14->P17->P18->P12->P6->P8->P1->P3->P19
room_corridor,8,RH-Proposed-v2,20,312.0,620.0,219.1666666666667,279.84283749124404,40.0,986.074992979411,P11->P9->P20->P8->P6->P17->P12->P18->P2->P13->P5->P15->P7->P4->P16->P10->P14->P19->P1->P3
room_corridor,8,Priority-Greedy,20,458.0,863.3333333333333,241.11111111111111,373.26612565135156,80.0,45.114331995137036,P8->P17->P2->P5->P11->P9->P16->P1->P6->P20->P13->P15->P7->P4->P10->P14->P19->P18->P12->P3
room_corridor,8,TSP-2opt,20,217.0,461.6666666666667,233.88888888888883,214.74513335967788,20.0,47.4229299579747,P19->P4->P14->P11->P9->P16->P10->P2->P13->P20->P6->P18->P12->P17->P8->P1->P3->P5->P15->P7
room_corridor,8,DRF-RH-Full,20,322.0,636.6666666666666,241.66666666666666,268.6189256435906,40.0,106.42975498922169,P11->P9->P16->P2->P20->P8->P6->P17->P12->P18->P5->P15->P7->P4->P10->P14->P19->P13->P1->P3
room_corridor,8,DRF-RH-Light,20,312.0,620.0000000000001,243.05555555555557,255.31355112545026,40.0,74.86777997110039,P11->P9->P16->P10->P2->P20->P8->P6->P18->P17->P12->P5->P7->P15->P4->P14->P19->P13->P1->P3
room_corridor,9,AStarOnly,20,198.0,429.99999999999994,263.6111111111111,239.55638739338988,0.0,38.97300997050479,P10->P19->P7->P15->P17->P8->P14->P4->P2->P12->P1->P18->P20->P16->P11->P13->P3->P6->P5->P9
room_corridor,9,Proposed-Balanced,20,279.0,565.0000000000001,144.16666666666669,229.5485654427711,60.0,41.41539300326258,P4->P12->P1->P20->P16->P18->P11->P13->P9->P6->P5->P14->P8->P17->P15->P7->P10->P19->P2->P3
room_corridor,9,RH-Proposed-v2,20,352.0,686.6666666666666,164.72222222222226,246.15038460325204,80.0,922.1482690190896,P4->P12->P18->P20->P14->P6->P9->P8->P17->P7->P19->P10->P1->P11->P3->P13->P16->P2->P5->P15
room_corridor,9,Priority-Greedy,20,427.0,811.6666666666666,157.22222222222223,299.4830000513501,80.0,42.007598967757076,P4->P20->P12->P6->P9->P18->P11->P8->P14->P1->P16->P2->P10->P19->P17->P7->P15->P5->P13->P3
room_corridor,9,TSP-2opt,20,184.0,406.66666666666663,246.38888888888889,225.73141435176942,0.0,44.2097139894031,P10->P19->P7->P15->P8->P17->P14->P2->P4->P12->P18->P1->P20->P16->P11->P13->P3->P6->P5->P9
room_corridor,9,DRF-RH-Full,20,315.0,624.9999999999999,170.0,235.90512356103218,80.0,95.76688299421221,P4->P12->P18->P20->P1->P14->P6->P9->P8->P17->P7->P15->P19->P10->P2->P11->P13->P3->P16->P5
room_corridor,9,DRF-RH-Light,20,303.0,605.0,162.50000000000003,232.51607120328285,80.0,71.50922302389517,P4->P12->P18->P1->P20->P6->P9->P14->P19->P10->P8->P17->P15->P7->P11->P13->P3->P16->P2->P5
room_corridor,10,AStarOnly,20,259.0,531.6666666666669,261.9444444444445,251.48439916872087,40.0,45.317965967115015,P3->P9->P5->P6->P13->P2->P17->P4->P14->P15->P20->P10->P8->P19->P7->P12->P18->P11->P1->P16
room_corridor,10,Proposed-Balanced,20,259.0,531.6666666666669,161.3888888888889,233.75960590526563,80.0,45.20956700434908,P18->P11->P3->P9->P5->P6->P13->P2->P17->P4->P15->P10->P8->P20->P14->P7->P12->P19->P1->P16
room_corridor,10,RH-Proposed-v2,20,309.0,615.0000000000001,100.55555555555556,210.38958942544815,100.0,869.0466200350784,P11->P18->P3->P5->P15->P14->P4->P7->P2->P17->P10->P8->P20->P12->P19->P9->P6->P13->P1->P16
room_corridor,10,Priority-Greedy,20,433.0,821.6666666666667,163.61111111111111,288.11271202147196,80.0,44.20052299974486,P18->P11->P15->P14->P5->P7->P17->P2->P3->P1->P4->P10->P8->P20->P6->P9->P12->P19->P13->P16
room_corridor,10,TSP-2opt,20,222.0,470.00000000000006,210.83333333333334,263.8407993417788,60.0,50.13273097574711,P18->P11->P16->P1->P3->P13->P6->P5->P9->P2->P17->P4->P14->P15->P20->P10->P8->P7->P19->P12
room_corridor,10,DRF-RH-Full,20,351.0,685.0000000000001,100.55555555555556,216.45778776735318,100.0,102.00407600495964,P11->P18->P3->P5->P15->P14->P4->P7->P2->P17->P6->P9->P10->P8->P20->P12->P19->P1->P16->P13
room_corridor,10,DRF-RH-Light,20,335.0,658.3333333333334,125.83333333333333,234.02931782692943,80.0,83.2369290292263,P3->P5->P15->P14->P7->P4->P18->P11->P2->P17->P9->P10->P8->P20->P12->P19->P6->P13->P1->P16
room_corridor,11,AStarOnly,20,266.0,543.3333333333333,246.19047619047618,275.2245296558571,60.0,48.36213996168226,P8->P4->P16->P13->P3->P5->P6->P14->P2->P10->P20->P19->P15->P1->P18->P9->P17->P7->P11->P12
room_corridor,11,Proposed-Balanced,20,350.0,683.3333333333333,346.6666666666666,322.6970134074159,40.0,50.5248669651337,P4->P16->P13->P10->P2->P19->P18->P17->P9->P12->P11->P15->P7->P1->P6->P14->P8->P3->P5->P20
room_corridor,11,RH-Proposed-v2,20,279.0,565.0,263.3333333333333,272.87486439373106,60.0,977.942481986247,P4->P16->P13->P10->P20->P19->P2->P17->P9->P18->P15->P12->P11->P7->P1->P6->P14->P8->P3->P5
room_corridor,11,Priority-Greedy,20,439.0,831.6666666666666,311.6666666666666,363.4694091864228,40.0,48.71491197263822,P4->P18->P17->P9->P10->P20->P6->P14->P3->P16->P13->P19->P12->P11->P7->P15->P1->P8->P2->P5
room_corridor,11,TSP-2opt,20,245.0,508.33333333333326,234.04761904761904,258.6982514899065,60.0,53.7503800005652,P13->P16->P4->P5->P3->P8->P2->P19->P10->P20->P6->P14->P15->P1->P7->P11->P12->P17->P9->P18
room_corridor,11,DRF-RH-Full,20,375.0,725.0,238.57142857142853,286.6762225380157,60.0,113.61500801285729,P4->P16->P13->P10->P20->P17->P9->P18->P12->P11->P7->P15->P6->P14->P3->P8->P19->P2->P5->P1
room_corridor,11,DRF-RH-Light,20,309.0,614.9999999999999,255.23809523809524,295.3994517392844,60.0,83.45789497252554,P16->P4->P13->P10->P20->P18->P9->P17->P15->P12->P7->P11->P1->P6->P14->P19->P2->P8->P3->P5
room_corridor,12,AStarOnly,20,252.0,520.0,220.00000000000003,242.10888455729665,20.0,49.09040202619508,P18->P20->P8->P15->P11->P1->P3->P5->P2->P17->P19->P12->P9->P6->P16->P14->P4->P13->P7->P10
room_corridor,12,Proposed-Balanced,20,303.0,605.0,264.44444444444446,276.5486478180421,20.0,46.31809302372858,P18->P10->P15->P8->P11->P17->P1->P3->P5->P14->P7->P13->P4->P6->P16->P12->P9->P2->P19->P20
room_corridor,12,RH-Proposed-v2,20,304.0,606.6666666666667,110.55555555555559,243.10466204312,40.0,1063.8073669979349,P18->P11->P17->P1->P7->P14->P6->P16->P9->P12->P13->P4->P15->P8->P20->P10->P2->P19->P3->P5
room_corridor,12,Priority-Greedy,20,409.0,781.6666666666666,83.33333333333334,282.44011305720267,60.0,46.685848967172205,P18->P11->P17->P6->P7->P14->P1->P5->P10->P15->P8->P12->P16->P9->P13->P4->P2->P19->P3->P20
room_corridor,12,TSP-2opt,20,244.0,506.66666666666674,350.0,281.3175842456636,0.0,69.53274604165927,P15->P8->P20->P18->P7->P14->P13->P4->P16->P6->P9->P12->P19->P17->P2->P5->P3->P1->P11->P10
room_corridor,12,DRF-RH-Full,20,304.0,606.6666666666667,110.55555555555559,243.10466204312,40.0,107.56703198421746,P18->P11->P17->P1->P7->P14->P6->P16->P9->P12->P13->P4->P15->P8->P20->P10->P2->P19->P3->P5
room_corridor,12,DRF-RH-Light,20,316.0,626.6666666666667,162.7777777777778,240.292242844281,40.0,86.56117098871619,P18->P11->P1->P6->P12->P7->P14->P4->P13->P9->P16->P17->P2->P10->P20->P15->P8->P5->P3->P19
room_corridor,13,AStarOnly,20,275.0,558.3333333333334,157.08333333333337,265.00686823307046,40.0,50.537133996840566,P2->P15->P10->P14->P16->P4->P19->P6->P3->P9->P13->P17->P5->P12->P1->P20->P7->P18->P8->P11
room_corridor,13,Proposed-Balanced,20,379.0,731.6666666666667,160.41666666666669,314.78837823965415,40.0,50.998746999539435,P2->P15->P16->P10->P14->P4->P9->P13->P3->P6->P17->P5->P12->P19->P1->P7->P8->P18->P11->P20
room_corridor,13,RH-Proposed-v2,20,318.0,630.0,191.25,271.2441913240071,40.0,1147.0075210090727,P15->P16->P19->P6->P10->P14->P9->P13->P3->P1->P7->P20->P18->P8->P11->P2->P17->P12->P5->P4
room_corridor,13,Priority-Greedy,20,461.0,868.3333333333334,135.41666666666669,327.2906304328499,80.0,50.39276898605749,P9->P15->P16->P13->P17->P5->P12->P1->P7->P8->P18->P19->P6->P10->P3->P2->P14->P4->P11->P20
room_corridor,13,TSP-2opt,20,259.0,531.6666666666666,221.66666666666669,269.9034687501974,20.0,61.08138500712812,P18->P8->P11->P16->P4->P19->P6->P10->P14->P15->P2->P3->P9->P13->P17->P12->P5->P1->P20->P7
room_corridor,13,DRF-RH-Full,20,383.0,738.3333333333333,200.41666666666666,305.85688542005875,60.0,117.46909603243694,P15->P16->P9->P13->P3->P19->P4->P1->P7->P20->P8->P18->P6->P10->P14->P2->P17->P12->P5->P11
room_corridor,13,DRF-RH-Light,20,331.0,651.6666666666666,187.08333333333337,284.4716565070029,60.0,85.66769899334759,P15->P16->P9->P13->P3->P10->P6->P19->P4->P1->P20->P7->P18->P8->P11->P2->P17->P12->P5->P14
room_corridor,14,AStarOnly,20,216.0,460.0,237.66666666666669,206.31767035940706,20.0,59.30773797444999,P17->P4->P10->P2->P1->P9->P11->P20->P15->P5->P6->P14->P12->P19->P7->P8->P13->P3->P16->P18
room_corridor,14,Proposed-Balanced,20,301.0,601.6666666666667,230.0,234.8547383514317,40.0,59.022447967436165,P5->P15->P17->P1->P2->P11->P9->P20->P10->P4->P14->P7->P8->P19->P3->P16->P18->P12->P6->P13
room_corridor,14,RH-Proposed-v2,20,347.0,678.3333333333334,182.33333333333334,228.45897079088607,40.0,1259.8251140443608,P17->P5->P11->P1->P2->P9->P14->P7->P8->P19->P3->P16->P18->P15->P4->P10->P20->P6->P12->P13
room_corridor,14,Priority-Greedy,20,441.0,835.0000000000001,178.66666666666669,295.7226620898481,80.0,61.64626299869269,P5->P17->P1->P14->P7->P8->P3->P2->P11->P9->P4->P20->P10->P15->P19->P13->P18->P16->P12->P6
room_corridor,14,TSP-2opt,20,206.0,443.3333333333333,231.00000000000006,199.89735326090076,20.0,70.55103598395362,P17->P4->P9->P2->P1->P10->P20->P11->P15->P5->P14->P6->P12->P19->P7->P13->P8->P3->P16->P18
room_corridor,14,DRF-RH-Full,20,339.0,665.0000000000001,201.0,226.984382638531,40.0,145.73584601748735,P17->P5->P11->P1->P2->P9->P7->P8->P19->P3->P16->P18->P14->P6->P4->P10->P20->P15->P12->P13
room_corridor,14,DRF-RH-Light,20,343.0,671.6666666666667,210.33333333333334,211.0609694526371,20.0,112.10227204719558,P17->P1->P2->P9->P11->P4->P5->P7->P8->P19->P3->P16->P18->P14->P6->P15->P20->P10->P12->P13
room_corridor,15,AStarOnly,20,252.0,520.0,212.4074074074074,222.92967964076445,40.0,51.254838006570935,P6->P19->P16->P13->P11->P4->P14->P12->P1->P15->P18->P10->P9->P3->P17->P8->P7->P2->P5->P20
room_corridor,15,Proposed-Balanced,20,351.0,685.0000000000001,357.2222222222223,321.29809157405765,40.0,43.85334701510146,P10->P15->P9->P18->P1->P12->P8->P7->P17->P20->P5->P3->P6->P11->P14->P4->P16->P13->P19->P2
room_corridor,15,RH-Proposed-v2,20,304.0,606.6666666666665,203.70370370370372,235.55378917969327,60.0,964.2103730002418,P6->P10->P18->P9->P15->P3->P12->P17->P14->P4->P11->P16->P13->P19->P1->P7->P2->P8->P20->P5
room_corridor,15,Priority-Greedy,20,414.0,790.0,243.33333333333334,293.2170331365216,60.0,43.332861037924886,P10->P9->P3->P18->P15->P6->P14->P4->P11->P17->P12->P20->P5->P8->P7->P13->P16->P1->P2->P19
room_corridor,15,TSP-2opt,20,232.0,486.6666666666667,243.5185185185185,247.11924463717534,40.0,53.70398500235751,P6->P19->P16->P13->P11->P4->P14->P2->P7->P8->P12->P1->P3->P15->P18->P10->P9->P17->P5->P20
room_corridor,15,DRF-RH-Full,20,304.0,606.6666666666665,202.22222222222223,230.3337502716011,60.0,108.73791400808841,P6->P12->P10->P18->P15->P3->P9->P17->P14->P4->P11->P16->P13->P19->P1->P7->P2->P8->P20->P5
room_corridor,15,DRF-RH-Light,20,304.0,606.6666666666666,218.14814814814815,235.9488933836028,60.0,78.17996095400304,P14->P4->P11->P12->P10->P18->P15->P3->P9->P1->P17->P6->P19->P16->P13->P8->P7->P2->P20->P5
room_corridor,16,AStarOnly,20,234.0,490.0000000000001,158.33333333333334,201.69391220026776,20.0,39.74834602558985,P4->P6->P15->P14->P7->P9->P18->P20->P16->P8->P10->P13->P17->P12->P5->P11->P1->P3->P2->P19
room_corridor,16,Proposed-Balanced,20,312.0,620.0000000000001,293.3333333333334,290.19581925210576,20.0,38.365314016118646,P12->P11->P1->P3->P13->P8->P16->P20->P18->P10->P9->P7->P14->P15->P4->P6->P2->P19->P17->P5
room_corridor,16,RH-Proposed-v2,20,324.0,640.0,75.00000000000001,197.4569536981158,40.0,881.9235029513948,P14->P9->P18->P8->P16->P20->P13->P7->P12->P1->P11->P3->P15->P4->P6->P19->P2->P10->P17->P5
room_corridor,16,Priority-Greedy,20,300.0,600.0000000000001,77.22222222222221,211.06529553270283,60.0,39.035644964315,P13->P14->P9->P8->P16->P20->P18->P7->P15->P4->P6->P19->P2->P11->P1->P3->P12->P5->P17->P10
room_corridor,16,TSP-2opt,20,230.0,483.3333333333334,166.11111111111111,221.2943470553663,20.0,44.09576999023557,P4->P6->P15->P14->P17->P13->P10->P8->P16->P20->P18->P9->P7->P12->P5->P1->P11->P3->P19->P2
room_corridor,16,DRF-RH-Full,20,358.0,696.6666666666666,75.00000000000001,213.13956888734333,40.0,95.61456402298063,P14->P9->P18->P8->P16->P20->P13->P7->P11->P1->P12->P15->P4->P6->P19->P2->P10->P3->P5->P17
room_corridor,16,DRF-RH-Light,20,324.0,640.0,78.8888888888889,196.70272825414824,40.0,68.82908701663837,P14->P9->P18->P20->P16->P8->P7->P13->P12->P1->P11->P3->P15->P4->P6->P19->P2->P10->P17->P5
room_corridor,17,AStarOnly,20,189.0,415.00000000000006,150.0,219.6244114368949,20.0,32.481119967997074,P17->P18->P20->P10->P2->P19->P9->P1->P5->P8->P15->P16->P12->P3->P14->P11->P6->P7->P4->P13
room_corridor,17,Proposed-Balanced,20,264.0,540.0,318.3333333333333,254.8472958374489,20.0,34.24307401292026,P11->P14->P10->P15->P3->P12->P16->P2->P19->P5->P9->P1->P8->P6->P4->P7->P13->P17->P18->P20
room_corridor,17,RH-Proposed-v2,20,281.0,568.3333333333334,133.33333333333334,194.56147814998667,20.0,794.9825230170973,P17->P10->P15->P14->P11->P6->P4->P7->P16->P3->P2->P9->P19->P5->P1->P8->P20->P18->P12->P13
room_corridor,17,Priority-Greedy,20,338.0,663.3333333333334,120.83333333333336,220.01651231381163,20.0,35.41315300390124,P17->P10->P14->P6->P4->P15->P3->P16->P2->P19->P5->P11->P13->P7->P20->P18->P9->P1->P8->P12
room_corridor,17,TSP-2opt,20,179.0,398.33333333333337,131.66666666666669,210.42402054905773,20.0,37.38762601278722,P17->P18->P20->P10->P2->P9->P19->P5->P1->P8->P15->P3->P12->P16->P14->P11->P6->P7->P4->P13
room_corridor,17,DRF-RH-Full,20,281.0,568.3333333333334,133.33333333333334,194.56147814998667,20.0,87.72330603096634,P17->P10->P15->P14->P11->P6->P4->P7->P16->P3->P2->P9->P19->P5->P1->P8->P20->P18->P12->P13
room_corridor,17,DRF-RH-Light,20,293.0,588.3333333333334,140.0,203.6186313974623,20.0,68.26638896018267,P17->P10->P15->P14->P6->P11->P4->P7->P16->P3->P2->P19->P9->P5->P1->P8->P20->P18->P12->P13
room_corridor,18,AStarOnly,20,229.0,481.6666666666668,240.83333333333337,238.0386115918727,0.0,45.02422397490591,P9->P6->P18->P3->P12->P13->P14->P1->P10->P20->P11->P19->P15->P2->P17->P7->P16->P5->P8->P4
room_corridor,18,Proposed-Balanced,20,268.0,546.6666666666667,245.00000000000003,270.0160202810395,0.0,45.85582599975169,P14->P13->P9->P18->P6->P3->P10->P1->P4->P20->P2->P17->P19->P7->P15->P11->P8->P5->P16->P12
room_corridor,18,RH-Proposed-v2,20,247.0,511.66666666666674,81.66666666666667,248.76853128326357,40.0,893.9568350324407,P10->P11->P19->P2->P17->P7->P15->P5->P8->P16->P20->P13->P14->P12->P3->P18->P6->P9->P1->P4
room_corridor,18,Priority-Greedy,20,415.0,791.6666666666666,76.66666666666667,347.1623042415069,40.0,45.45730899553746,P10->P2->P19->P8->P11->P20->P17->P14->P13->P12->P18->P1->P5->P16->P7->P15->P9->P3->P6->P4
room_corridor,18,TSP-2opt,20,213.0,455.00000000000006,290.83333333333337,244.96898811919988,0.0,51.99277400970459,P14->P13->P9->P6->P18->P3->P12->P10->P1->P20->P11->P5->P8->P16->P7->P17->P2->P15->P19->P4
room_corridor,18,DRF-RH-Full,20,312.0,619.9999999999999,81.66666666666667,268.46955833898994,40.0,105.58682901319116,P10->P11->P19->P2->P17->P7->P15->P20->P13->P14->P12->P3->P18->P9->P1->P16->P8->P5->P4->P6
room_corridor,18,DRF-RH-Light,20,243.0,505.0000000000001,70.83333333333334,233.35626398788992,40.0,79.27876099711284,P10->P19->P2->P17->P7->P15->P11->P5->P8->P16->P20->P1->P13->P14->P12->P3->P18->P6->P9->P4
room_corridor,19,AStarOnly,20,273.0,555.0,184.0,250.49063975141596,40.0,41.81138798594475,P14->P11->P17->P16->P10->P5->P2->P12->P19->P18->P3->P20->P9->P13->P6->P8->P15->P1->P7->P4
room_corridor,19,Proposed-Balanced,20,307.0,611.6666666666666,237.66666666666666,289.7099768043443,40.0,42.21513099037111,P10->P11->P14->P17->P16->P5->P2->P12->P19->P18->P20->P3->P8->P15->P1->P7->P13->P6->P9->P4
room_corridor,19,RH-Proposed-v2,20,357.0,695.0,229.33333333333334,267.84990564940983,40.0,957.5329639483243,P2->P5->P8->P15->P7->P1->P10->P19->P18->P3->P11->P17->P16->P4->P6->P13->P9->P12->P14->P20
room_corridor,19,Priority-Greedy,20,426.0,810.0000000000001,184.0,302.62270935880804,40.0,42.597172025125474,P5->P2->P8->P15->P7->P17->P11->P4->P19->P18->P3->P10->P6->P13->P1->P12->P20->P9->P14->P16
room_corridor,19,TSP-2opt,20,225.0,474.99999999999994,171.0,254.2210599912278,60.0,47.40340600255877,P4->P16->P17->P11->P14->P10->P19->P20->P3->P18->P12->P2->P5->P9->P13->P6->P8->P15->P1->P7
room_corridor,19,DRF-RH-Full,20,359.0,698.3333333333333,172.33333333333334,251.23055472414407,60.0,102.7169399894774,P11->P2->P5->P8->P15->P7->P1->P19->P18->P3->P10->P4->P17->P16->P6->P13->P9->P12->P14->P20
room_corridor,19,DRF-RH-Light,20,317.0,628.3333333333334,179.00000000000003,256.2155151189788,60.0,80.46342997113243,P11->P5->P2->P8->P15->P7->P1->P10->P19->P18->P3->P20->P4->P17->P16->P14->P6->P13->P9->P12
bottleneck,0,AStarOnly,20,246.0,510.0,165.83333333333334,233.0563628495459,20.0,73.69974302127957,P20->P19->P18->P1->P6->P7->P13->P4->P10->P15->P8->P16->P17->P14->P9->P12->P5->P3->P11->P2
bottleneck,0,Proposed-Balanced,20,349.0,681.6666666666666,230.41666666666666,277.24433227139406,60.0,70.8028880180791,P19->P15->P4->P10->P13->P7->P12->P16->P8->P17->P3->P11->P2->P5->P14->P1->P6->P20->P18->P9
bottleneck,0,RH-Proposed-v2,20,347.0,678.3333333333333,96.66666666666667,229.67608586494313,60.0,1628.3827740116976,P19->P15->P10->P4->P13->P9->P6->P17->P16->P8->P3->P2->P11->P14->P7->P12->P20->P1->P18->P5
bottleneck,0,Priority-Greedy,20,393.0,755.0000000000001,192.50000000000003,283.9284756524231,40.0,70.1298380154185,P15->P10->P4->P3->P2->P19->P17->P16->P9->P13->P12->P7->P6->P14->P8->P11->P5->P1->P20->P18
bottleneck,0,TSP-2opt,20,208.0,446.6666666666667,156.25,236.54725334835413,20.0,88.0998499924317,P20->P19->P18->P1->P6->P9->P12->P7->P13->P4->P10->P15->P14->P17->P16->P8->P11->P5->P3->P2
bottleneck,0,DRF-RH-Full,20,307.0,611.6666666666666,164.16666666666666,246.7353058535988,60.0,151.72711899504066,P19->P6->P15->P10->P4->P3->P2->P11->P8->P16->P17->P14->P7->P13->P12->P9->P20->P1->P18->P5
bottleneck,0,DRF-RH-Light,20,339.0,665.0,209.16666666666669,280.71218667627835,40.0,119.86931698629633,P15->P10->P4->P3->P2->P11->P17->P16->P19->P14->P6->P9->P12->P13->P7->P20->P1->P18->P8->P5
bottleneck,1,AStarOnly,20,215.0,458.33333333333337,225.83333333333334,225.64038958273062,0.0,71.3211569818668,P4->P2->P8->P10->P5->P3->P17->P12->P1->P9->P14->P19->P16->P18->P7->P15->P11->P13->P20->P6
bottleneck,1,Proposed-Balanced,20,290.0,583.3333333333334,80.41666666666667,220.61651226856094,60.0,71.29898300627246,P9->P1->P17->P14->P16->P7->P15->P11->P20->P19->P6->P3->P12->P10->P2->P5->P8->P4->P18->P13
bottleneck,1,RH-Proposed-v2,20,294.0,589.9999999999999,74.16666666666667,210.131478952658,60.0,1474.0547590190545,P9->P1->P17->P14->P16->P15->P7->P10->P5->P2->P8->P3->P12->P19->P20->P13->P11->P18->P6->P4
bottleneck,1,Priority-Greedy,20,388.0,746.6666666666667,117.9166666666667,273.84878479934605,60.0,71.28311897395179,P9->P17->P15->P16->P7->P14->P1->P3->P5->P2->P10->P11->P19->P20->P13->P6->P12->P8->P4->P18
bottleneck,1,TSP-2opt,20,185.0,408.33333333333337,106.25000000000003,180.52859173219716,60.0,78.59882700722665,P3->P9->P1->P12->P17->P14->P19->P20->P13->P11->P15->P7->P18->P16->P6->P10->P8->P4->P2->P5
bottleneck,1,DRF-RH-Full,20,294.0,589.9999999999999,74.16666666666667,208.83741210170257,60.0,149.36994801973924,P9->P1->P17->P14->P16->P15->P11->P7->P10->P2->P5->P8->P3->P12->P19->P20->P13->P6->P18->P4
bottleneck,1,DRF-RH-Light,20,284.0,573.3333333333333,81.66666666666667,212.09066565447495,60.0,121.94198201177642,P9->P1->P17->P14->P16->P7->P18->P15->P11->P10->P8->P2->P5->P3->P12->P19->P20->P13->P6->P4
bottleneck,2,AStarOnly,20,270.0,550.0000000000001,101.66666666666667,259.62483483931226,40.0,80.23236197186634,P8->P3->P4->P13->P19->P6->P17->P1->P9->P2->P20->P10->P18->P16->P11->P15->P12->P7->P5->P14
bottleneck,2,Proposed-Balanced,20,380.0,733.3333333333334,203.8888888888889,284.9180226424808,20.0,82.58273202227429,P8->P5->P7->P6->P17->P1->P20->P2->P18->P10->P11->P16->P15->P13->P19->P12->P9->P4->P3->P14
bottleneck,2,RH-Proposed-v2,20,323.0,638.3333333333334,67.77777777777779,258.8591651402701,60.0,1830.8182479813695,P8->P13->P19->P6->P1->P20->P2->P16->P11->P15->P12->P17->P7->P5->P14->P18->P10->P9->P4->P3
bottleneck,2,Priority-Greedy,20,373.0,721.6666666666667,80.00000000000001,298.5270202400116,60.0,81.14238298730925,P8->P13->P6->P20->P1->P18->P15->P12->P11->P19->P7->P5->P14->P17->P10->P2->P16->P9->P4->P3
bottleneck,2,TSP-2opt,20,240.0,499.99999999999994,135.55555555555554,251.09899303096353,40.0,96.59155900590122,P8->P3->P4->P13->P7->P5->P14->P17->P6->P19->P1->P18->P10->P20->P2->P9->P16->P11->P12->P15
bottleneck,2,DRF-RH-Full,20,325.0,641.6666666666666,66.11111111111111,264.64620807551324,60.0,175.37305201403797,P8->P13->P6->P1->P20->P2->P16->P11->P12->P15->P19->P17->P7->P5->P14->P18->P10->P9->P4->P3
bottleneck,2,DRF-RH-Light,20,331.0,651.6666666666666,66.11111111111111,265.83521609434615,60.0,149.7333719744347,P8->P13->P6->P1->P20->P2->P11->P12->P15->P19->P17->P7->P14->P5->P18->P10->P9->P16->P4->P3
bottleneck,3,AStarOnly,20,196.0,426.6666666666667,143.66666666666669,190.08127188169996,40.0,93.82382495095953,P4->P20->P12->P1->P11->P7->P17->P16->P6->P2->P3->P15->P8->P18->P9->P14->P19->P5->P10->P13
bottleneck,3,Proposed-Balanced,20,328.0,646.6666666666666,201.33333333333334,278.6877290592726,60.0,93.62768603023142,P1->P17->P16->P2->P14->P19->P18->P8->P15->P9->P13->P10->P5->P6->P12->P11->P4->P20->P7->P3
bottleneck,3,RH-Proposed-v2,20,334.0,656.6666666666669,112.33333333333334,217.4981974977251,80.0,1941.2999920314178,P1->P12->P17->P16->P2->P14->P9->P19->P18->P8->P15->P3->P11->P4->P7->P6->P13->P10->P5->P20
bottleneck,3,Priority-Greedy,20,487.0,911.6666666666666,211.33333333333334,337.17173215031744,60.0,92.4065820290707,P1->P2->P17->P16->P11->P12->P14->P19->P18->P8->P15->P3->P4->P9->P10->P13->P6->P7->P20->P5
bottleneck,3,TSP-2opt,20,188.0,413.3333333333334,159.00000000000006,190.32064346895987,40.0,97.88664197549224,P4->P1->P11->P12->P20->P7->P17->P16->P6->P2->P13->P10->P5->P19->P9->P14->P18->P8->P15->P3
bottleneck,3,DRF-RH-Full,20,291.0,585.0,114.33333333333334,212.32750755986189,80.0,182.07813595654443,P1->P12->P17->P16->P2->P14->P9->P19->P10->P13->P15->P8->P18->P3->P11->P4->P20->P7->P6->P5
bottleneck,3,DRF-RH-Light,20,291.0,585.0,114.33333333333334,212.32750755986189,80.0,151.44729596795514,P1->P12->P17->P16->P2->P14->P9->P19->P10->P13->P15->P8->P18->P3->P11->P4->P20->P7->P6->P5
bottleneck,4,AStarOnly,20,228.0,479.99999999999994,225.5,218.7852001942499,60.0,81.15863899001852,P17->P16->P13->P8->P12->P5->P19->P18->P3->P15->P7->P4->P10->P2->P11->P6->P1->P14->P20->P9
bottleneck,4,Proposed-Balanced,20,337.0,661.6666666666667,235.83333333333334,262.97964165727336,80.0,83.71075702598318,P16->P13->P8->P7->P11->P10->P4->P14->P20->P6->P3->P15->P18->P17->P19->P5->P2->P12->P9->P1
bottleneck,4,RH-Proposed-v2,20,348.0,680.0000000000001,205.00000000000006,250.48558808678462,80.0,1799.6317519573495,P16->P13->P8->P11->P7->P6->P14->P20->P10->P3->P15->P18->P17->P19->P12->P2->P4->P1->P9->P5
bottleneck,4,Priority-Greedy,20,400.0,766.6666666666667,254.66666666666669,305.5459820534755,80.0,82.25780801149085,P13->P8->P16->P11->P7->P14->P20->P3->P15->P18->P12->P10->P6->P1->P4->P2->P17->P19->P5->P9
bottleneck,4,TSP-2opt,20,225.0,475.0,235.33333333333331,226.0641861272475,60.0,88.95424398360774,P17->P16->P13->P8->P12->P5->P19->P18->P3->P15->P11->P7->P4->P10->P2->P9->P1->P6->P14->P20
bottleneck,4,DRF-RH-Full,20,308.0,613.3333333333334,183.66666666666669,224.69105930917635,60.0,167.58002003189176,P16->P13->P12->P8->P2->P11->P7->P6->P14->P20->P10->P18->P3->P15->P4->P1->P9->P17->P19->P5
bottleneck,4,DRF-RH-Light,20,306.0,610.0,191.83333333333334,221.2894110481281,60.0,137.6516559976153,P16->P13->P12->P8->P2->P10->P7->P11->P6->P14->P20->P1->P18->P3->P15->P17->P19->P5->P4->P9
bottleneck,5,AStarOnly,20,262.0,536.6666666666666,313.88888888888886,243.23882864858527,0.0,85.19242500187829,P1->P10->P3->P9->P15->P8->P2->P16->P19->P11->P4->P7->P20->P13->P14->P12->P18->P17->P5->P6
bottleneck,5,Proposed-Balanced,20,385.0,741.6666666666667,224.44444444444449,242.28992440028742,20.0,84.5448620384559,P15->P9->P10->P3->P16->P7->P4->P11->P14->P13->P17->P18->P5->P12->P1->P2->P8->P19->P6->P20
bottleneck,5,RH-Proposed-v2,20,356.0,693.3333333333334,138.88888888888889,251.24887246200083,40.0,1913.4861860075034,P1->P16->P11->P7->P4->P14->P12->P5->P9->P15->P10->P3->P18->P13->P17->P20->P19->P8->P2->P6
bottleneck,5,Priority-Greedy,20,485.0,908.3333333333331,210.0,332.3951725071739,40.0,83.03308003814891,P7->P4->P11->P14->P5->P15->P9->P16->P10->P1->P12->P13->P17->P20->P19->P3->P6->P2->P8->P18
bottleneck,5,TSP-2opt,20,242.0,503.33333333333337,305.00000000000006,243.34585165093407,0.0,97.42461703717709,P1->P10->P15->P9->P3->P2->P8->P16->P19->P11->P20->P7->P4->P17->P13->P14->P12->P18->P5->P6
bottleneck,5,DRF-RH-Full,20,326.0,643.3333333333335,200.55555555555557,232.28527845562058,20.0,169.50247099157423,P1->P10->P15->P9->P16->P11->P7->P4->P14->P12->P5->P18->P13->P17->P20->P19->P8->P2->P3->P6
bottleneck,5,DRF-RH-Light,20,396.0,759.9999999999999,269.4444444444444,253.87831562348697,0.0,142.14649196946993,P10->P15->P9->P11->P4->P7->P13->P14->P12->P5->P16->P2->P3->P1->P8->P19->P18->P17->P20->P6
bottleneck,6,AStarOnly,20,252.0,520.0,146.25000000000003,198.5636998419148,60.0,76.86763402307406,P13->P12->P19->P17->P4->P7->P14->P10->P5->P3->P18->P1->P15->P8->P20->P2->P11->P9->P6->P16
bottleneck,6,Proposed-Balanced,20,335.0,658.3333333333334,146.875,214.91066082773452,80.0,78.37779802503064,P13->P19->P17->P3->P12->P10->P7->P14->P15->P2->P11->P6->P18->P1->P9->P20->P16->P4->P5->P8
bottleneck,6,RH-Proposed-v2,20,287.0,578.3333333333334,145.83333333333331,185.99271594481252,80.0,1856.317060010042,P13->P19->P10->P14->P4->P17->P15->P1->P18->P6->P9->P2->P11->P20->P7->P12->P3->P5->P16->P8
bottleneck,6,Priority-Greedy,20,417.0,795.0000000000001,158.125,251.46885595013535,100.0,76.07994397403672,P19->P14->P13->P3->P10->P17->P2->P6->P15->P1->P18->P11->P16->P7->P4->P12->P5->P9->P20->P8
bottleneck,6,TSP-2opt,20,200.0,433.33333333333337,162.91666666666669,201.5121461280604,60.0,83.26273696729913,P13->P12->P3->P5->P10->P14->P4->P17->P19->P7->P16->P8->P15->P1->P18->P6->P9->P11->P2->P20
bottleneck,6,DRF-RH-Full,20,267.0,544.9999999999999,125.83333333333333,185.04111357928963,80.0,152.86334697157145,P13->P19->P10->P14->P4->P17->P3->P12->P15->P1->P18->P6->P9->P2->P11->P20->P8->P16->P7->P5
bottleneck,6,DRF-RH-Light,20,291.0,584.9999999999999,110.83333333333333,184.54578273548964,80.0,118.68304299423471,P13->P19->P17->P4->P14->P10->P3->P12->P1->P15->P20->P2->P11->P9->P6->P18->P5->P7->P16->P8
bottleneck,7,AStarOnly,20,209.0,448.33333333333326,157.33333333333331,178.26474297258704,40.0,47.713392006698996,P17->P20->P18->P3->P9->P2->P5->P15->P14->P16->P4->P11->P12->P7->P1->P19->P13->P10->P6->P8
bottleneck,7,Proposed-Balanced,20,271.0,551.6666666666666,181.00000000000003,222.58508413663014,40.0,47.84318699967116,P20->P17->P18->P15->P5->P2->P9->P3->P4->P16->P8->P19->P7->P1->P12->P11->P13->P14->P10->P6
bottleneck,7,RH-Proposed-v2,20,272.0,553.3333333333334,93.66666666666666,195.83110554515582,80.0,932.7609300380573,P17->P20->P4->P11->P19->P7->P5->P15->P9->P3->P18->P6->P2->P8->P16->P12->P1->P13->P14->P10
bottleneck,7,Priority-Greedy,20,364.0,706.6666666666665,166.66666666666669,305.45757663015274,80.0,48.79624699242413,P20->P19->P11->P4->P7->P17->P9->P15->P5->P2->P6->P3->P8->P16->P13->P1->P12->P14->P18->P10
bottleneck,7,TSP-2opt,20,177.0,395.00000000000006,154.00000000000003,190.25393916789412,40.0,63.14451800426468,P17->P20->P18->P3->P9->P8->P16->P4->P11->P12->P1->P13->P19->P7->P14->P15->P5->P2->P10->P6
bottleneck,7,DRF-RH-Full,20,274.0,556.6666666666666,93.66666666666666,200.04038388883055,80.0,110.37998599931598,P17->P20->P4->P11->P19->P7->P15->P9->P3->P18->P6->P2->P5->P8->P16->P12->P1->P13->P14->P10
bottleneck,7,DRF-RH-Light,20,268.0,546.6666666666667,91.66666666666666,188.05669674674306,80.0,91.90110996132717,P17->P20->P4->P11->P7->P19->P1->P15->P9->P3->P18->P6->P5->P2->P8->P16->P14->P12->P13->P10
bottleneck,8,AStarOnly,20,240.0,500.0,195.83333333333334,217.65160780467372,20.0,67.86969100357965,P20->P11->P16->P13->P14->P17->P9->P18->P6->P2->P4->P19->P8->P15->P3->P5->P12->P10->P1->P7
bottleneck,8,Proposed-Balanced,20,265.0,541.6666666666669,184.44444444444446,234.96425667529982,60.0,67.75910401483998,P11->P16->P13->P17->P9->P18->P14->P6->P8->P2->P10->P12->P4->P5->P15->P3->P19->P20->P7->P1
bottleneck,8,RH-Proposed-v2,20,265.0,541.6666666666666,145.83333333333334,220.01685551809933,80.0,1467.158814019058,P11->P9->P17->P5->P8->P4->P2->P6->P18->P16->P13->P20->P7->P1->P14->P12->P10->P19->P15->P3
bottleneck,8,Priority-Greedy,20,400.0,766.6666666666666,181.38888888888889,311.41619236258,80.0,68.098290998023,P17->P8->P2->P9->P11->P13->P16->P5->P6->P1->P20->P7->P18->P4->P10->P12->P19->P15->P3->P14
bottleneck,8,TSP-2opt,20,194.0,423.3333333333334,196.3888888888889,205.65850609900102,40.0,80.78857098007575,P20->P13->P16->P11->P9->P17->P14->P18->P6->P12->P10->P2->P4->P19->P8->P15->P3->P5->P1->P7
bottleneck,8,DRF-RH-Full,20,271.0,551.6666666666666,154.72222222222223,225.7600210085221,60.0,146.86218200949952,P11->P9->P17->P2->P4->P8->P5->P6->P12->P10->P14->P18->P16->P13->P20->P7->P1->P15->P3->P19
bottleneck,8,DRF-RH-Light,20,265.0,541.6666666666666,155.55555555555557,223.69935683673722,80.0,114.31785800959915,P11->P9->P17->P5->P8->P4->P2->P6->P12->P10->P14->P18->P16->P13->P20->P7->P1->P15->P3->P19
bottleneck,9,AStarOnly,20,223.0,471.66666666666674,148.33333333333331,202.41730257322033,60.0,83.46179994987324,P13->P15->P11->P8->P2->P5->P18->P17->P10->P7->P4->P20->P14->P9->P16->P1->P12->P19->P6->P3
bottleneck,9,Proposed-Balanced,20,307.0,611.6666666666666,82.66666666666666,232.218907257247,100.0,81.53191895689815,P8->P11->P15->P9->P14->P16->P19->P1->P12->P6->P3->P4->P7->P2->P5->P18->P10->P17->P13->P20
bottleneck,9,RH-Proposed-v2,20,313.0,621.6666666666667,122.66666666666667,230.6100976243744,80.0,1629.4988559675403,P15->P8->P14->P9->P16->P19->P1->P6->P3->P7->P11->P13->P2->P5->P18->P10->P17->P4->P20->P12
bottleneck,9,Priority-Greedy,20,417.0,795.0,135.33333333333331,262.38047140985407,80.0,81.86662703519687,P15->P8->P9->P14->P16->P19->P1->P3->P11->P13->P5->P2->P18->P7->P4->P6->P12->P17->P10->P20
bottleneck,9,TSP-2opt,20,211.0,451.6666666666667,109.0,182.25690268260723,60.0,89.60189501522109,P13->P15->P11->P8->P2->P18->P10->P17->P5->P14->P9->P16->P1->P19->P12->P6->P3->P4->P7->P20
bottleneck,9,DRF-RH-Full,20,321.0,635.0,122.66666666666667,228.9001140795307,80.0,162.86700300406665,P15->P8->P14->P9->P16->P1->P19->P6->P3->P7->P11->P13->P2->P5->P4->P20->P18->P10->P17->P12
bottleneck,9,DRF-RH-Light,20,259.0,531.6666666666666,128.33333333333331,202.1872446500311,80.0,128.13501298660412,P15->P13->P8->P14->P9->P16->P1->P19->P12->P6->P3->P7->P11->P2->P5->P18->P10->P17->P4->P20
bottleneck,10,AStarOnly,20,257.0,528.3333333333333,271.66666666666663,263.95450714285073,40.0,80.10850596474484,P9->P20->P14->P3->P13->P1->P4->P6->P5->P16->P17->P18->P8->P2->P12->P7->P11->P10->P15->P19
bottleneck,10,Proposed-Balanced,20,347.0,678.3333333333334,268.125,285.0811473302206,40.0,75.63396502519026,P6->P5->P7->P10->P11->P19->P3->P13->P1->P18->P8->P2->P12->P16->P17->P15->P4->P14->P20->P9
bottleneck,10,RH-Proposed-v2,20,292.0,586.6666666666666,204.16666666666666,250.26280782638221,60.0,1611.036996007897,P3->P5->P16->P8->P18->P15->P10->P11->P7->P19->P13->P1->P6->P17->P2->P12->P9->P20->P14->P4
bottleneck,10,Priority-Greedy,20,433.0,821.6666666666666,218.12500000000003,315.3048794131446,80.0,75.57715201983228,P3->P8->P7->P15->P10->P19->P13->P6->P16->P5->P18->P2->P12->P14->P1->P11->P17->P4->P20->P9
bottleneck,10,TSP-2opt,20,231.0,485.0,273.75,259.3938553473317,0.0,88.37697003036737,P9->P20->P14->P4->P1->P13->P3->P6->P5->P16->P12->P2->P8->P18->P17->P15->P10->P11->P7->P19
bottleneck,10,DRF-RH-Full,20,269.0,548.3333333333334,167.91666666666669,233.53452291486852,80.0,156.68074000859633,P3->P6->P5->P16->P8->P18->P15->P10->P7->P11->P19->P13->P1->P4->P17->P2->P12->P9->P20->P14
bottleneck,10,DRF-RH-Light,20,295.0,591.6666666666666,204.16666666666669,251.05178152193665,80.0,122.99497501226142,P3->P6->P5->P16->P8->P18->P7->P11->P10->P15->P17->P13->P1->P4->P14->P20->P9->P12->P2->P19
bottleneck,11,AStarOnly,20,306.0,610.0,224.44444444444446,263.3142311545274,20.0,79.74621601169929,P8->P15->P16->P12->P2->P17->P9->P19->P4->P6->P7->P18->P1->P20->P5->P3->P14->P13->P10->P11
bottleneck,11,Proposed-Balanced,20,351.0,684.9999999999999,317.77777777777777,311.94833304614787,40.0,78.5279130213894,P6->P15->P11->P8->P19->P2->P20->P3->P13->P14->P5->P1->P7->P18->P9->P17->P12->P16->P4->P10
bottleneck,11,RH-Proposed-v2,20,337.0,661.6666666666667,330.5555555555556,292.1241530594063,20.0,1744.3126490106806,P19->P1->P20->P5->P3->P14->P13->P2->P15->P11->P8->P6->P7->P18->P9->P17->P12->P16->P4->P10
bottleneck,11,Priority-Greedy,20,448.0,846.6666666666669,252.22222222222226,353.59439257254246,20.0,78.51457101060078,P19->P2->P20->P5->P3->P13->P10->P6->P15->P11->P8->P1->P7->P18->P17->P12->P14->P16->P9->P4
bottleneck,11,TSP-2opt,20,225.0,475.0,248.33333333333334,257.0925571556254,20.0,111.39810702297837,P8->P11->P15->P2->P12->P16->P17->P9->P19->P4->P6->P7->P18->P1->P13->P14->P3->P20->P5->P10
bottleneck,11,DRF-RH-Full,20,341.0,668.3333333333333,319.4444444444444,284.8667385814127,20.0,175.28622498502955,P6->P19->P1->P20->P5->P3->P14->P13->P2->P17->P15->P11->P8->P4->P7->P18->P10->P9->P12->P16
bottleneck,11,DRF-RH-Light,20,355.0,691.6666666666667,382.22222222222223,315.7916608506979,20.0,136.18490402586758,P6->P19->P20->P5->P3->P13->P14->P1->P7->P2->P15->P11->P8->P9->P17->P12->P16->P4->P18->P10
bottleneck,12,AStarOnly,20,225.0,475.0,361.6666666666667,236.22611260278254,0.0,66.23120995936915,P10->P6->P19->P3->P14->P9->P8->P15->P1->P13->P20->P12->P16->P11->P7->P2->P17->P5->P18->P4
bottleneck,12,Proposed-Balanced,20,284.0,573.3333333333334,266.6666666666667,260.84973611149775,20.0,66.92138902144507,P16->P12->P6->P19->P10->P15->P8->P14->P9->P3->P13->P7->P2->P17->P18->P5->P4->P1->P20->P11
bottleneck,12,RH-Proposed-v2,20,305.0,608.3333333333333,243.88888888888889,250.9657989903997,20.0,1379.008674994111,P19->P15->P8->P11->P7->P2->P18->P17->P14->P9->P13->P12->P16->P10->P6->P3->P5->P4->P1->P20
bottleneck,12,Priority-Greedy,20,397.0,761.6666666666665,241.11111111111111,305.90156925660995,20.0,66.37035001767799,P19->P8->P7->P11->P2->P18->P15->P12->P16->P6->P10->P3->P13->P17->P5->P14->P9->P1->P20->P4
bottleneck,12,TSP-2opt,20,218.0,463.3333333333334,293.3333333333334,235.39699725832904,0.0,70.60639304108918,P10->P6->P19->P15->P3->P1->P13->P20->P12->P16->P11->P7->P2->P17->P5->P18->P4->P9->P14->P8
bottleneck,12,DRF-RH-Full,20,317.0,628.3333333333334,241.6666666666667,259.14185111186447,20.0,145.56788804475218,P19->P15->P8->P7->P11->P2->P18->P17->P14->P13->P12->P16->P10->P6->P3->P1->P9->P5->P4->P20
bottleneck,12,DRF-RH-Light,20,295.0,591.6666666666667,243.33333333333337,254.22823436635537,20.0,120.18740200437605,P19->P15->P8->P7->P11->P2->P18->P17->P5->P14->P13->P12->P16->P10->P6->P3->P9->P4->P1->P20
bottleneck,13,AStarOnly,20,283.0,571.6666666666667,224.1666666666667,259.43715512377884,20.0,86.10667899483815,P18->P12->P15->P9->P6->P17->P2->P7->P19->P4->P11->P3->P20->P16->P1->P13->P10->P5->P14->P8
bottleneck,13,Proposed-Balanced,20,372.0,719.9999999999999,159.58333333333331,281.82362094995165,60.0,88.73754000524059,P10->P16->P1->P17->P2->P6->P13->P20->P14->P18->P9->P15->P12->P5->P11->P4->P19->P7->P8->P3
bottleneck,13,RH-Proposed-v2,20,378.0,729.9999999999999,160.0,255.6173911920065,60.0,1886.6081660380587,P10->P16->P1->P20->P17->P2->P8->P7->P6->P9->P15->P18->P14->P13->P11->P4->P19->P3->P5->P12
bottleneck,13,Priority-Greedy,20,428.0,813.3333333333334,138.33333333333334,287.7010853574764,60.0,86.77986601833254,P10->P16->P1->P17->P2->P8->P18->P14->P9->P6->P13->P20->P4->P7->P19->P11->P3->P5->P12->P15
bottleneck,13,TSP-2opt,20,223.0,471.66666666666663,237.0833333333333,247.3699894647783,20.0,93.17477600416169,P18->P12->P15->P9->P6->P17->P2->P7->P8->P19->P4->P3->P11->P20->P1->P16->P13->P10->P5->P14
bottleneck,13,DRF-RH-Full,20,322.0,636.6666666666666,170.83333333333337,241.85907988246478,40.0,174.9023720039986,P10->P13->P16->P1->P20->P17->P2->P7->P8->P19->P6->P9->P15->P18->P14->P5->P12->P4->P11->P3
bottleneck,13,DRF-RH-Light,20,342.0,670.0,165.41666666666669,260.5604415422708,60.0,139.48371598962694,P10->P16->P1->P20->P17->P2->P8->P19->P7->P6->P9->P15->P18->P14->P5->P13->P11->P3->P4->P12
bottleneck,14,AStarOnly,20,210.0,449.99999999999994,225.66666666666666,234.222186996718,20.0,89.6790639963001,P7->P20->P18->P6->P17->P9->P11->P1->P4->P3->P2->P10->P12->P15->P19->P13->P8->P5->P16->P14
bottleneck,14,Proposed-Balanced,20,445.0,841.6666666666667,264.33333333333337,369.03303046177933,80.0,86.32280101301149,P5->P4->P6->P2->P12->P10->P15->P3->P13->P16->P8->P14->P7->P17->P9->P11->P1->P19->P18->P20
bottleneck,14,RH-Proposed-v2,20,315.0,625.0,154.00000000000003,257.4768066467174,60.0,1777.2319429786876,P5->P4->P2->P10->P12->P19->P3->P6->P18->P20->P14->P7->P17->P9->P11->P1->P13->P16->P8->P15
bottleneck,14,Priority-Greedy,20,383.0,738.3333333333334,123.0,283.43091974839695,100.0,84.61719297338277,P6->P5->P4->P19->P12->P2->P10->P3->P14->P17->P18->P20->P7->P16->P13->P8->P15->P1->P11->P9
bottleneck,14,TSP-2opt,20,187.0,411.6666666666666,254.33333333333331,229.7915925947165,20.0,93.72812404762954,P14->P7->P20->P18->P6->P17->P9->P11->P1->P4->P3->P2->P10->P12->P19->P15->P13->P8->P5->P16
bottleneck,14,DRF-RH-Full,20,287.0,578.3333333333334,123.66666666666667,238.51572969490493,60.0,183.54728003032506,P6->P5->P4->P2->P10->P12->P19->P15->P3->P17->P18->P20->P7->P14->P16->P8->P13->P1->P11->P9
bottleneck,14,DRF-RH-Light,20,297.0,595.0000000000001,123.66666666666667,239.56927682313497,60.0,143.9098689588718,P6->P5->P4->P2->P10->P12->P19->P15->P3->P17->P18->P20->P14->P7->P16->P13->P8->P1->P11->P9
bottleneck,15,AStarOnly,20,224.0,473.33333333333337,250.74074074074076,226.6360365917128,60.0,67.68207700224593,P17->P7->P4->P11->P20->P2->P14->P19->P5->P16->P15->P9->P18->P12->P1->P8->P3->P10->P13->P6
bottleneck,15,Proposed-Balanced,20,328.0,646.6666666666666,218.5185185185185,255.61172112346964,80.0,68.09002096997574,P10->P3->P6->P17->P11->P4->P7->P20->P14->P15->P9->P16->P5->P18->P19->P12->P8->P1->P2->P13
bottleneck,15,RH-Proposed-v2,20,258.0,530.0,176.66666666666669,209.89802708263014,60.0,1449.6379509801045,P6->P10->P3->P15->P9->P16->P18->P5->P14->P20->P11->P4->P7->P17->P13->P19->P12->P1->P8->P2
bottleneck,15,Priority-Greedy,20,368.0,713.3333333333333,187.96296296296293,276.84632767925876,100.0,67.7843289449811,P10->P3->P6->P17->P4->P20->P14->P9->P15->P18->P16->P12->P8->P11->P7->P13->P5->P19->P1->P2
bottleneck,15,TSP-2opt,20,189.0,415.00000000000006,127.59259259259258,185.33567617476834,100.0,99.63399497792125,P6->P13->P10->P3->P17->P7->P4->P11->P20->P2->P14->P18->P9->P15->P16->P19->P5->P12->P1->P8
bottleneck,15,DRF-RH-Full,20,258.0,530.0,176.66666666666669,209.89802708263014,60.0,138.23281100485474,P6->P10->P3->P15->P9->P16->P18->P5->P14->P20->P11->P4->P7->P17->P13->P19->P12->P1->P8->P2
bottleneck,15,DRF-RH-Light,20,247.0,511.66666666666674,133.70370370370372,190.53372354271292,100.0,105.86762998718768,P17->P6->P13->P10->P3->P15->P9->P16->P18->P5->P14->P20->P11->P4->P7->P2->P12->P8->P1->P19
bottleneck,16,AStarOnly,20,241.0,501.6666666666666,61.66666666666667,211.74656370018107,60.0,81.49750996381044,P12->P1->P3->P18->P9->P10->P7->P14->P16->P15->P13->P5->P4->P19->P8->P20->P11->P2->P17->P6
bottleneck,16,Proposed-Balanced,20,337.0,661.6666666666667,83.33333333333334,261.6454594153282,60.0,82.80681999167427,P3->P12->P9->P1->P18->P7->P16->P15->P8->P5->P4->P19->P20->P2->P14->P10->P13->P11->P6->P17
bottleneck,16,RH-Proposed-v2,20,297.0,595.0000000000001,115.41666666666667,215.01075984291793,60.0,1623.7214709981345,P12->P1->P3->P9->P2->P15->P16->P8->P5->P4->P19->P6->P17->P7->P14->P10->P18->P11->P13->P20
bottleneck,16,Priority-Greedy,20,401.0,768.3333333333335,167.08333333333334,285.70456794095287,40.0,82.16062700375915,P3->P12->P9->P2->P15->P16->P6->P7->P1->P14->P19->P4->P8->P5->P20->P11->P13->P17->P10->P18
bottleneck,16,TSP-2opt,20,221.0,468.33333333333337,128.75000000000003,211.74187239201555,60.0,88.74732698313892,P12->P1->P3->P18->P9->P10->P2->P11->P8->P20->P19->P4->P5->P13->P15->P16->P14->P7->P17->P6
bottleneck,16,DRF-RH-Full,20,297.0,595.0000000000001,115.41666666666667,215.01075984291793,60.0,160.68230295786634,P12->P1->P3->P9->P2->P15->P16->P8->P5->P4->P19->P6->P17->P7->P14->P10->P18->P11->P13->P20
bottleneck,16,DRF-RH-Light,20,283.0,571.6666666666667,117.50000000000001,210.55925135648718,60.0,121.05697998777032,P12->P1->P3->P18->P9->P2->P15->P5->P4->P19->P8->P16->P6->P17->P7->P14->P10->P11->P13->P20
bottleneck,17,AStarOnly,20,230.0,483.3333333333333,143.33333333333331,183.29185069820858,20.0,80.27931401738897,P16->P18->P3->P14->P15->P7->P11->P8->P5->P1->P4->P6->P20->P13->P17->P2->P12->P10->P9->P19
bottleneck,17,Proposed-Balanced,20,317.0,628.3333333333334,45.83333333333334,229.36582605604886,40.0,75.26611600769684,P18->P16->P4->P1->P7->P11->P5->P8->P15->P17->P12->P2->P19->P10->P9->P6->P20->P3->P14->P13
bottleneck,17,RH-Proposed-v2,20,293.0,588.3333333333334,45.83333333333334,192.71876164743026,40.0,1486.570067005232,P18->P16->P4->P1->P5->P8->P11->P7->P15->P14->P3->P6->P20->P12->P2->P17->P19->P9->P10->P13
bottleneck,17,Priority-Greedy,20,356.0,693.3333333333334,141.66666666666666,237.84137298245395,20.0,81.5806130412966,P18->P16->P1->P5->P11->P7->P15->P4->P6->P20->P8->P12->P17->P14->P3->P13->P10->P9->P19->P2
bottleneck,17,TSP-2opt,20,218.0,463.3333333333334,245.00000000000003,250.71762222909157,20.0,87.27447298588231,P16->P18->P3->P14->P15->P17->P12->P2->P19->P9->P10->P5->P8->P11->P7->P13->P20->P1->P4->P6
bottleneck,17,DRF-RH-Full,20,287.0,578.3333333333334,45.83333333333334,211.65965686253702,40.0,157.7259420300834,P18->P16->P4->P1->P5->P8->P11->P7->P15->P17->P12->P2->P19->P9->P10->P20->P6->P3->P14->P13
bottleneck,17,DRF-RH-Light,20,307.0,611.6666666666669,45.83333333333334,187.71256426003566,40.0,124.98649599729106,P18->P16->P4->P1->P20->P7->P11->P8->P5->P12->P2->P17->P15->P3->P14->P6->P10->P19->P9->P13
bottleneck,18,AStarOnly,20,223.0,471.66666666666663,293.3333333333333,240.54714821521353,0.0,89.54837097553536,P3->P2->P5->P16->P19->P10->P15->P17->P20->P8->P18->P1->P12->P14->P6->P13->P7->P4->P11->P9
bottleneck,18,Proposed-Balanced,20,369.0,715.0,235.00000000000006,285.8190548245615,0.0,91.00673598004505,P3->P15->P10->P16->P19->P5->P4->P12->P13->P14->P1->P20->P18->P8->P17->P2->P11->P7->P6->P9
bottleneck,18,RH-Proposed-v2,20,325.0,641.6666666666667,223.33333333333337,247.7272819930628,0.0,1716.162579949014,P16->P19->P10->P15->P4->P7->P13->P1->P12->P14->P20->P8->P18->P17->P5->P3->P2->P11->P9->P6
bottleneck,18,Priority-Greedy,20,449.0,848.3333333333333,90.0,365.13851985000247,20.0,86.11465198919177,P12->P4->P13->P10->P16->P19->P15->P7->P14->P20->P18->P17->P3->P9->P11->P5->P2->P8->P1->P6
bottleneck,18,TSP-2opt,20,223.0,471.66666666666663,293.3333333333333,237.98655027032268,0.0,92.98215800663456,P3->P2->P19->P16->P5->P15->P10->P17->P20->P8->P18->P1->P12->P14->P6->P13->P7->P4->P11->P9
bottleneck,18,DRF-RH-Full,20,363.0,705.0,140.00000000000003,282.3271262833506,20.0,182.15610104380175,P4->P7->P13->P1->P12->P14->P15->P10->P16->P19->P5->P17->P20->P8->P18->P3->P2->P11->P9->P6
bottleneck,18,DRF-RH-Light,20,313.0,621.6666666666666,223.33333333333337,252.44839382879107,0.0,132.77745101368055,P16->P19->P10->P15->P4->P7->P13->P1->P12->P14->P20->P18->P8->P17->P5->P2->P3->P9->P11->P6
bottleneck,19,AStarOnly,20,240.0,500.00000000000006,220.55555555555554,237.5406962048979,0.0,90.68912704242393,P6->P3->P9->P15->P2->P13->P19->P18->P5->P10->P16->P1->P17->P7->P11->P12->P4->P14->P20->P8
bottleneck,19,Proposed-Balanced,20,345.0,675.0000000000001,241.6666666666667,290.8699667232245,0.0,91.22729394584894,P18->P5->P2->P15->P6->P3->P13->P16->P19->P11->P12->P4->P7->P14->P8->P20->P9->P10->P1->P17
bottleneck,19,RH-Proposed-v2,20,311.0,618.3333333333333,160.55555555555554,254.83905561149436,20.0,1985.3917990112677,P5->P18->P16->P4->P7->P11->P12->P19->P2->P15->P6->P3->P9->P13->P10->P1->P17->P14->P8->P20
bottleneck,19,Priority-Greedy,20,441.0,835.0000000000001,141.11111111111111,338.2677359590108,60.0,86.74248500028625,P16->P11->P4->P12->P19->P2->P18->P5->P10->P6->P15->P8->P7->P14->P17->P1->P13->P3->P9->P20
bottleneck,19,TSP-2opt,20,219.0,465.00000000000006,211.66666666666666,232.59330668182605,0.0,96.1100829881616,P6->P15->P2->P9->P3->P13->P19->P5->P18->P10->P16->P1->P17->P7->P11->P12->P20->P8->P4->P14
bottleneck,19,DRF-RH-Full,20,311.0,618.3333333333333,160.55555555555554,254.83905561149436,20.0,174.67268998734653,P5->P18->P16->P4->P7->P11->P12->P19->P2->P15->P6->P3->P9->P13->P10->P1->P17->P14->P8->P20
bottleneck,19,DRF-RH-Light,20,305.0,608.3333333333333,163.88888888888889,238.00654593129744,20.0,141.8917019618675,P5->P18->P10->P16->P4->P11->P7->P12->P19->P2->P15->P3->P6->P9->P13->P1->P17->P14->P8->P20
