seed,method,completed_task_num,total_path_length,total_inspection_time,high_priority_avg_response_time,priority_weighted_completion_time,high_priority_top5_rate,algorithm_runtime_ms,priority_response_efficiency,task_sequence
0,DRF-RH-Full,20,229.0,481.6666666666667,136.66666666666666,212.32764798241203,40.0,89.88596097333357,0.17467248908296942,P15->P4->P17->P9->P20->P2->P13->P7->P14->P8->P6->P11->P5->P12->P3->P1->P19->P16->P10->P18
0,DRF-RH-Horizon1,20,217.0,461.6666666666667,120.0,212.5451825229734,20.0,41.524126019794494,0.09216589861751152,P3->P6->P11->P8->P14->P7->P9->P4->P17->P20->P2->P13->P10->P15->P1->P19->P16->P18->P12->P5
0,DRF-RH-BaseScoreOnly,20,477.0,895.0,115.55555555555556,324.202988252554,40.0,89.33118800632656,0.08385744234800839,P4->P9->P7->P17->P20->P6->P15->P13->P1->P3->P14->P5->P19->P12->P2->P11->P8->P16->P10->P18
0,DRF-RH-NoPathTimePenalty,20,277.0,561.6666666666667,141.66666666666669,218.87494299552847,40.0,90.47934098634869,0.1444043321299639,P4->P9->P17->P7->P13->P20->P1->P15->P12->P3->P6->P5->P14->P8->P2->P19->P16->P10->P18->P11
0,DRF-RH-NoPriorityCompletion,20,283.0,571.6666666666666,140.55555555555557,229.81722935713805,40.0,89.45052500348538,0.1413427561837456,P4->P9->P17->P7->P13->P20->P1->P15->P5->P11->P6->P3->P12->P8->P14->P2->P19->P16->P10->P18
0,DRF-RH-NoDeadlinePenalty,20,229.0,481.6666666666667,136.66666666666666,212.32764798241203,40.0,90.39324201876298,0.17467248908296942,P15->P4->P17->P9->P20->P2->P13->P7->P14->P8->P6->P11->P5->P12->P3->P1->P19->P16->P10->P18
0,DRF-RH-NoTopKBonus,20,229.0,481.6666666666667,136.66666666666666,212.32764798241203,40.0,90.6376619823277,0.17467248908296942,P15->P4->P17->P9->P20->P2->P13->P7->P14->P8->P6->P11->P5->P12->P3->P1->P19->P16->P10->P18
0,DRF-RH-NoHybridPool,20,229.0,481.6666666666667,136.66666666666666,212.32764798241203,40.0,83.26938498066738,0.17467248908296942,P15->P4->P17->P9->P20->P2->P13->P7->P14->P8->P6->P11->P5->P12->P3->P1->P19->P16->P10->P18
0,DRF-RH-NoDynamicRiskField,20,229.0,481.6666666666667,136.66666666666666,212.32764798241203,40.0,87.6315840287134,0.17467248908296942,P15->P4->P17->P9->P20->P2->P13->P7->P14->P8->P6->P11->P5->P12->P3->P1->P19->P16->P10->P18
1,DRF-RH-Full,20,209.0,448.33333333333326,155.83333333333331,190.46987041880286,40.0,88.75750203151256,0.19138755980861244,P16->P1->P6->P20->P17->P4->P12->P7->P11->P5->P19->P18->P14->P9->P8->P15->P2->P13->P3->P10
1,DRF-RH-Horizon1,20,235.0,491.6666666666665,93.75000000000001,205.53478207415648,40.0,36.87455801991746,0.1702127659574468,P16->P1->P13->P2->P7->P4->P17->P12->P11->P5->P8->P14->P19->P18->P9->P15->P6->P20->P3->P10
1,DRF-RH-BaseScoreOnly,20,517.0,961.6666666666667,235.83333333333334,442.1542764018089,60.0,87.74715999606997,0.11605415860735009,P17->P1->P4->P7->P6->P14->P16->P11->P12->P20->P13->P5->P19->P2->P18->P3->P15->P9->P8->P10
1,DRF-RH-NoPathTimePenalty,20,263.0,538.3333333333333,115.0,208.7577146462872,60.0,92.68624399555847,0.22813688212927757,P16->P1->P6->P17->P4->P12->P7->P13->P2->P11->P19->P14->P18->P9->P5->P20->P3->P15->P8->P10
1,DRF-RH-NoPriorityCompletion,20,263.0,538.3333333333334,145.41666666666669,234.6494000917622,60.0,92.02352998545393,0.22813688212927757,P1->P6->P17->P4->P12->P7->P11->P14->P19->P5->P2->P16->P15->P13->P3->P20->P10->P18->P9->P8
1,DRF-RH-NoDeadlinePenalty,20,209.0,448.33333333333326,155.83333333333331,190.46987041880286,40.0,88.62679300364107,0.19138755980861244,P16->P1->P6->P20->P17->P4->P12->P7->P11->P5->P19->P18->P14->P9->P8->P15->P2->P13->P3->P10
1,DRF-RH-NoTopKBonus,20,209.0,448.33333333333326,155.83333333333331,190.46987041880286,40.0,87.66673598438501,0.19138755980861244,P16->P1->P6->P20->P17->P4->P12->P7->P11->P5->P19->P18->P14->P9->P8->P15->P2->P13->P3->P10
1,DRF-RH-NoHybridPool,20,209.0,448.33333333333326,155.83333333333331,190.46987041880286,40.0,80.79799800179899,0.19138755980861244,P16->P1->P6->P20->P17->P4->P12->P7->P11->P5->P19->P18->P14->P9->P8->P15->P2->P13->P3->P10
1,DRF-RH-NoDynamicRiskField,20,209.0,448.33333333333326,155.83333333333331,190.46987041880286,40.0,86.9861159590073,0.19138755980861244,P16->P1->P6->P20->P17->P4->P12->P7->P11->P5->P19->P18->P14->P9->P8->P15->P2->P13->P3->P10
2,DRF-RH-Full,20,182.0,403.3333333333333,107.66666666666667,152.02649151140398,100.0,80.48354199854657,0.5494505494505495,P20->P13->P5->P7->P4->P18->P14->P8->P15->P2->P10->P12->P1->P11->P3->P17->P6->P19->P9->P16
2,DRF-RH-Horizon1,20,197.0,428.3333333333333,130.16666666666666,165.9057366380219,80.0,33.10641797725111,0.40609137055837563,P20->P5->P13->P7->P3->P11->P1->P2->P15->P14->P8->P18->P4->P17->P6->P9->P19->P16->P12->P10
2,DRF-RH-BaseScoreOnly,20,382.0,736.6666666666669,242.50000000000006,305.6174578859878,100.0,80.02743602264673,0.2617801047120419,P20->P5->P15->P11->P7->P14->P4->P1->P13->P3->P6->P10->P8->P2->P18->P17->P19->P9->P12->P16
2,DRF-RH-NoPathTimePenalty,20,258.0,530.0,146.0,183.5498685335565,80.0,80.1104599959217,0.31007751937984496,P20->P5->P7->P11->P1->P15->P8->P14->P18->P4->P6->P13->P3->P2->P10->P17->P19->P9->P12->P16
2,DRF-RH-NoPriorityCompletion,20,238.0,496.6666666666667,141.0,194.06286904691157,100.0,81.8138689501211,0.42016806722689076,P20->P5->P7->P11->P15->P14->P18->P4->P6->P13->P3->P1->P2->P10->P8->P12->P17->P9->P19->P16
2,DRF-RH-NoDeadlinePenalty,20,182.0,403.3333333333333,107.66666666666667,152.02649151140398,100.0,84.77356703951955,0.5494505494505495,P20->P13->P5->P7->P4->P18->P14->P8->P15->P2->P10->P12->P1->P11->P3->P17->P6->P19->P9->P16
2,DRF-RH-NoTopKBonus,20,190.0,416.66666666666663,166.66666666666669,179.1447525856686,80.0,78.2675520167686,0.42105263157894735,P20->P5->P7->P3->P11->P1->P15->P8->P14->P17->P4->P18->P6->P19->P9->P2->P10->P12->P13->P16
2,DRF-RH-NoHybridPool,20,182.0,403.3333333333333,107.66666666666667,152.02649151140398,100.0,72.95563601655886,0.5494505494505495,P20->P13->P5->P7->P4->P18->P14->P8->P15->P2->P10->P12->P1->P11->P3->P17->P6->P19->P9->P16
2,DRF-RH-NoDynamicRiskField,20,182.0,403.3333333333333,107.66666666666667,152.02649151140398,100.0,78.26751802349463,0.5494505494505495,P20->P13->P5->P7->P4->P18->P14->P8->P15->P2->P10->P12->P1->P11->P3->P17->P6->P19->P9->P16
3,DRF-RH-Full,19,193.0,416.6666666666667,107.77777777777779,164.56675898479855,80.0,90.62536503188312,0.41450777202072536,P9->P16->P1->P14->P15->P12->P17->P13->P18->P2->P20->P5->P19->P3->P8->P7->P6->P10->P4
3,DRF-RH-Horizon1,19,177.0,390.0,105.83333333333336,160.66751326902707,80.0,47.400907962583005,0.4519774011299435,P10->P9->P1->P16->P15->P2->P20->P5->P18->P13->P17->P12->P3->P14->P8->P7->P6->P4->P19
3,DRF-RH-BaseScoreOnly,19,337.0,656.6666666666667,136.66666666666666,232.25313762932942,80.0,89.62121402146295,0.23738872403560832,P9->P1->P12->P16->P15->P7->P2->P13->P17->P14->P3->P8->P10->P18->P5->P19->P6->P20->P4
3,DRF-RH-NoPathTimePenalty,19,249.0,510.0,89.44444444444444,167.74820901225624,100.0,91.89619502285495,0.40160642570281124,P9->P16->P1->P15->P2->P13->P17->P12->P3->P8->P14->P7->P6->P19->P5->P18->P10->P4->P20
3,DRF-RH-NoPriorityCompletion,19,215.0,453.33333333333337,106.11111111111113,173.20138971136177,100.0,92.02650998486206,0.46511627906976744,P1->P9->P16->P15->P2->P14->P3->P12->P19->P13->P17->P18->P5->P20->P8->P7->P6->P10->P4
3,DRF-RH-NoDeadlinePenalty,19,193.0,416.6666666666667,107.77777777777779,164.56675898479855,80.0,91.22114797355607,0.41450777202072536,P9->P16->P1->P14->P15->P12->P17->P13->P18->P2->P20->P5->P19->P3->P8->P7->P6->P10->P4
3,DRF-RH-NoTopKBonus,19,191.0,413.3333333333333,116.94444444444446,160.2794200955295,80.0,89.86575400922447,0.418848167539267,P9->P16->P1->P14->P15->P12->P3->P19->P17->P13->P18->P5->P2->P20->P8->P7->P6->P10->P4
3,DRF-RH-NoHybridPool,19,195.0,420.0,113.33333333333333,158.13702394408622,80.0,85.19637398421764,0.41025641025641024,P9->P16->P1->P14->P15->P12->P3->P8->P2->P20->P5->P17->P13->P18->P19->P7->P6->P10->P4
3,DRF-RH-NoDynamicRiskField,19,193.0,416.6666666666667,107.77777777777779,164.56675898479855,80.0,92.11437299381942,0.41450777202072536,P9->P16->P1->P14->P15->P12->P17->P13->P18->P2->P20->P5->P19->P3->P8->P7->P6->P10->P4
4,DRF-RH-Full,20,223.0,471.6666666666667,118.33333333333334,204.41485658647827,20.0,88.50662299664691,0.08968609865470852,P20->P9->P11->P17->P3->P16->P6->P5->P8->P12->P7->P1->P10->P15->P13->P2->P18->P19->P14->P4
4,DRF-RH-Horizon1,20,199.0,431.6666666666667,123.33333333333331,211.01219926122903,0.0,36.902467953041196,0.0,P20->P10->P9->P11->P17->P3->P5->P6->P16->P8->P12->P7->P1->P4->P14->P19->P18->P15->P13->P2
4,DRF-RH-BaseScoreOnly,20,489.0,914.9999999999999,150.0,360.2151611884312,20.0,85.1146740023978,0.0408997955010225,P11->P9->P20->P3->P12->P17->P5->P16->P6->P1->P19->P7->P15->P8->P18->P10->P13->P14->P4->P2
4,DRF-RH-NoPathTimePenalty,20,333.0,654.9999999999999,118.33333333333334,237.29229765844175,20.0,87.74183201603591,0.06006006006006006,P20->P9->P11->P17->P3->P12->P5->P16->P19->P1->P7->P8->P6->P15->P13->P18->P10->P4->P14->P2
4,DRF-RH-NoPriorityCompletion,20,235.0,491.66666666666674,130.0,200.73469114261337,0.0,89.28683097474277,0.0,P20->P9->P11->P17->P16->P3->P5->P6->P8->P12->P7->P1->P10->P13->P15->P18->P19->P14->P4->P2
4,DRF-RH-NoDeadlinePenalty,20,223.0,471.6666666666667,118.33333333333334,204.41485658647827,20.0,87.12946798186749,0.08968609865470852,P20->P9->P11->P17->P3->P16->P6->P5->P8->P12->P7->P1->P10->P15->P13->P2->P18->P19->P14->P4
4,DRF-RH-NoTopKBonus,20,221.0,468.33333333333337,123.33333333333331,204.4539619736262,0.0,86.23892202740535,0.0,P20->P10->P9->P11->P17->P3->P16->P6->P5->P8->P12->P7->P1->P15->P13->P2->P18->P19->P14->P4
4,DRF-RH-NoHybridPool,20,223.0,471.6666666666667,118.33333333333334,204.41485658647827,20.0,76.0466149658896,0.08968609865470852,P20->P9->P11->P17->P3->P16->P6->P5->P8->P12->P7->P1->P10->P15->P13->P2->P18->P19->P14->P4
4,DRF-RH-NoDynamicRiskField,20,223.0,471.6666666666667,118.33333333333334,204.41485658647827,20.0,86.40644000843167,0.08968609865470852,P20->P9->P11->P17->P3->P16->P6->P5->P8->P12->P7->P1->P10->P15->P13->P2->P18->P19->P14->P4
5,DRF-RH-Full,20,255.0,525.0,111.11111111111113,197.62382083438467,80.0,87.75525901000947,0.3137254901960784,P14->P9->P6->P19->P1->P4->P7->P8->P5->P10->P18->P12->P15->P2->P16->P13->P17->P11->P20->P3
5,DRF-RH-Horizon1,20,243.0,504.99999999999994,128.88888888888889,191.61021041919437,60.0,36.593450990039855,0.24691358024691357,P14->P15->P12->P6->P9->P5->P19->P1->P7->P4->P8->P17->P11->P13->P16->P2->P10->P18->P3->P20
5,DRF-RH-BaseScoreOnly,20,511.0,951.6666666666667,268.33333333333337,392.10213851507996,60.0,85.58939496288076,0.11741682974559686,P6->P7->P14->P19->P4->P9->P10->P17->P1->P18->P8->P12->P16->P5->P11->P15->P2->P13->P3->P20
5,DRF-RH-NoPathTimePenalty,20,293.0,588.3333333333333,100.83333333333333,198.58654420131333,80.0,86.72614302486181,0.27303754266211605,P14->P6->P9->P1->P4->P7->P8->P19->P10->P18->P12->P15->P16->P17->P11->P13->P5->P3->P2->P20
5,DRF-RH-NoPriorityCompletion,20,265.0,541.6666666666667,109.16666666666667,209.30051411625917,80.0,87.4357700231485,0.3018867924528302,P14->P6->P9->P7->P4->P1->P8->P19->P5->P10->P18->P12->P15->P2->P16->P13->P17->P11->P20->P3
5,DRF-RH-NoDeadlinePenalty,20,255.0,525.0,111.11111111111113,197.62382083438467,80.0,87.5527510070242,0.3137254901960784,P14->P9->P6->P19->P1->P4->P7->P8->P5->P10->P18->P12->P15->P2->P16->P13->P17->P11->P20->P3
5,DRF-RH-NoTopKBonus,20,255.0,525.0,122.77777777777777,196.16577043141712,60.0,88.08921597665176,0.23529411764705882,P14->P9->P6->P10->P18->P19->P1->P4->P7->P8->P5->P12->P15->P2->P16->P13->P17->P11->P20->P3
5,DRF-RH-NoHybridPool,20,255.0,525.0,111.11111111111113,197.62382083438467,80.0,82.05436600837857,0.3137254901960784,P14->P9->P6->P19->P1->P4->P7->P8->P5->P10->P18->P12->P15->P2->P16->P13->P17->P11->P20->P3
5,DRF-RH-NoDynamicRiskField,20,255.0,525.0,111.11111111111113,197.62382083438467,80.0,87.90119999321178,0.3137254901960784,P14->P9->P6->P19->P1->P4->P7->P8->P5->P10->P18->P12->P15->P2->P16->P13->P17->P11->P20->P3
6,DRF-RH-Full,20,229.0,481.66666666666674,146.66666666666669,159.19364776908333,40.0,88.20497401757166,0.17467248908296942,P10->P17->P5->P2->P18->P20->P13->P4->P12->P16->P9->P15->P3->P6->P11->P8->P1->P7->P14->P19
6,DRF-RH-Horizon1,20,197.0,428.3333333333334,142.66666666666669,166.4380703335153,40.0,36.48292401339859,0.20304568527918782,P10->P17->P5->P2->P15->P20->P13->P12->P16->P9->P14->P4->P18->P7->P3->P6->P11->P8->P1->P19
6,DRF-RH-BaseScoreOnly,20,438.0,830.0,232.33333333333334,275.0837083844814,60.0,93.09034503530711,0.136986301369863,P5->P18->P10->P20->P12->P2->P16->P13->P17->P15->P3->P8->P11->P9->P4->P19->P6->P7->P14->P1
6,DRF-RH-NoPathTimePenalty,20,318.0,630.0,118.33333333333334,162.06698177500954,60.0,90.66278301179409,0.18867924528301888,P10->P5->P2->P18->P12->P16->P20->P13->P3->P11->P8->P15->P17->P4->P9->P14->P6->P19->P7->P1
6,DRF-RH-NoPriorityCompletion,20,264.0,540.0,126.6666666666667,173.40652452799995,80.0,93.33784901537001,0.30303030303030304,P10->P5->P18->P12->P16->P20->P13->P17->P15->P2->P6->P3->P11->P8->P7->P9->P14->P4->P19->P1
6,DRF-RH-NoDeadlinePenalty,20,229.0,481.66666666666674,146.66666666666669,159.19364776908333,40.0,89.85891699558124,0.17467248908296942,P10->P17->P5->P2->P18->P20->P13->P4->P12->P16->P9->P15->P3->P6->P11->P8->P1->P7->P14->P19
6,DRF-RH-NoTopKBonus,20,227.0,478.3333333333334,144.66666666666669,157.00974542350846,40.0,91.42065997002646,0.1762114537444934,P10->P17->P5->P2->P18->P13->P20->P4->P12->P16->P9->P15->P3->P6->P11->P8->P1->P7->P14->P19
6,DRF-RH-NoHybridPool,20,229.0,481.66666666666674,146.66666666666669,159.19364776908333,40.0,84.77967395447195,0.17467248908296942,P10->P17->P5->P2->P18->P20->P13->P4->P12->P16->P9->P15->P3->P6->P11->P8->P1->P7->P14->P19
6,DRF-RH-NoDynamicRiskField,20,229.0,481.66666666666674,146.66666666666669,159.19364776908333,40.0,87.32680202228948,0.17467248908296942,P10->P17->P5->P2->P18->P20->P13->P4->P12->P16->P9->P15->P3->P6->P11->P8->P1->P7->P14->P19
7,DRF-RH-Full,20,220.0,466.66666666666663,84.58333333333334,169.57228607282872,40.0,80.97927097696811,0.18181818181818182,P12->P3->P15->P13->P16->P11->P20->P6->P5->P10->P4->P18->P1->P17->P8->P7->P2->P14->P9->P19
7,DRF-RH-Horizon1,20,184.0,406.66666666666663,101.66666666666666,167.19825585310616,40.0,31.73184802290052,0.21739130434782608,P12->P3->P15->P13->P7->P2->P16->P14->P11->P19->P20->P6->P4->P10->P5->P1->P18->P8->P17->P9
7,DRF-RH-BaseScoreOnly,20,408.0,780.0,135.41666666666669,306.0037618979151,60.0,80.31017903704196,0.14705882352941177,P12->P20->P13->P11->P15->P16->P3->P6->P4->P1->P9->P14->P18->P5->P10->P2->P7->P8->P17->P19
7,DRF-RH-NoPathTimePenalty,20,280.0,566.6666666666666,90.00000000000001,199.76165815932902,60.0,82.69355999073014,0.21428571428571427,P12->P20->P11->P16->P13->P15->P3->P4->P6->P18->P1->P5->P10->P9->P14->P2->P7->P8->P17->P19
7,DRF-RH-NoPriorityCompletion,20,245.0,508.33333333333326,90.00000000000001,194.2690384608808,60.0,81.8474050029181,0.24489795918367346,P12->P20->P11->P16->P13->P15->P3->P4->P6->P18->P1->P5->P10->P7->P2->P14->P9->P19->P8->P17
7,DRF-RH-NoDeadlinePenalty,20,220.0,466.66666666666663,84.58333333333334,169.57228607282872,40.0,83.05136900162324,0.18181818181818182,P12->P3->P15->P13->P16->P11->P20->P6->P5->P10->P4->P18->P1->P17->P8->P7->P2->P14->P9->P19
7,DRF-RH-NoTopKBonus,20,226.0,476.66666666666663,87.91666666666666,172.62766736663602,40.0,81.54544496210292,0.17699115044247787,P12->P3->P15->P13->P4->P11->P20->P6->P5->P10->P1->P18->P8->P17->P16->P2->P7->P14->P9->P19
7,DRF-RH-NoHybridPool,20,220.0,466.66666666666663,84.58333333333334,169.57228607282872,40.0,75.74292697245255,0.18181818181818182,P12->P3->P15->P13->P16->P11->P20->P6->P5->P10->P4->P18->P1->P17->P8->P7->P2->P14->P9->P19
7,DRF-RH-NoDynamicRiskField,20,220.0,466.66666666666663,84.58333333333334,169.57228607282872,40.0,79.66118800686672,0.18181818181818182,P12->P3->P15->P13->P16->P11->P20->P6->P5->P10->P4->P18->P1->P17->P8->P7->P2->P14->P9->P19
8,DRF-RH-Full,20,266.0,543.3333333333334,39.16666666666667,195.11026235602398,40.0,86.85817796504125,0.15037593984962405,P6->P4->P19->P11->P16->P20->P12->P10->P7->P17->P18->P8->P3->P13->P9->P14->P1->P2->P5->P15
8,DRF-RH-Horizon1,20,206.0,443.33333333333326,39.16666666666667,188.82595993625944,40.0,35.308488993905485,0.1941747572815534,P6->P4->P19->P11->P15->P5->P8->P18->P17->P10->P12->P7->P1->P20->P16->P2->P13->P3->P9->P14
8,DRF-RH-BaseScoreOnly,20,440.0,833.3333333333333,135.83333333333334,325.7353501424412,20.0,86.48688497487456,0.045454545454545456,P19->P11->P18->P10->P8->P4->P16->P12->P6->P17->P9->P7->P13->P20->P3->P15->P5->P14->P2->P1
8,DRF-RH-NoPathTimePenalty,20,300.0,599.9999999999999,34.16666666666667,216.93131769630142,40.0,86.58613002626225,0.13333333333333333,P4->P19->P11->P18->P8->P6->P10->P12->P7->P9->P16->P20->P13->P3->P17->P5->P15->P14->P1->P2
8,DRF-RH-NoPriorityCompletion,20,272.0,553.3333333333333,78.33333333333334,211.14370618404294,40.0,86.64951898390427,0.14705882352941177,P19->P11->P4->P8->P18->P17->P10->P12->P7->P9->P16->P20->P13->P3->P6->P15->P5->P2->P14->P1
8,DRF-RH-NoDeadlinePenalty,20,266.0,543.3333333333334,39.16666666666667,195.11026235602398,40.0,84.98018799582496,0.15037593984962405,P6->P4->P19->P11->P16->P20->P12->P10->P7->P17->P18->P8->P3->P13->P9->P14->P1->P2->P5->P15
8,DRF-RH-NoTopKBonus,20,248.0,513.3333333333334,196.66666666666669,225.32507673591493,20.0,87.23717101383954,0.08064516129032258,P6->P8->P18->P19->P11->P16->P20->P12->P10->P7->P17->P4->P15->P5->P3->P13->P2->P9->P14->P1
8,DRF-RH-NoHybridPool,20,266.0,543.3333333333334,39.16666666666667,195.11026235602398,40.0,80.97152598202229,0.15037593984962405,P6->P4->P19->P11->P16->P20->P12->P10->P7->P17->P18->P8->P3->P13->P9->P14->P1->P2->P5->P15
8,DRF-RH-NoDynamicRiskField,20,266.0,543.3333333333334,39.16666666666667,195.11026235602398,40.0,84.86662805080414,0.15037593984962405,P6->P4->P19->P11->P16->P20->P12->P10->P7->P17->P18->P8->P3->P13->P9->P14->P1->P2->P5->P15
9,DRF-RH-Full,20,206.0,443.3333333333333,154.16666666666666,173.1979614085903,40.0,81.05529303429648,0.1941747572815534,P4->P15->P1->P12->P2->P13->P14->P19->P7->P17->P20->P6->P5->P9->P10->P11->P3->P18->P16->P8
9,DRF-RH-Horizon1,20,174.0,389.99999999999994,163.88888888888889,186.19886448326932,40.0,31.502614030614495,0.22988505747126436,P4->P15->P9->P10->P6->P5->P8->P20->P17->P16->P3->P18->P7->P12->P1->P14->P19->P11->P2->P13
9,DRF-RH-BaseScoreOnly,20,415.0,791.6666666666664,319.7222222222222,379.26475714478784,60.0,82.4199549970217,0.14457831325301204,P17->P15->P1->P7->P6->P9->P13->P4->P5->P14->P12->P20->P2->P19->P10->P18->P16->P3->P8->P11
9,DRF-RH-NoPathTimePenalty,20,271.0,551.6666666666666,128.61111111111111,200.4994784675716,60.0,81.98595599969849,0.22140221402214022,P4->P15->P9->P6->P20->P17->P7->P14->P1->P12->P2->P13->P5->P10->P19->P3->P18->P8->P11->P16
9,DRF-RH-NoPriorityCompletion,20,229.0,481.66666666666663,150.27777777777777,204.23602506472685,60.0,83.23154400568455,0.26200873362445415,P4->P15->P1->P17->P20->P6->P13->P2->P12->P7->P19->P14->P10->P9->P5->P8->P16->P18->P3->P11
9,DRF-RH-NoDeadlinePenalty,20,206.0,443.3333333333333,154.16666666666666,173.1979614085903,40.0,81.39467297587544,0.1941747572815534,P4->P15->P1->P12->P2->P13->P14->P19->P7->P17->P20->P6->P5->P9->P10->P11->P3->P18->P16->P8
9,DRF-RH-NoTopKBonus,20,206.0,443.3333333333333,142.22222222222226,167.4395682489663,40.0,81.23708300990984,0.1941747572815534,P4->P15->P13->P12->P1->P14->P19->P7->P18->P17->P20->P6->P5->P9->P10->P2->P11->P3->P16->P8
9,DRF-RH-NoHybridPool,20,206.0,443.3333333333333,154.16666666666666,173.1979614085903,40.0,73.96500103641301,0.1941747572815534,P4->P15->P1->P12->P2->P13->P14->P19->P7->P17->P20->P6->P5->P9->P10->P11->P3->P18->P16->P8
9,DRF-RH-NoDynamicRiskField,20,206.0,443.3333333333333,154.16666666666666,173.1979614085903,40.0,79.99350700993091,0.1941747572815534,P4->P15->P1->P12->P2->P13->P14->P19->P7->P17->P20->P6->P5->P9->P10->P11->P3->P18->P16->P8
10,DRF-RH-Full,19,202.0,431.66666666666663,105.0,169.25875829769225,80.0,100.87703901808709,0.39603960396039606,P8->P7->P11->P16->P19->P20->P1->P2->P4->P14->P3->P13->P5->P10->P9->P17->P15->P18->P12
10,DRF-RH-Horizon1,19,175.0,386.6666666666667,116.0,161.03081577209548,40.0,53.04089700803161,0.22857142857142856,P10->P9->P17->P7->P8->P11->P2->P19->P20->P1->P16->P14->P4->P3->P18->P12->P13->P5->P15
10,DRF-RH-BaseScoreOnly,19,371.0,713.3333333333333,137.33333333333334,250.757433028289,60.0,96.79329697974026,0.16172506738544473,P7->P11->P8->P20->P16->P2->P13->P19->P5->P4->P14->P10->P17->P9->P1->P3->P12->P18->P15
10,DRF-RH-NoPathTimePenalty,19,244.0,501.66666666666674,100.33333333333333,176.32123464407888,80.0,98.52369100553915,0.32786885245901637,P8->P7->P11->P16->P19->P2->P4->P20->P13->P5->P17->P10->P9->P3->P18->P14->P1->P15->P12
10,DRF-RH-NoPriorityCompletion,19,207.0,440.0,104.0,171.54037373121514,80.0,103.81999099627137,0.3864734299516908,P8->P7->P11->P16->P19->P20->P2->P4->P14->P13->P5->P10->P9->P17->P18->P3->P12->P1->P15
10,DRF-RH-NoDeadlinePenalty,19,202.0,431.66666666666663,105.0,169.25875829769225,80.0,103.46774599747732,0.39603960396039606,P8->P7->P11->P16->P19->P20->P1->P2->P4->P14->P3->P13->P5->P10->P9->P17->P15->P18->P12
10,DRF-RH-NoTopKBonus,19,198.0,425.0,109.33333333333333,155.9176926420164,60.0,101.60972498124465,0.30303030303030304,P13->P8->P11->P7->P16->P19->P20->P1->P2->P4->P14->P3->P5->P10->P9->P17->P15->P18->P12
10,DRF-RH-NoHybridPool,19,202.0,431.66666666666663,105.0,169.25875829769225,80.0,96.74389299470931,0.39603960396039606,P8->P7->P11->P16->P19->P20->P1->P2->P4->P14->P3->P13->P5->P10->P9->P17->P15->P18->P12
10,DRF-RH-NoDynamicRiskField,19,202.0,431.66666666666663,105.0,169.25875829769225,80.0,100.26823997031897,0.39603960396039606,P8->P7->P11->P16->P19->P20->P1->P2->P4->P14->P3->P13->P5->P10->P9->P17->P15->P18->P12
11,DRF-RH-Full,20,217.0,461.6666666666667,68.66666666666666,175.6090999609304,80.0,80.55345498723909,0.3686635944700461,P3->P20->P13->P2->P10->P7->P4->P9->P6->P19->P8->P18->P11->P17->P12->P5->P14->P1->P15->P16
11,DRF-RH-Horizon1,20,183.0,405.00000000000006,90.0,188.29137756966318,80.0,31.72989300219342,0.4371584699453552,P3->P13->P2->P20->P17->P12->P5->P18->P8->P10->P4->P7->P6->P9->P16->P19->P11->P15->P1->P14
11,DRF-RH-BaseScoreOnly,20,398.0,763.3333333333333,168.0,325.6704471862737,80.0,80.21507097873837,0.20100502512562815,P3->P13->P6->P20->P2->P9->P10->P17->P4->P7->P19->P18->P8->P14->P15->P1->P16->P12->P11->P5
11,DRF-RH-NoPathTimePenalty,20,254.0,523.3333333333333,68.66666666666666,173.81972950655364,80.0,78.97234498523176,0.31496062992125984,P3->P20->P13->P2->P10->P7->P4->P9->P6->P19->P18->P8->P17->P12->P11->P15->P1->P14->P16->P5
11,DRF-RH-NoPriorityCompletion,20,232.0,486.66666666666663,67.66666666666666,176.75772765555828,80.0,80.08677000179887,0.3448275862068966,P3->P20->P13->P2->P10->P4->P7->P9->P6->P19->P8->P18->P17->P11->P16->P15->P1->P14->P5->P12
11,DRF-RH-NoDeadlinePenalty,20,217.0,461.6666666666667,68.66666666666666,175.6090999609304,80.0,80.76194603927433,0.3686635944700461,P3->P20->P13->P2->P10->P7->P4->P9->P6->P19->P8->P18->P11->P17->P12->P5->P14->P1->P15->P16
11,DRF-RH-NoTopKBonus,20,217.0,461.6666666666667,68.66666666666666,175.6090999609304,80.0,79.40670300740749,0.3686635944700461,P3->P20->P13->P2->P10->P7->P4->P9->P6->P19->P8->P18->P11->P17->P12->P5->P14->P1->P15->P16
11,DRF-RH-NoHybridPool,20,217.0,461.6666666666667,68.66666666666666,175.6090999609304,80.0,71.11456902930513,0.3686635944700461,P3->P20->P13->P2->P10->P7->P4->P9->P6->P19->P8->P18->P11->P17->P12->P5->P14->P1->P15->P16
11,DRF-RH-NoDynamicRiskField,20,217.0,461.6666666666667,68.66666666666666,175.6090999609304,80.0,78.57014803448692,0.3686635944700461,P3->P20->P13->P2->P10->P7->P4->P9->P6->P19->P8->P18->P11->P17->P12->P5->P14->P1->P15->P16
12,DRF-RH-Full,20,210.0,449.99999999999994,86.48148148148148,142.58188425813003,100.0,80.17805899726227,0.47619047619047616,P7->P19->P16->P14->P18->P12->P6->P20->P4->P13->P9->P5->P2->P3->P1->P8->P17->P15->P10->P11
12,DRF-RH-Horizon1,20,208.0,446.6666666666667,95.74074074074073,145.78604988911795,100.0,31.07579698553309,0.4807692307692308,P7->P19->P16->P14->P18->P12->P6->P10->P17->P8->P20->P4->P13->P9->P5->P2->P3->P1->P15->P11
12,DRF-RH-BaseScoreOnly,20,452.0,853.3333333333333,315.5555555555555,383.03275067054847,80.0,80.331920995377,0.17699115044247787,P18->P16->P6->P19->P20->P7->P5->P4->P3->P13->P12->P10->P14->P2->P9->P15->P17->P1->P8->P11
12,DRF-RH-NoPathTimePenalty,20,250.0,516.6666666666667,111.4814814814815,162.85241870475778,100.0,80.0153769669123,0.4,P19->P16->P14->P18->P12->P6->P20->P4->P13->P5->P2->P7->P3->P17->P1->P15->P10->P8->P9->P11
12,DRF-RH-NoPriorityCompletion,20,240.0,500.0,142.96296296296296,186.47062025963666,100.0,82.07611896796152,0.4166666666666667,P19->P16->P18->P12->P6->P20->P4->P5->P13->P9->P2->P14->P7->P3->P1->P8->P17->P15->P10->P11
12,DRF-RH-NoDeadlinePenalty,20,210.0,449.99999999999994,86.48148148148148,142.58188425813003,100.0,79.27759498124942,0.47619047619047616,P7->P19->P16->P14->P18->P12->P6->P20->P4->P13->P9->P5->P2->P3->P1->P8->P17->P15->P10->P11
12,DRF-RH-NoTopKBonus,20,196.0,426.66666666666663,112.03703703703702,147.4030839659738,100.0,78.17067101132125,0.5102040816326531,P7->P19->P16->P14->P18->P12->P6->P10->P20->P4->P9->P5->P2->P3->P1->P8->P17->P15->P13->P11
12,DRF-RH-NoHybridPool,20,218.0,463.3333333333333,107.22222222222223,157.0239629482001,100.0,72.04094395274296,0.45871559633027525,P7->P19->P16->P18->P12->P6->P20->P4->P13->P5->P9->P2->P14->P3->P1->P8->P17->P15->P10->P11
12,DRF-RH-NoDynamicRiskField,20,210.0,449.99999999999994,86.48148148148148,142.58188425813003,100.0,77.52591604366899,0.47619047619047616,P7->P19->P16->P14->P18->P12->P6->P20->P4->P13->P9->P5->P2->P3->P1->P8->P17->P15->P10->P11
13,DRF-RH-Full,20,221.0,468.33333333333326,155.33333333333331,220.1049274152056,40.0,96.53449000325054,0.18099547511312217,P10->P11->P9->P3->P14->P6->P7->P18->P2->P5->P12->P4->P17->P19->P1->P15->P16->P8->P13->P20
13,DRF-RH-Horizon1,20,230.0,483.3333333333333,167.33333333333331,185.70435495181556,20.0,47.10613697534427,0.08695652173913043,P13->P8->P10->P11->P9->P2->P5->P12->P4->P19->P3->P7->P6->P14->P18->P15->P1->P16->P20->P17
13,DRF-RH-BaseScoreOnly,20,482.0,903.3333333333334,211.66666666666669,386.3693411291627,80.0,93.25928398175165,0.16597510373443983,P4->P7->P9->P3->P11->P12->P2->P18->P13->P10->P14->P20->P8->P5->P6->P15->P16->P19->P1->P17
13,DRF-RH-NoPathTimePenalty,20,279.0,565.0,129.33333333333331,233.40784058201484,80.0,96.12297400599346,0.2867383512544803,P11->P9->P7->P3->P4->P12->P2->P5->P10->P8->P13->P20->P15->P18->P6->P14->P1->P16->P17->P19
13,DRF-RH-NoPriorityCompletion,20,250.0,516.6666666666667,167.33333333333334,243.4089833086595,80.0,99.30370998336002,0.32,P11->P9->P4->P3->P7->P18->P15->P10->P13->P8->P20->P16->P5->P12->P2->P19->P17->P14->P6->P1
13,DRF-RH-NoDeadlinePenalty,20,221.0,468.33333333333326,155.33333333333331,220.1049274152056,40.0,97.66949701588601,0.18099547511312217,P10->P11->P9->P3->P14->P6->P7->P18->P2->P5->P12->P4->P17->P19->P1->P15->P16->P8->P13->P20
13,DRF-RH-NoTopKBonus,20,194.0,423.3333333333333,155.66666666666666,177.6673609932863,20.0,95.93168797437102,0.10309278350515463,P8->P10->P11->P9->P18->P7->P6->P14->P3->P19->P4->P17->P12->P2->P5->P16->P13->P20->P15->P1
13,DRF-RH-NoHybridPool,20,221.0,468.33333333333326,155.33333333333331,220.1049274152056,40.0,91.61893697455525,0.18099547511312217,P10->P11->P9->P3->P14->P6->P7->P18->P2->P5->P12->P4->P17->P19->P1->P15->P16->P8->P13->P20
13,DRF-RH-NoDynamicRiskField,20,221.0,468.33333333333326,155.33333333333331,220.1049274152056,40.0,98.56310801114887,0.18099547511312217,P10->P11->P9->P3->P14->P6->P7->P18->P2->P5->P12->P4->P17->P19->P1->P15->P16->P8->P13->P20
14,DRF-RH-Full,20,283.0,571.6666666666667,132.5,203.6631592028864,60.0,87.5416460330598,0.21201413427561838,P11->P12->P14->P19->P17->P15->P10->P16->P13->P6->P4->P5->P20->P3->P7->P8->P18->P9->P2->P1
14,DRF-RH-Horizon1,20,241.0,501.6666666666667,88.05555555555556,182.62640800409903,100.0,34.058766963426024,0.4149377593360996,P11->P20->P15->P14->P19->P12->P17->P6->P13->P16->P10->P9->P18->P7->P3->P2->P5->P4->P1->P8
14,DRF-RH-BaseScoreOnly,20,469.0,881.6666666666666,176.94444444444443,338.703178492731,80.0,83.87799595948309,0.17057569296375266,P19->P14->P15->P12->P16->P17->P11->P9->P10->P4->P20->P6->P7->P13->P5->P18->P2->P3->P8->P1
14,DRF-RH-NoPathTimePenalty,20,305.0,608.3333333333334,117.77777777777779,216.7621793410748,80.0,86.77995397010818,0.26229508196721313,P11->P15->P12->P14->P19->P17->P10->P16->P9->P20->P5->P4->P6->P13->P7->P3->P2->P8->P18->P1
14,DRF-RH-NoPriorityCompletion,20,283.0,571.6666666666666,140.27777777777777,221.8728388964778,60.0,86.0220609465614,0.21201413427561838,P15->P14->P12->P17->P19->P16->P10->P9->P11->P20->P5->P4->P6->P13->P18->P8->P7->P3->P2->P1
14,DRF-RH-NoDeadlinePenalty,20,283.0,571.6666666666667,132.5,203.6631592028864,60.0,87.6032059895806,0.21201413427561838,P11->P12->P14->P19->P17->P15->P10->P16->P13->P6->P4->P5->P20->P3->P7->P8->P18->P9->P2->P1
14,DRF-RH-NoTopKBonus,20,257.0,528.3333333333334,140.00000000000003,208.7823633275323,60.0,86.6407000576146,0.23346303501945526,P11->P12->P14->P19->P17->P15->P4->P6->P16->P10->P9->P18->P7->P3->P20->P2->P5->P13->P1->P8
14,DRF-RH-NoHybridPool,20,239.0,498.3333333333333,127.5,204.14962713533328,80.0,80.17646399093792,0.33472803347280333,P11->P15->P14->P19->P12->P17->P6->P16->P10->P9->P18->P7->P3->P2->P20->P5->P4->P13->P1->P8
14,DRF-RH-NoDynamicRiskField,20,283.0,571.6666666666667,132.5,203.6631592028864,60.0,88.1210399675183,0.21201413427561838,P11->P12->P14->P19->P17->P15->P10->P16->P13->P6->P4->P5->P20->P3->P7->P8->P18->P9->P2->P1
15,DRF-RH-Full,20,250.0,516.6666666666667,103.75000000000001,205.94181772408294,60.0,83.60104996245354,0.24,P20->P4->P13->P19->P8->P17->P6->P7->P16->P14->P1->P3->P15->P5->P10->P18->P2->P11->P12->P9
15,DRF-RH-Horizon1,20,205.0,441.66666666666674,161.66666666666669,183.01300963407076,60.0,31.648448028136045,0.2926829268292683,P16->P20->P4->P13->P8->P17->P19->P6->P7->P11->P2->P10->P18->P12->P3->P15->P5->P9->P1->P14
15,DRF-RH-BaseScoreOnly,20,426.0,809.9999999999999,110.83333333333336,271.7058025984326,60.0,77.29774102335796,0.14084507042253522,P20->P13->P4->P6->P19->P16->P14->P8->P10->P7->P1->P17->P15->P18->P3->P12->P2->P5->P11->P9
15,DRF-RH-NoPathTimePenalty,20,288.0,580.0,117.91666666666667,222.83399497109625,60.0,79.6458279946819,0.20833333333333334,P20->P4->P6->P19->P13->P10->P16->P14->P1->P7->P17->P8->P3->P15->P12->P18->P2->P11->P5->P9
15,DRF-RH-NoPriorityCompletion,20,262.0,536.6666666666666,108.75000000000001,223.09165840688195,60.0,82.12466898839921,0.22900763358778625,P13->P4->P20->P6->P16->P14->P7->P19->P17->P8->P3->P15->P5->P10->P18->P12->P2->P11->P1->P9
15,DRF-RH-NoDeadlinePenalty,20,250.0,516.6666666666667,103.75000000000001,205.94181772408294,60.0,81.43685001414269,0.24,P20->P4->P13->P19->P8->P17->P6->P7->P16->P14->P1->P3->P15->P5->P10->P18->P2->P11->P12->P9
15,DRF-RH-NoTopKBonus,20,209.0,448.33333333333337,160.83333333333334,183.74747855374008,60.0,81.59739401889965,0.28708133971291866,P16->P6->P20->P4->P13->P19->P17->P8->P3->P12->P7->P2->P18->P10->P5->P15->P9->P1->P14->P11
15,DRF-RH-NoHybridPool,20,250.0,516.6666666666667,103.75000000000001,205.94181772408294,60.0,75.87233203230426,0.24,P20->P4->P13->P19->P8->P17->P6->P7->P16->P14->P1->P3->P15->P5->P10->P18->P2->P11->P12->P9
15,DRF-RH-NoDynamicRiskField,20,250.0,516.6666666666667,103.75000000000001,205.94181772408294,60.0,81.40864595770836,0.24,P20->P4->P13->P19->P8->P17->P6->P7->P16->P14->P1->P3->P15->P5->P10->P18->P2->P11->P12->P9
16,DRF-RH-Full,20,201.0,435.00000000000006,125.00000000000001,207.65951046379567,0.0,84.9687930312939,0.0,P16->P15->P18->P12->P19->P4->P11->P3->P20->P9->P14->P5->P2->P1->P7->P8->P17->P6->P13->P10
16,DRF-RH-Horizon1,20,215.0,458.33333333333337,128.33333333333334,212.5787939188315,0.0,33.02171599352732,0.0,P6->P16->P15->P18->P12->P4->P19->P11->P14->P20->P9->P3->P5->P1->P2->P7->P8->P17->P13->P10
16,DRF-RH-BaseScoreOnly,20,473.0,888.3333333333334,70.0,409.2565045350701,20.0,80.50497097428888,0.042283298097251586,P4->P15->P19->P16->P18->P20->P9->P12->P11->P17->P3->P13->P7->P10->P1->P8->P5->P14->P2->P6
16,DRF-RH-NoPathTimePenalty,20,289.0,581.6666666666666,78.33333333333334,274.3789259046377,20.0,82.46403298107907,0.06920415224913495,P19->P4->P18->P15->P16->P12->P20->P9->P3->P11->P1->P7->P17->P8->P5->P14->P10->P13->P6->P2
16,DRF-RH-NoPriorityCompletion,20,231.0,485.00000000000006,120.00000000000001,221.09773403878694,20.0,84.08314699772745,0.08658008658008658,P16->P15->P18->P19->P4->P11->P12->P3->P20->P9->P5->P1->P2->P10->P13->P6->P17->P8->P7->P14
16,DRF-RH-NoDeadlinePenalty,20,201.0,435.00000000000006,125.00000000000001,207.65951046379567,0.0,85.15128801809624,0.0,P16->P15->P18->P12->P19->P4->P11->P3->P20->P9->P14->P5->P2->P1->P7->P8->P17->P6->P13->P10
16,DRF-RH-NoTopKBonus,20,201.0,435.00000000000006,125.00000000000001,207.65951046379567,0.0,84.81042098719627,0.0,P16->P15->P18->P12->P19->P4->P11->P3->P20->P9->P14->P5->P2->P1->P7->P8->P17->P6->P13->P10
16,DRF-RH-NoHybridPool,20,201.0,435.00000000000006,125.00000000000001,207.65951046379567,0.0,76.16318599320948,0.0,P16->P15->P18->P12->P19->P4->P11->P3->P20->P9->P14->P5->P2->P1->P7->P8->P17->P6->P13->P10
16,DRF-RH-NoDynamicRiskField,20,201.0,435.00000000000006,125.00000000000001,207.65951046379567,0.0,83.1635560025461,0.0,P16->P15->P18->P12->P19->P4->P11->P3->P20->P9->P14->P5->P2->P1->P7->P8->P17->P6->P13->P10
17,DRF-RH-Full,20,187.0,411.66666666666674,278.33333333333337,198.80570493981924,0.0,73.89671000419185,0.0,P10->P12->P2->P16->P20->P9->P5->P11->P8->P4->P17->P18->P1->P14->P3->P6->P13->P7->P19->P15
17,DRF-RH-Horizon1,20,168.0,380.0,288.3333333333333,185.5835089098376,0.0,29.88229796756059,0.0,P5->P11->P8->P4->P10->P9->P20->P2->P12->P16->P14->P1->P17->P18->P15->P19->P3->P6->P13->P7
17,DRF-RH-BaseScoreOnly,20,389.0,748.3333333333334,251.6666666666667,330.42729253742425,0.0,75.50870504928753,0.0,P12->P2->P5->P11->P10->P18->P20->P17->P16->P4->P1->P8->P9->P14->P3->P13->P6->P7->P19->P15
17,DRF-RH-NoPathTimePenalty,20,223.0,471.6666666666668,176.66666666666669,192.91969451165664,0.0,76.02123799733818,0.0,P5->P10->P12->P2->P16->P20->P18->P17->P1->P4->P8->P11->P3->P14->P6->P9->P13->P7->P19->P15
17,DRF-RH-NoPriorityCompletion,20,202.0,436.6666666666667,170.0,186.61978664519432,0.0,76.95428695296869,0.0,P5->P10->P2->P20->P16->P12->P18->P17->P1->P14->P3->P11->P8->P4->P9->P6->P19->P15->P13->P7
17,DRF-RH-NoDeadlinePenalty,20,187.0,411.66666666666674,278.33333333333337,198.80570493981924,0.0,73.75903695356101,0.0,P10->P12->P2->P16->P20->P9->P5->P11->P8->P4->P17->P18->P1->P14->P3->P6->P13->P7->P19->P15
17,DRF-RH-NoTopKBonus,20,187.0,411.66666666666674,278.33333333333337,198.80570493981924,0.0,72.99759599845856,0.0,P10->P12->P2->P16->P20->P9->P5->P11->P8->P4->P17->P18->P1->P14->P3->P6->P13->P7->P19->P15
17,DRF-RH-NoHybridPool,20,187.0,411.66666666666674,278.33333333333337,198.80570493981924,0.0,68.2416629861109,0.0,P10->P12->P2->P16->P20->P9->P5->P11->P8->P4->P17->P18->P1->P14->P3->P6->P13->P7->P19->P15
17,DRF-RH-NoDynamicRiskField,20,187.0,411.66666666666674,278.33333333333337,198.80570493981924,0.0,71.9597460119985,0.0,P10->P12->P2->P16->P20->P9->P5->P11->P8->P4->P17->P18->P1->P14->P3->P6->P13->P7->P19->P15
18,DRF-RH-Full,20,261.0,535.0,168.33333333333334,216.56595359258154,40.0,96.66445601033047,0.1532567049808429,P18->P7->P16->P5->P19->P3->P1->P14->P6->P12->P20->P2->P10->P4->P17->P13->P15->P11->P8->P9
18,DRF-RH-Horizon1,20,251.0,518.3333333333334,237.7777777777778,209.01507743633937,20.0,45.58683099457994,0.0796812749003984,P18->P12->P6->P14->P7->P16->P5->P1->P3->P15->P19->P10->P11->P20->P8->P9->P2->P13->P4->P17
18,DRF-RH-BaseScoreOnly,20,489.0,915.0,116.1111111111111,371.9928113947572,60.0,92.8332670009695,0.12269938650306748,P7->P16->P18->P4->P5->P3->P14->P19->P1->P6->P15->P20->P12->P17->P2->P10->P9->P13->P11->P8
18,DRF-RH-NoPathTimePenalty,20,287.0,578.3333333333334,110.55555555555556,232.22104447206974,40.0,92.18114003306255,0.13937282229965156,P18->P7->P16->P5->P3->P4->P17->P14->P6->P12->P20->P1->P19->P15->P10->P2->P11->P8->P9->P13
18,DRF-RH-NoPriorityCompletion,20,283.0,571.6666666666667,112.22222222222223,239.2997305257576,40.0,96.08928998932242,0.1413427561837456,P18->P7->P16->P5->P1->P3->P4->P14->P6->P12->P20->P2->P10->P19->P15->P11->P8->P9->P13->P17
18,DRF-RH-NoDeadlinePenalty,20,261.0,535.0,168.33333333333334,216.56595359258154,40.0,96.25324502121657,0.1532567049808429,P18->P7->P16->P5->P19->P3->P1->P14->P6->P12->P20->P2->P10->P4->P17->P13->P15->P11->P8->P9
18,DRF-RH-NoTopKBonus,20,261.0,535.0,168.33333333333334,216.56595359258154,40.0,94.25811801338568,0.1532567049808429,P18->P7->P16->P5->P19->P3->P1->P14->P6->P12->P20->P2->P10->P4->P17->P13->P15->P11->P8->P9
18,DRF-RH-NoHybridPool,20,261.0,535.0,168.33333333333334,216.56595359258154,40.0,88.36478099692613,0.1532567049808429,P18->P7->P16->P5->P19->P3->P1->P14->P6->P12->P20->P2->P10->P4->P17->P13->P15->P11->P8->P9
18,DRF-RH-NoDynamicRiskField,20,261.0,535.0,168.33333333333334,216.56595359258154,40.0,95.28160898480564,0.1532567049808429,P18->P7->P16->P5->P19->P3->P1->P14->P6->P12->P20->P2->P10->P4->P17->P13->P15->P11->P8->P9
19,DRF-RH-Full,20,215.0,458.33333333333337,104.0,191.00455101193293,80.0,83.56797101441771,0.37209302325581395,P4->P18->P16->P11->P20->P10->P3->P2->P14->P17->P15->P6->P13->P12->P8->P9->P19->P7->P5->P1
19,DRF-RH-Horizon1,20,208.0,446.66666666666674,68.33333333333334,185.83885247220667,80.0,33.910645986907184,0.38461538461538464,P4->P18->P16->P11->P20->P8->P12->P10->P13->P2->P17->P15->P3->P14->P5->P1->P6->P7->P19->P9
19,DRF-RH-BaseScoreOnly,20,446.0,843.3333333333334,208.66666666666669,361.95370926478813,60.0,80.53129201289266,0.13452914798206278,P20->P16->P4->P2->P11->P10->P3->P8->P15->P18->P7->P6->P17->P5->P12->P14->P1->P19->P13->P9
19,DRF-RH-NoPathTimePenalty,20,231.0,484.99999999999994,68.33333333333334,184.9986687565294,80.0,83.14269699621946,0.3463203463203463,P4->P18->P16->P11->P20->P8->P10->P3->P2->P6->P15->P17->P5->P14->P7->P19->P9->P12->P13->P1
19,DRF-RH-NoPriorityCompletion,20,235.0,491.66666666666663,75.66666666666667,188.42502501475877,60.0,84.24098900286481,0.2553191489361702,P4->P18->P16->P11->P10->P20->P8->P2->P3->P17->P15->P5->P14->P7->P6->P13->P1->P12->P9->P19
19,DRF-RH-NoDeadlinePenalty,20,215.0,458.33333333333337,104.0,191.00455101193293,80.0,83.88261904474348,0.37209302325581395,P4->P18->P16->P11->P20->P10->P3->P2->P14->P17->P15->P6->P13->P12->P8->P9->P19->P7->P5->P1
19,DRF-RH-NoTopKBonus,20,229.0,481.6666666666667,110.33333333333334,188.42263635601603,80.0,83.65155599312857,0.34934497816593885,P4->P18->P16->P11->P20->P10->P3->P2->P14->P17->P15->P5->P6->P13->P12->P8->P9->P19->P7->P1
19,DRF-RH-NoHybridPool,20,219.0,465.00000000000006,107.00000000000003,182.85637866451768,80.0,74.0783879882656,0.365296803652968,P4->P18->P16->P10->P20->P11->P2->P14->P3->P5->P17->P15->P6->P13->P12->P8->P9->P19->P7->P1
19,DRF-RH-NoDynamicRiskField,20,215.0,458.33333333333337,104.0,191.00455101193293,80.0,80.71186195593327,0.37209302325581395,P4->P18->P16->P11->P20->P10->P3->P2->P14->P17->P15->P6->P13->P12->P8->P9->P19->P7->P5->P1
20,DRF-RH-Full,20,181.0,401.66666666666663,99.33333333333334,159.22992852238457,60.0,75.40670805610716,0.3314917127071823,P17->P19->P15->P9->P7->P1->P20->P2->P11->P5->P3->P13->P18->P4->P12->P16->P10->P6->P14->P8
20,DRF-RH-Horizon1,20,184.0,406.6666666666667,112.33333333333334,166.16045301526214,60.0,30.998601054307073,0.32608695652173914,P17->P19->P15->P9->P7->P10->P18->P12->P13->P11->P20->P2->P1->P14->P6->P16->P4->P8->P3->P5
20,DRF-RH-BaseScoreOnly,20,345.0,675.0,157.99999999999997,277.5163419541175,60.0,75.79269399866462,0.17391304347826086,P17->P20->P15->P19->P9->P11->P1->P2->P7->P18->P5->P13->P14->P4->P12->P6->P8->P3->P10->P16
20,DRF-RH-NoPathTimePenalty,20,241.0,501.6666666666667,94.33333333333333,166.76365357772957,60.0,75.18443599110469,0.24896265560165975,P17->P19->P15->P7->P1->P20->P2->P11->P5->P18->P13->P14->P9->P4->P12->P8->P6->P3->P10->P16
20,DRF-RH-NoPriorityCompletion,20,225.0,475.0,117.0,199.4708953853078,60.0,77.08614197326824,0.26666666666666666,P17->P15->P19->P20->P2->P11->P1->P9->P7->P18->P12->P13->P5->P3->P14->P6->P10->P4->P16->P8
20,DRF-RH-NoDeadlinePenalty,20,181.0,401.66666666666663,99.33333333333334,159.22992852238457,60.0,76.04528800584376,0.3314917127071823,P17->P19->P15->P9->P7->P1->P20->P2->P11->P5->P3->P13->P18->P4->P12->P16->P10->P6->P14->P8
20,DRF-RH-NoTopKBonus,20,181.0,401.66666666666663,99.33333333333334,159.22992852238457,60.0,80.10616799583659,0.3314917127071823,P17->P19->P15->P9->P7->P1->P20->P2->P11->P5->P3->P13->P18->P4->P12->P16->P10->P6->P14->P8
20,DRF-RH-NoHybridPool,20,181.0,401.66666666666663,99.33333333333334,159.22992852238457,60.0,70.93958498444408,0.3314917127071823,P17->P19->P15->P9->P7->P1->P20->P2->P11->P5->P3->P13->P18->P4->P12->P16->P10->P6->P14->P8
20,DRF-RH-NoDynamicRiskField,20,181.0,401.66666666666663,99.33333333333334,159.22992852238457,60.0,73.28125898493454,0.3314917127071823,P17->P19->P15->P9->P7->P1->P20->P2->P11->P5->P3->P13->P18->P4->P12->P16->P10->P6->P14->P8
21,DRF-RH-Full,20,243.0,505.00000000000006,133.33333333333334,194.92020451387674,60.0,79.12919600494206,0.24691358024691357,P12->P8->P10->P15->P11->P7->P5->P13->P20->P4->P2->P1->P9->P18->P16->P14->P3->P17->P6->P19
21,DRF-RH-Horizon1,20,219.0,465.00000000000006,144.44444444444446,178.6757848829632,40.0,30.921976955141872,0.182648401826484,P12->P8->P10->P15->P2->P7->P5->P13->P3->P17->P6->P20->P4->P11->P9->P1->P18->P16->P14->P19
21,DRF-RH-BaseScoreOnly,20,396.0,760.0,152.5,269.97372897363226,80.0,76.34518202394247,0.20202020202020202,P8->P12->P11->P7->P5->P20->P15->P13->P10->P18->P2->P4->P1->P9->P14->P19->P3->P17->P16->P6
21,DRF-RH-NoPathTimePenalty,20,268.0,546.6666666666667,130.00000000000003,197.4938919854416,60.0,77.78913201764226,0.22388059701492538,P12->P8->P15->P11->P7->P5->P13->P20->P4->P2->P10->P18->P16->P14->P3->P1->P9->P19->P17->P6
21,DRF-RH-NoPriorityCompletion,20,245.0,508.33333333333337,135.83333333333337,210.13130430613154,60.0,77.92861800407991,0.24489795918367346,P12->P11->P8->P15->P7->P20->P13->P5->P10->P2->P1->P18->P16->P14->P3->P17->P6->P4->P19->P9
21,DRF-RH-NoDeadlinePenalty,20,243.0,505.00000000000006,133.33333333333334,194.92020451387674,60.0,80.12990100542083,0.24691358024691357,P12->P8->P10->P15->P11->P7->P5->P13->P20->P4->P2->P1->P9->P18->P16->P14->P3->P17->P6->P19
21,DRF-RH-NoTopKBonus,20,222.0,470.0,144.72222222222226,186.6482391688389,60.0,78.80232599563897,0.2702702702702703,P12->P8->P10->P15->P11->P7->P5->P13->P14->P2->P1->P9->P19->P20->P4->P18->P16->P3->P17->P6
21,DRF-RH-NoHybridPool,20,243.0,505.00000000000006,133.33333333333334,194.92020451387674,60.0,70.36240602610633,0.24691358024691357,P12->P8->P10->P15->P11->P7->P5->P13->P20->P4->P2->P1->P9->P18->P16->P14->P3->P17->P6->P19
21,DRF-RH-NoDynamicRiskField,20,243.0,505.00000000000006,133.33333333333334,194.92020451387674,60.0,77.30829896172509,0.24691358024691357,P12->P8->P10->P15->P11->P7->P5->P13->P20->P4->P2->P1->P9->P18->P16->P14->P3->P17->P6->P19
22,DRF-RH-Full,20,243.0,504.99999999999994,123.33333333333334,187.34018891657834,60.0,83.79783999407664,0.24691358024691357,P6->P2->P9->P7->P13->P16->P15->P5->P10->P1->P14->P12->P11->P18->P3->P8->P4->P19->P17->P20
22,DRF-RH-Horizon1,20,219.0,464.99999999999994,170.0,189.92978387910748,40.0,33.146355010103434,0.182648401826484,P14->P20->P6->P2->P9->P7->P3->P18->P13->P16->P4->P15->P10->P5->P1->P17->P19->P11->P12->P8
22,DRF-RH-BaseScoreOnly,20,401.0,768.3333333333335,181.66666666666669,313.16309746322753,80.0,83.41727301012725,0.19950124688279303,P2->P10->P13->P6->P9->P14->P15->P16->P18->P7->P1->P17->P5->P8->P3->P12->P11->P19->P4->P20
22,DRF-RH-NoPathTimePenalty,20,313.0,621.6666666666666,150.83333333333334,229.5273782526885,40.0,86.09236998017877,0.12779552715654952,P6->P2->P18->P13->P15->P10->P14->P7->P9->P3->P16->P17->P5->P1->P12->P11->P19->P8->P4->P20
22,DRF-RH-NoPriorityCompletion,20,261.0,534.9999999999999,127.50000000000001,210.5900676655995,60.0,87.6983100315556,0.22988505747126436,P2->P6->P9->P13->P15->P1->P10->P5->P14->P18->P7->P3->P8->P16->P17->P19->P4->P11->P12->P20
22,DRF-RH-NoDeadlinePenalty,20,243.0,504.99999999999994,123.33333333333334,187.34018891657834,60.0,83.90444598626345,0.24691358024691357,P6->P2->P9->P7->P13->P16->P15->P5->P10->P1->P14->P12->P11->P18->P3->P8->P4->P19->P17->P20
22,DRF-RH-NoTopKBonus,20,253.0,521.6666666666667,173.33333333333337,196.85589804435529,40.0,87.21622999291867,0.15810276679841898,P6->P2->P7->P16->P13->P15->P5->P10->P1->P14->P12->P11->P18->P9->P3->P8->P4->P19->P17->P20
22,DRF-RH-NoHybridPool,20,255.0,525.0,119.58333333333334,191.36011961581394,60.0,76.16691995644942,0.23529411764705882,P6->P2->P9->P7->P13->P15->P5->P10->P1->P17->P16->P18->P14->P12->P11->P3->P8->P4->P19->P20
22,DRF-RH-NoDynamicRiskField,20,243.0,504.99999999999994,123.33333333333334,187.34018891657834,60.0,83.52153899613768,0.24691358024691357,P6->P2->P9->P7->P13->P16->P15->P5->P10->P1->P14->P12->P11->P18->P3->P8->P4->P19->P17->P20
23,DRF-RH-Full,20,235.0,491.66666666666674,136.45833333333334,181.99372764210838,80.0,81.93814702099189,0.3404255319148936,P15->P19->P1->P13->P12->P4->P20->P10->P5->P9->P8->P11->P6->P18->P14->P17->P3->P2->P7->P16
23,DRF-RH-Horizon1,20,206.0,443.33333333333337,148.33333333333331,196.26569498717498,80.0,31.890294048935175,0.3883495145631068,P15->P2->P19->P13->P12->P4->P20->P16->P10->P5->P9->P1->P8->P18->P6->P11->P14->P17->P3->P7
23,DRF-RH-BaseScoreOnly,20,445.0,841.6666666666666,191.45833333333331,321.2462661798795,100.0,77.86558702355251,0.2247191011235955,P13->P12->P4->P19->P8->P15->P1->P5->P20->P18->P10->P6->P11->P17->P7->P9->P2->P14->P16->P3
23,DRF-RH-NoPathTimePenalty,20,265.0,541.6666666666667,137.70833333333334,199.90260037406566,80.0,80.8831580216065,0.3018867924528302,P15->P12->P13->P1->P19->P8->P5->P4->P20->P18->P6->P11->P9->P10->P14->P17->P2->P3->P7->P16
23,DRF-RH-NoPriorityCompletion,20,291.0,585.0000000000001,171.87500000000003,238.5021609462838,80.0,81.04299998376518,0.27491408934707906,P19->P8->P13->P12->P1->P4->P20->P5->P10->P15->P18->P6->P11->P9->P14->P17->P3->P2->P7->P16
23,DRF-RH-NoDeadlinePenalty,20,235.0,491.66666666666674,136.45833333333334,181.99372764210838,80.0,80.97227499820292,0.3404255319148936,P15->P19->P1->P13->P12->P4->P20->P10->P5->P9->P8->P11->P6->P18->P14->P17->P3->P2->P7->P16
23,DRF-RH-NoTopKBonus,20,237.0,495.00000000000006,136.45833333333334,178.42662321564478,80.0,79.62220598710701,0.33755274261603374,P15->P19->P1->P12->P13->P5->P10->P4->P20->P18->P6->P11->P8->P9->P14->P17->P3->P2->P7->P16
23,DRF-RH-NoHybridPool,20,255.0,525.0,136.875,189.5841613659956,80.0,73.58739798655733,0.3137254901960784,P15->P19->P1->P13->P12->P5->P20->P4->P18->P6->P11->P8->P14->P9->P10->P17->P3->P2->P7->P16
23,DRF-RH-NoDynamicRiskField,20,235.0,491.66666666666674,136.45833333333334,181.99372764210838,80.0,78.88064399594441,0.3404255319148936,P15->P19->P1->P13->P12->P4->P20->P10->P5->P9->P8->P11->P6->P18->P14->P17->P3->P2->P7->P16
24,DRF-RH-Full,20,201.0,435.0,137.5757575757576,167.86886423613507,100.0,79.7540579806082,0.4975124378109453,P6->P14->P10->P2->P8->P19->P4->P9->P11->P17->P15->P12->P16->P13->P1->P18->P5->P7->P3->P20
24,DRF-RH-Horizon1,20,216.0,459.99999999999994,142.57575757575754,166.4775068455571,80.0,30.838384001981467,0.37037037037037035,P6->P14->P16->P10->P2->P9->P11->P15->P17->P19->P18->P5->P8->P4->P7->P13->P1->P3->P20->P12
24,DRF-RH-BaseScoreOnly,20,404.0,773.3333333333331,321.51515151515144,363.6900879754778,100.0,76.60551799926907,0.24752475247524752,P19->P2->P6->P18->P8->P11->P1->P14->P17->P12->P15->P9->P10->P4->P16->P13->P5->P20->P7->P3
24,DRF-RH-NoPathTimePenalty,20,270.0,550.0,140.15151515151516,178.30743738700684,100.0,79.3881859863177,0.37037037037037035,P6->P14->P2->P8->P19->P10->P9->P11->P17->P15->P4->P18->P5->P1->P16->P12->P20->P7->P13->P3
24,DRF-RH-NoPriorityCompletion,20,235.0,491.6666666666668,153.63636363636368,189.06862560922718,100.0,78.51983502041548,0.425531914893617,P6->P14->P2->P8->P19->P18->P10->P9->P11->P17->P15->P12->P16->P4->P1->P13->P5->P7->P3->P20
24,DRF-RH-NoDeadlinePenalty,20,201.0,435.0,137.5757575757576,167.86886423613507,100.0,80.94515500124544,0.4975124378109453,P6->P14->P10->P2->P8->P19->P4->P9->P11->P17->P15->P12->P16->P13->P1->P18->P5->P7->P3->P20
24,DRF-RH-NoTopKBonus,20,197.0,428.3333333333333,175.30303030303028,172.44486522174313,40.0,78.85393896140158,0.20304568527918782,P12->P6->P11->P17->P2->P10->P9->P4->P19->P8->P5->P18->P1->P13->P16->P14->P15->P20->P3->P7
24,DRF-RH-NoHybridPool,20,201.0,435.0,137.5757575757576,167.86886423613507,100.0,72.14944902807474,0.4975124378109453,P6->P14->P10->P2->P8->P19->P4->P9->P11->P17->P15->P12->P16->P13->P1->P18->P5->P7->P3->P20
24,DRF-RH-NoDynamicRiskField,20,201.0,435.0,137.5757575757576,167.86886423613507,100.0,79.02954600285739,0.4975124378109453,P6->P14->P10->P2->P8->P19->P4->P9->P11->P17->P15->P12->P16->P13->P1->P18->P5->P7->P3->P20
25,DRF-RH-Full,20,221.0,468.3333333333333,113.75000000000001,173.70600042126011,100.0,84.49616201687604,0.45248868778280543,P18->P15->P11->P12->P5->P4->P1->P16->P3->P2->P19->P9->P14->P6->P20->P17->P7->P8->P10->P13
25,DRF-RH-Horizon1,20,224.0,473.33333333333326,116.45833333333334,185.5344678606335,100.0,33.24293898185715,0.44642857142857145,P18->P15->P11->P12->P5->P4->P16->P3->P1->P6->P9->P19->P10->P13->P8->P7->P20->P17->P14->P2
25,DRF-RH-BaseScoreOnly,20,455.0,858.3333333333334,283.125,344.0505179989692,80.0,80.49261901760474,0.17582417582417584,P12->P16->P15->P4->P1->P2->P17->P11->P19->P18->P7->P20->P9->P3->P5->P6->P8->P10->P14->P13
25,DRF-RH-NoPathTimePenalty,20,299.0,598.3333333333333,117.08333333333334,190.62250197069895,100.0,83.51211698027328,0.33444816053511706,P18->P15->P11->P12->P4->P16->P1->P5->P19->P2->P9->P17->P20->P7->P8->P10->P6->P14->P3->P13
25,DRF-RH-NoPriorityCompletion,20,256.0,526.6666666666665,161.875,220.0129278158416,100.0,81.84072998119518,0.390625,P16->P4->P12->P11->P15->P19->P18->P2->P1->P17->P20->P5->P9->P14->P3->P6->P10->P13->P7->P8
25,DRF-RH-NoDeadlinePenalty,20,221.0,468.3333333333333,113.75000000000001,173.70600042126011,100.0,81.42139401752502,0.45248868778280543,P18->P15->P11->P12->P5->P4->P1->P16->P3->P2->P19->P9->P14->P6->P20->P17->P7->P8->P10->P13
25,DRF-RH-NoTopKBonus,20,206.0,443.33333333333326,184.99999999999994,193.21889445950157,80.0,81.10862504690886,0.3883495145631068,P2->P15->P11->P4->P16->P3->P1->P6->P9->P5->P19->P12->P7->P8->P10->P13->P18->P14->P20->P17
25,DRF-RH-NoHybridPool,20,257.0,528.3333333333333,152.5,189.1292192500508,80.0,74.05490102246404,0.311284046692607,P2->P15->P11->P12->P5->P4->P16->P3->P1->P6->P9->P19->P18->P10->P8->P7->P17->P20->P14->P13
25,DRF-RH-NoDynamicRiskField,20,221.0,468.3333333333333,113.75000000000001,173.70600042126011,100.0,81.28614095039666,0.45248868778280543,P18->P15->P11->P12->P5->P4->P1->P16->P3->P2->P19->P9->P14->P6->P20->P17->P7->P8->P10->P13
26,DRF-RH-Full,20,183.0,404.99999999999994,86.11111111111113,156.4607982083733,40.0,80.73812298243865,0.2185792349726776,P1->P15->P4->P2->P20->P5->P17->P8->P13->P9->P12->P19->P10->P16->P11->P7->P14->P6->P18->P3
26,DRF-RH-Horizon1,20,149.0,348.33333333333337,106.66666666666667,148.55267034026346,20.0,31.50863799965009,0.1342281879194631,P1->P15->P7->P19->P4->P2->P20->P11->P16->P10->P8->P17->P5->P13->P9->P12->P14->P6->P18->P3
26,DRF-RH-BaseScoreOnly,20,343.0,671.6666666666666,150.0,238.67257753157116,40.0,76.34926197351888,0.11661807580174927,P1->P4->P2->P15->P20->P5->P9->P13->P8->P17->P19->P12->P10->P14->P6->P11->P16->P18->P7->P3
26,DRF-RH-NoPathTimePenalty,20,213.0,455.00000000000006,86.11111111111113,154.57184192451186,40.0,75.88478201068938,0.18779342723004694,P1->P15->P4->P2->P20->P5->P17->P8->P13->P9->P12->P19->P10->P11->P16->P18->P6->P14->P7->P3
26,DRF-RH-NoPriorityCompletion,20,179.0,398.33333333333326,86.11111111111113,157.01353923447843,40.0,77.31143798446283,0.22346368715083798,P1->P15->P4->P2->P20->P5->P17->P8->P13->P9->P12->P19->P10->P16->P11->P7->P14->P6->P3->P18
26,DRF-RH-NoDeadlinePenalty,20,183.0,404.99999999999994,86.11111111111113,156.4607982083733,40.0,79.23096301965415,0.2185792349726776,P1->P15->P4->P2->P20->P5->P17->P8->P13->P9->P12->P19->P10->P16->P11->P7->P14->P6->P18->P3
26,DRF-RH-NoTopKBonus,20,169.0,381.6666666666667,111.66666666666667,146.5152154197867,20.0,77.90464599383995,0.11834319526627218,P1->P15->P4->P2->P9->P13->P8->P17->P5->P20->P11->P10->P16->P19->P12->P18->P6->P3->P14->P7
26,DRF-RH-NoHybridPool,20,183.0,404.99999999999994,86.11111111111113,156.4607982083733,40.0,71.24432799173519,0.2185792349726776,P1->P15->P4->P2->P20->P5->P17->P8->P13->P9->P12->P19->P10->P16->P11->P7->P14->P6->P18->P3
26,DRF-RH-NoDynamicRiskField,20,183.0,404.99999999999994,86.11111111111113,156.4607982083733,40.0,78.30270897829905,0.2185792349726776,P1->P15->P4->P2->P20->P5->P17->P8->P13->P9->P12->P19->P10->P16->P11->P7->P14->P6->P18->P3
27,DRF-RH-Full,20,225.0,475.0,95.66666666666667,194.61178793960835,80.0,99.9017670401372,0.35555555555555557,P2->P10->P18->P19->P5->P14->P15->P9->P4->P12->P11->P20->P17->P8->P1->P3->P13->P16->P7->P6
27,DRF-RH-Horizon1,20,204.0,440.0,108.33333333333334,180.453257530806,60.0,42.44338202988729,0.29411764705882354,P2->P6->P10->P18->P12->P19->P14->P5->P15->P9->P4->P17->P8->P11->P20->P3->P1->P13->P7->P16
27,DRF-RH-BaseScoreOnly,20,414.0,789.9999999999999,143.33333333333334,274.23206886364216,40.0,93.54542702203616,0.0966183574879227,P2->P18->P5->P9->P14->P19->P4->P10->P15->P3->P12->P1->P16->P11->P6->P20->P17->P8->P7->P13
27,DRF-RH-NoPathTimePenalty,20,310.0,616.6666666666667,92.66666666666669,202.69503268689462,80.0,95.97872401354834,0.25806451612903225,P2->P10->P18->P19->P14->P5->P9->P4->P15->P12->P3->P1->P6->P16->P11->P8->P17->P20->P13->P7
27,DRF-RH-NoPriorityCompletion,20,260.0,533.3333333333334,92.66666666666669,204.7400107026705,80.0,96.7462999979034,0.3076923076923077,P2->P10->P18->P19->P14->P5->P9->P4->P15->P12->P6->P3->P1->P11->P20->P17->P8->P13->P7->P16
27,DRF-RH-NoDeadlinePenalty,20,225.0,475.0,95.66666666666667,194.61178793960835,80.0,98.86027098400518,0.35555555555555557,P2->P10->P18->P19->P5->P14->P15->P9->P4->P12->P11->P20->P17->P8->P1->P3->P13->P16->P7->P6
27,DRF-RH-NoTopKBonus,20,248.0,513.3333333333334,134.33333333333331,217.5774439468723,40.0,98.8318920135498,0.16129032258064516,P2->P18->P5->P14->P15->P19->P9->P4->P12->P10->P6->P3->P11->P20->P17->P8->P1->P13->P7->P16
27,DRF-RH-NoHybridPool,20,225.0,475.0000000000001,95.66666666666669,194.91844555745232,80.0,89.74981098435819,0.35555555555555557,P2->P10->P18->P19->P5->P15->P14->P9->P4->P12->P11->P20->P17->P8->P1->P3->P13->P16->P7->P6
27,DRF-RH-NoDynamicRiskField,20,225.0,475.0,95.66666666666667,194.61178793960835,80.0,99.58070301217958,0.35555555555555557,P2->P10->P18->P19->P5->P14->P15->P9->P4->P12->P11->P20->P17->P8->P1->P3->P13->P16->P7->P6
28,DRF-RH-Full,20,235.0,491.66666666666663,94.44444444444444,163.6467017816878,100.0,81.18522999575362,0.425531914893617,P13->P18->P5->P8->P3->P2->P16->P20->P9->P10->P6->P11->P14->P19->P7->P4->P15->P17->P1->P12
28,DRF-RH-Horizon1,20,247.0,511.66666666666663,94.44444444444444,173.14643270263707,100.0,34.48040399234742,0.4048582995951417,P13->P18->P5->P8->P3->P2->P16->P20->P9->P1->P4->P15->P7->P19->P14->P10->P11->P6->P17->P12
28,DRF-RH-BaseScoreOnly,20,454.0,856.6666666666666,235.37037037037038,321.90835225127427,100.0,81.87186601571739,0.22026431718061673,P2->P3->P18->P13->P8->P16->P10->P14->P5->P20->P6->P9->P7->P4->P12->P1->P17->P15->P11->P19
28,DRF-RH-NoPathTimePenalty,20,269.0,548.3333333333334,103.88888888888889,173.42394597660066,100.0,79.9377950024791,0.37174721189591076,P13->P18->P8->P3->P2->P16->P20->P9->P10->P5->P14->P6->P7->P4->P15->P1->P19->P12->P11->P17
28,DRF-RH-NoPriorityCompletion,20,245.0,508.33333333333326,119.62962962962963,183.6716548702895,100.0,83.58176302863285,0.40816326530612246,P18->P3->P2->P16->P20->P9->P10->P8->P5->P14->P13->P6->P11->P1->P4->P15->P17->P7->P19->P12
28,DRF-RH-NoDeadlinePenalty,20,235.0,491.66666666666663,94.44444444444444,163.6467017816878,100.0,82.47667702380568,0.425531914893617,P13->P18->P5->P8->P3->P2->P16->P20->P9->P10->P6->P11->P14->P19->P7->P4->P15->P17->P1->P12
28,DRF-RH-NoTopKBonus,20,241.0,501.66666666666663,109.25925925925928,169.34207530409202,80.0,81.19694498600438,0.33195020746887965,P13->P18->P8->P10->P3->P2->P16->P20->P9->P5->P14->P6->P11->P19->P7->P4->P15->P17->P1->P12
28,DRF-RH-NoHybridPool,20,235.0,491.66666666666663,94.44444444444444,163.6467017816878,100.0,78.12601403566077,0.425531914893617,P13->P18->P5->P8->P3->P2->P16->P20->P9->P10->P6->P11->P14->P19->P7->P4->P15->P17->P1->P12
28,DRF-RH-NoDynamicRiskField,20,235.0,491.66666666666663,94.44444444444444,163.6467017816878,100.0,82.5857559684664,0.425531914893617,P13->P18->P5->P8->P3->P2->P16->P20->P9->P10->P6->P11->P14->P19->P7->P4->P15->P17->P1->P12
29,DRF-RH-Full,20,242.0,503.3333333333334,124.44444444444446,196.57556274797923,40.0,84.88094597123563,0.1652892561983471,P13->P10->P12->P17->P20->P8->P9->P2->P7->P19->P3->P18->P4->P15->P5->P14->P16->P1->P11->P6
29,DRF-RH-Horizon1,20,192.0,420.0,126.11111111111113,201.84871295933706,40.0,35.5935120023787,0.20833333333333334,P13->P10->P12->P17->P20->P8->P1->P9->P4->P7->P19->P6->P11->P2->P5->P14->P16->P15->P3->P18
29,DRF-RH-BaseScoreOnly,20,430.0,816.6666666666669,246.6666666666667,365.50260320508283,40.0,78.40119203319773,0.09302325581395349,P10->P20->P7->P12->P8->P13->P5->P19->P15->P2->P17->P1->P9->P18->P3->P11->P4->P6->P14->P16
29,DRF-RH-NoPathTimePenalty,20,284.0,573.3333333333333,131.11111111111111,212.07634279174124,20.0,77.48027396155521,0.07042253521126761,P13->P10->P12->P20->P8->P17->P7->P19->P2->P5->P15->P9->P3->P18->P1->P4->P11->P14->P16->P6
29,DRF-RH-NoPriorityCompletion,20,248.0,513.3333333333333,126.11111111111113,227.64195742359047,40.0,88.81678798934445,0.16129032258064516,P10->P12->P20->P8->P17->P7->P19->P2->P13->P5->P15->P9->P1->P18->P3->P4->P14->P16->P11->P6
29,DRF-RH-NoDeadlinePenalty,20,242.0,503.3333333333334,124.44444444444446,196.57556274797923,40.0,79.50761797837913,0.1652892561983471,P13->P10->P12->P17->P20->P8->P9->P2->P7->P19->P3->P18->P4->P15->P5->P14->P16->P1->P11->P6
29,DRF-RH-NoTopKBonus,20,198.0,430.0,125.55555555555559,178.40767668179276,40.0,79.60200001252815,0.20202020202020202,P13->P10->P12->P17->P9->P20->P8->P1->P18->P3->P7->P19->P11->P2->P5->P15->P14->P16->P4->P6
29,DRF-RH-NoHybridPool,20,224.0,473.3333333333333,125.00000000000001,186.72716369667907,40.0,70.330944028683,0.17857142857142858,P13->P10->P12->P17->P20->P8->P9->P18->P3->P7->P19->P11->P2->P5->P15->P14->P16->P4->P1->P6
29,DRF-RH-NoDynamicRiskField,20,242.0,503.3333333333334,124.44444444444446,196.57556274797923,40.0,76.66813698597252,0.1652892561983471,P13->P10->P12->P17->P20->P8->P9->P2->P7->P19->P3->P18->P4->P15->P5->P14->P16->P1->P11->P6
